-- MySQL dump 10.13  Distrib 5.6.17, for Win32 (x86)
--
-- Host: localhost    Database: eclectica
-- ------------------------------------------------------
-- Server version	5.6.17

/*!40101 SET @OLD_CHARACTER_SET_CLIENT=@@CHARACTER_SET_CLIENT */;
/*!40101 SET @OLD_CHARACTER_SET_RESULTS=@@CHARACTER_SET_RESULTS */;
/*!40101 SET @OLD_COLLATION_CONNECTION=@@COLLATION_CONNECTION */;
/*!40101 SET NAMES utf8 */;
/*!40103 SET @OLD_TIME_ZONE=@@TIME_ZONE */;
/*!40103 SET TIME_ZONE='+00:00' */;
/*!40014 SET @OLD_UNIQUE_CHECKS=@@UNIQUE_CHECKS, UNIQUE_CHECKS=0 */;
/*!40014 SET @OLD_FOREIGN_KEY_CHECKS=@@FOREIGN_KEY_CHECKS, FOREIGN_KEY_CHECKS=0 */;
/*!40101 SET @OLD_SQL_MODE=@@SQL_MODE, SQL_MODE='NO_AUTO_VALUE_ON_ZERO' */;
/*!40111 SET @OLD_SQL_NOTES=@@SQL_NOTES, SQL_NOTES=0 */;

--
-- Table structure for table `color`
--

DROP TABLE IF EXISTS `color`;
/*!40101 SET @saved_cs_client     = @@character_set_client */;
/*!40101 SET character_set_client = utf8 */;
CREATE TABLE `color` (
  `idColor` int(11) NOT NULL AUTO_INCREMENT,
  `detalleColor` varchar(45) DEFAULT NULL,
  PRIMARY KEY (`idColor`)
) ENGINE=InnoDB AUTO_INCREMENT=53 DEFAULT CHARSET=utf8;
/*!40101 SET character_set_client = @saved_cs_client */;

--
-- Dumping data for table `color`
--

LOCK TABLES `color` WRITE;
/*!40000 ALTER TABLE `color` DISABLE KEYS */;
INSERT INTO `color` VALUES (1,'Blanco'),(2,'Gris'),(3,'GRIS OSCURO'),(4,'AZUL FRANCIA'),(5,'AZUL MARINO'),(6,'ROJO'),(7,'BORDO'),(8,'VERDE ESMERALDA'),(9,'VERDE SECO'),(10,'VERDE MUSGO'),(11,'VERDE MANZANA'),(12,'VERDE AGUA'),(13,'VERDE PETROLEO'),(14,'AZUL PETROLEO'),(15,'ROSA'),(16,'NARANJA'),(17,'CORAL'),(18,'SALMON'),(19,'FUXIA'),(20,'LACRE'),(21,'LADRILLO'),(22,'CELESTE'),(23,'AZUL OSCURO'),(24,'TURQUESA'),(25,'CAMEL'),(26,'CHOCOLATE'),(27,'VISON'),(28,'MANTECA'),(29,'BEIGE'),(30,'TOSTADO'),(31,'LILA'),(32,'VIOLETA'),(33,'AMARILLO'),(34,'MOSTAZA'),(35,'FLUO'),(36,'DORADO'),(37,'PLATEADO'),(38,'NEGRO'),(39,'VERDE BOTELLA'),(40,'NEGRO C/VERDE-SALMON-LAVANDA'),(41,'AZUL-CELESTE'),(42,'LAVANDA-BEIGE'),(43,'LAVANDA'),(44,'VISON'),(45,'BLANCO Y VERDE'),(46,'MAIZ (VERA)'),(47,'CENIZA-BEIGE'),(48,'PENELOPE-FUXIA'),(49,'LAGO-AZUL FRANCIA'),(50,'VERDE-AMAR-ROSA-BCO'),(51,'FUXIA-ROSA-AMAR'),(52,'AZUL-BLANCO');
/*!40000 ALTER TABLE `color` ENABLE KEYS */;
UNLOCK TABLES;

--
-- Table structure for table `empresa`
--

DROP TABLE IF EXISTS `empresa`;
/*!40101 SET @saved_cs_client     = @@character_set_client */;
/*!40101 SET character_set_client = utf8 */;
CREATE TABLE `empresa` (
  `idEmpresa` int(11) NOT NULL AUTO_INCREMENT,
  `nombreEmpresa` varchar(45) DEFAULT NULL,
  `dirEmpresa` varchar(50) NOT NULL,
  `cuitEmpresa` varchar(13) NOT NULL,
  `telEmpresa` varchar(20) NOT NULL,
  `emailEmpresa` varchar(100) NOT NULL,
  `logoEmpresa` varchar(200) NOT NULL,
  PRIMARY KEY (`idEmpresa`)
) ENGINE=InnoDB AUTO_INCREMENT=2 DEFAULT CHARSET=utf8;
/*!40101 SET character_set_client = @saved_cs_client */;

--
-- Dumping data for table `empresa`
--

LOCK TABLES `empresa` WRITE;
/*!40000 ALTER TABLE `empresa` DISABLE KEYS */;
INSERT INTO `empresa` VALUES (1,'Eclectica Esperanza','25 de mayo 1458','---','03496 430854','eclectica.esperanza@facebook.com','logo.png');
/*!40000 ALTER TABLE `empresa` ENABLE KEYS */;
UNLOCK TABLES;

--
-- Table structure for table `entrega`
--

DROP TABLE IF EXISTS `entrega`;
/*!40101 SET @saved_cs_client     = @@character_set_client */;
/*!40101 SET character_set_client = utf8 */;
CREATE TABLE `entrega` (
  `idEntrega` int(11) NOT NULL AUTO_INCREMENT,
  `idCliente` int(11) NOT NULL,
  `idVendedor` int(11) DEFAULT NULL,
  `valorEntrega` double NOT NULL,
  `fechaEntrega` timestamp NOT NULL DEFAULT CURRENT_TIMESTAMP ON UPDATE CURRENT_TIMESTAMP,
  `inicial` varchar(2) NOT NULL,
  `tipo` varchar(1) NOT NULL DEFAULT 'E',
  PRIMARY KEY (`idEntrega`),
  KEY `fk_Entrega_Persona1_idx` (`idCliente`),
  KEY `fk_Entrega_Persona2_idx` (`idVendedor`),
  CONSTRAINT `fk_Entrega_Persona1` FOREIGN KEY (`idCliente`) REFERENCES `persona` (`idPersona`) ON DELETE NO ACTION ON UPDATE NO ACTION,
  CONSTRAINT `fk_Entrega_Persona2` FOREIGN KEY (`idVendedor`) REFERENCES `persona` (`idPersona`) ON DELETE NO ACTION ON UPDATE NO ACTION
) ENGINE=InnoDB AUTO_INCREMENT=4 DEFAULT CHARSET=utf8;
/*!40101 SET character_set_client = @saved_cs_client */;

--
-- Dumping data for table `entrega`
--

LOCK TABLES `entrega` WRITE;
/*!40000 ALTER TABLE `entrega` DISABLE KEYS */;
INSERT INTO `entrega` VALUES (1,1,NULL,0,'2014-08-05 14:57:52','S','E'),(2,2,NULL,550,'2014-08-05 14:58:48','S','E'),(3,2,1,99,'2014-08-08 05:35:21','N','C');
/*!40000 ALTER TABLE `entrega` ENABLE KEYS */;
UNLOCK TABLES;

--
-- Table structure for table `estacion`
--

DROP TABLE IF EXISTS `estacion`;
/*!40101 SET @saved_cs_client     = @@character_set_client */;
/*!40101 SET character_set_client = utf8 */;
CREATE TABLE `estacion` (
  `idEstacion` int(11) NOT NULL AUTO_INCREMENT,
  `detalleEstacion` varchar(45) DEFAULT NULL,
  PRIMARY KEY (`idEstacion`)
) ENGINE=InnoDB AUTO_INCREMENT=5 DEFAULT CHARSET=utf8;
/*!40101 SET character_set_client = @saved_cs_client */;

--
-- Dumping data for table `estacion`
--

LOCK TABLES `estacion` WRITE;
/*!40000 ALTER TABLE `estacion` DISABLE KEYS */;
INSERT INTO `estacion` VALUES (1,'Verano 2014'),(2,'Otoño 2014'),(3,'Invierno 2014'),(4,'Primavera 2014');
/*!40000 ALTER TABLE `estacion` ENABLE KEYS */;
UNLOCK TABLES;

--
-- Table structure for table `estampado`
--

DROP TABLE IF EXISTS `estampado`;
/*!40101 SET @saved_cs_client     = @@character_set_client */;
/*!40101 SET character_set_client = utf8 */;
CREATE TABLE `estampado` (
  `idEstampado` int(11) NOT NULL AUTO_INCREMENT,
  `detalleEstampado` varchar(45) DEFAULT NULL,
  PRIMARY KEY (`idEstampado`)
) ENGINE=InnoDB AUTO_INCREMENT=20 DEFAULT CHARSET=utf8;
/*!40101 SET character_set_client = @saved_cs_client */;

--
-- Dumping data for table `estampado`
--

LOCK TABLES `estampado` WRITE;
/*!40000 ALTER TABLE `estampado` DISABLE KEYS */;
INSERT INTO `estampado` VALUES (1,'RAYADO'),(2,'LUNARES'),(3,'ANIMAL PRINT'),(4,'FLORES'),(5,'INCAICO'),(6,'BULGARO'),(7,'ESCOSES'),(8,'BATIK'),(9,'DEGRADE'),(10,'SUBLIMADO'),(11,'BORDADO'),(12,'TACHAS'),(13,'FLECOS'),(14,'LISO'),(15,'GASTADO'),(16,'LOCALIZADO'),(17,'ESTAMPA'),(18,'DIBUJO ANIMALES'),(19,'IMPRESION VARIADA');
/*!40000 ALTER TABLE `estampado` ENABLE KEYS */;
UNLOCK TABLES;

--
-- Table structure for table `marca`
--

DROP TABLE IF EXISTS `marca`;
/*!40101 SET @saved_cs_client     = @@character_set_client */;
/*!40101 SET character_set_client = utf8 */;
CREATE TABLE `marca` (
  `idMarca` int(11) NOT NULL AUTO_INCREMENT,
  `detalleMarca` varchar(45) DEFAULT NULL,
  PRIMARY KEY (`idMarca`)
) ENGINE=InnoDB AUTO_INCREMENT=77 DEFAULT CHARSET=utf8;
/*!40101 SET character_set_client = @saved_cs_client */;

--
-- Dumping data for table `marca`
--

LOCK TABLES `marca` WRITE;
/*!40000 ALTER TABLE `marca` DISABLE KEYS */;
INSERT INTO `marca` VALUES (15,'X-AGE'),(16,'BOHO-COTTON'),(17,'VICKY JEANS'),(18,'GIUS JEANS'),(19,'BUENOS AIRES'),(20,'KURBASH'),(21,'CAPITU'),(22,'VER'),(23,'YURICCI'),(24,'QUE SERA'),(25,'CUPLA'),(26,'LADY TAWIL'),(27,'EOS'),(28,'GIGANTEX'),(29,'ING-CO'),(30,'JEMIS JEANS'),(31,'NAHANA JEANS'),(32,'MODAS LIM'),(33,'TARYM'),(34,'ACACIA'),(35,'PINK TOMATO'),(36,'SIL-MI'),(37,'AY-POO'),(38,'BARILOCHE'),(39,'GAVEL B'),(40,'KAMOO'),(41,'GOUNI'),(42,'I-LATINA'),(43,'M´AMIE'),(44,'LULU'),(45,'ILUSION'),(46,'MIX Y MATCH'),(47,'ENTER'),(48,'FEMINI'),(49,'MIZ'),(50,'NIKKI'),(51,'BELL'),(52,'ARYTA'),(53,'MOTRIZ'),(54,'180 °'),(55,'ENEKO'),(56,'SEMI JEANS'),(57,'MAGENTA'),(58,'APOLO'),(59,'BENDITA DIFERENCIA'),(60,'VERONICA'),(61,'FASHION 25'),(62,'SUZANNEL'),(63,'LOQUITA'),(64,'CRISTAL'),(65,'DA MILAN'),(66,'ARYE'),(67,'SAQUIAMA'),(68,'BIG MAMA'),(69,'IODI'),(70,'ENFOQUE'),(71,'DIGITO'),(72,'EOS'),(73,'VEX'),(74,'LAUTARO'),(75,'CTE'),(76,'WE LOVE IT');
/*!40000 ALTER TABLE `marca` ENABLE KEYS */;
UNLOCK TABLES;

--
-- Table structure for table `persona`
--

DROP TABLE IF EXISTS `persona`;
/*!40101 SET @saved_cs_client     = @@character_set_client */;
/*!40101 SET character_set_client = utf8 */;
CREATE TABLE `persona` (
  `idPersona` int(11) NOT NULL AUTO_INCREMENT,
  `apellidoPersona` varchar(100) DEFAULT NULL,
  `nombrePersona` varchar(45) DEFAULT NULL,
  `direccionPersona` varchar(45) DEFAULT NULL,
  `localidadPersona` varchar(45) NOT NULL,
  `telefonoPersona` varchar(45) DEFAULT NULL,
  `celuPersona` varchar(45) NOT NULL,
  `fechaNacPersona` date NOT NULL,
  `facebookPersona` varchar(100) NOT NULL,
  `dniPersona` varchar(10) NOT NULL,
  `trabajoPersona` varchar(100) NOT NULL,
  `telTrabajoPersona` varchar(20) NOT NULL,
  `cuentaCorrientePersona` float(6,2) NOT NULL,
  `codigoVendedor` varchar(45) DEFAULT NULL,
  PRIMARY KEY (`idPersona`)
) ENGINE=InnoDB AUTO_INCREMENT=3 DEFAULT CHARSET=utf8;
/*!40101 SET character_set_client = @saved_cs_client */;

--
-- Dumping data for table `persona`
--

LOCK TABLES `persona` WRITE;
/*!40000 ALTER TABLE `persona` DISABLE KEYS */;
INSERT INTO `persona` VALUES (1,'Kling','Emanuel','-','-','-','-','0000-00-00','lala@pepe.com','-','','',0.00,'123123'),(2,'Urgorri','Cecilia','-','-','-','-','0000-00-00','lala@pepe.com','-','-','-',1144.00,NULL);
/*!40000 ALTER TABLE `persona` ENABLE KEYS */;
UNLOCK TABLES;

--
-- Table structure for table `prenda`
--

DROP TABLE IF EXISTS `prenda`;
/*!40101 SET @saved_cs_client     = @@character_set_client */;
/*!40101 SET character_set_client = utf8 */;
CREATE TABLE `prenda` (
  `idPrenda` int(11) NOT NULL AUTO_INCREMENT,
  `codigoPrenda` varchar(12) NOT NULL,
  `detallePrenda` varchar(100) NOT NULL,
  `cantidadPrenda` int(10) NOT NULL,
  `idColorPrenda` int(11) NOT NULL,
  `idEstampadoPrenda` int(11) NOT NULL,
  `idTelaPrenda` int(11) NOT NULL,
  `idTallePrenda` int(11) NOT NULL,
  `idEstacionPrenda` int(11) NOT NULL,
  `idEmpresaPrenda` int(11) NOT NULL,
  `idProveedorPrenda` int(11) NOT NULL,
  `idMarcaPrenda` int(11) NOT NULL,
  PRIMARY KEY (`idPrenda`),
  KEY `fk_Prenda_Color_idx` (`idColorPrenda`),
  KEY `fk_Prenda_Estampado1_idx` (`idEstampadoPrenda`),
  KEY `fk_Prenda_Tela1_idx` (`idTelaPrenda`),
  KEY `fk_Prenda_Talle1_idx` (`idTallePrenda`),
  KEY `fk_Prenda_Estacion1_idx` (`idEstacionPrenda`),
  KEY `fk_Prenda_Empresa1_idx` (`idEmpresaPrenda`),
  KEY `fk_Prenda_Proveedor1_idx` (`idProveedorPrenda`),
  KEY `fk_Prenda_Marca1_idx` (`idMarcaPrenda`),
  CONSTRAINT `fk_Prenda_Color` FOREIGN KEY (`idColorPrenda`) REFERENCES `color` (`idColor`) ON DELETE NO ACTION ON UPDATE NO ACTION,
  CONSTRAINT `fk_Prenda_Empresa1` FOREIGN KEY (`idEmpresaPrenda`) REFERENCES `empresa` (`idEmpresa`) ON DELETE NO ACTION ON UPDATE NO ACTION,
  CONSTRAINT `fk_Prenda_Estacion1` FOREIGN KEY (`idEstacionPrenda`) REFERENCES `estacion` (`idEstacion`) ON DELETE NO ACTION ON UPDATE NO ACTION,
  CONSTRAINT `fk_Prenda_Estampado1` FOREIGN KEY (`idEstampadoPrenda`) REFERENCES `estampado` (`idEstampado`) ON DELETE NO ACTION ON UPDATE NO ACTION,
  CONSTRAINT `fk_Prenda_Marca1` FOREIGN KEY (`idMarcaPrenda`) REFERENCES `marca` (`idMarca`) ON DELETE NO ACTION ON UPDATE NO ACTION,
  CONSTRAINT `fk_Prenda_Proveedor1` FOREIGN KEY (`idProveedorPrenda`) REFERENCES `proveedor` (`idProveedor`) ON DELETE NO ACTION ON UPDATE NO ACTION,
  CONSTRAINT `fk_Prenda_Talle1` FOREIGN KEY (`idTallePrenda`) REFERENCES `talle` (`idTalle`) ON DELETE NO ACTION ON UPDATE NO ACTION,
  CONSTRAINT `fk_Prenda_Tela1` FOREIGN KEY (`idTelaPrenda`) REFERENCES `tela` (`idTela`) ON DELETE NO ACTION ON UPDATE NO ACTION
) ENGINE=InnoDB AUTO_INCREMENT=184 DEFAULT CHARSET=utf8;
/*!40101 SET character_set_client = @saved_cs_client */;

--
-- Dumping data for table `prenda`
--

LOCK TABLES `prenda` WRITE;
/*!40000 ALTER TABLE `prenda` DISABLE KEYS */;
INSERT INTO `prenda` VALUES (4,'100201500001','PANTALON',1,38,14,21,14,1,1,2,15),(5,'100201500005','PANTALON',0,38,14,21,13,1,1,2,15),(6,'100701700006','PANTALON CHUPIN',8,23,15,1,10,2,1,7,17),(7,'100701700007','PANTALON CHUPIN[2]',0,7,14,1,10,2,1,7,17),(8,'100701700008','PANTALON CHUPIN',0,29,14,2,10,2,1,7,17),(9,'100701700009','PANTALON CHUPIN[2][2]',1,4,14,2,10,2,1,7,17),(10,'100701700010','PANTALON CHUPIN[2]',1,23,15,1,12,2,1,7,17),(11,'100701700011','PANTALON RECTO HILO NARANJA',1,23,15,1,13,2,1,7,17),(12,'100701700012','PANTALON RECTO HILO NARANJA',1,23,14,1,13,2,1,7,17),(13,'100701700013','PANTALON ANGOSTO',1,23,15,1,9,2,1,7,17),(14,'100701700014','PANTALON RECTO',1,4,14,2,8,2,1,7,17),(15,'100701700015','PANTALON RECTO',1,6,14,2,8,2,1,7,17),(16,'100701700016','PANTALON CHUPIN',1,7,14,1,8,2,1,7,17),(17,'100701700017','PANTALON RECTO',1,13,14,2,8,2,1,7,17),(18,'100701700018','PANTALON RECTO',1,7,14,2,8,2,1,7,17),(19,'100701700019','PANTALON RECTO',1,4,14,2,7,2,1,7,17),(20,'100701700020','PANTALON RECTO[2]',1,23,14,2,6,2,1,7,17),(21,'100701700021','PANTALON RECTO',1,13,14,2,6,2,1,7,17),(22,'100701700022','PANTALON CHUPIN',1,38,14,1,5,2,1,7,17),(23,'100701700023','PANTALON RECTO',1,23,14,2,5,2,1,7,17),(24,'100701700024','PANTALON RECTO HILO NARANJA',1,23,14,1,5,2,1,7,17),(25,'100701700025','PANTALON RECTO',1,23,15,1,14,2,1,7,17),(26,'100701700026','PANTALON RECTO[2]',1,6,14,2,14,2,1,7,17),(27,'100701700027','PANTALON RECTO',1,22,15,1,14,2,1,7,17),(28,'100601600028','VESTIDO JAQUI BOTON ATRAS',1,21,14,20,28,1,1,6,16),(29,'100601600029','VESTIDO JAQUI BOTON ATRAS',1,8,14,20,29,1,1,6,16),(30,'100601600030','VESTIDO JAQUI VUELITOS Y BOTONES ADELANTE',1,21,14,20,29,1,1,6,16),(31,'100601600031','VESTIDO JAQUI VUELITOS',1,21,14,20,29,1,1,6,16),(32,'100601600032','VESTIDO JAQUI VUELITOS]',1,8,14,20,28,1,1,6,16),(33,'100601600033','VESTIDO TUNICA CORTA',1,38,14,20,29,1,1,6,16),(34,'100601600034','VESTIDO TUNICA CORTA',1,29,14,20,28,1,1,6,16),(35,'100601600035','VESTIDO TUNICA CORTA',1,8,14,20,27,1,1,6,16),(36,'100601600036','VESTIDO LARGO CON VUELOS M/C',1,21,14,20,28,1,1,6,16),(37,'100601600037','VESTIDO LARGO CON YUTE',1,27,14,20,29,1,1,6,16),(38,'100601600038','VESTIDO LARGO SOLERA BRETEL FINO',1,29,14,20,27,1,1,6,16),(39,'100401900039','VESTIDO LARGO STRAPLESS',1,38,14,20,27,1,1,4,19),(40,'100601600040','VESTIDO SOLERA CORTO PAISANO',1,38,14,20,29,1,1,6,16),(41,'100601600041','VESTIDO TUNICA CORTA PINTADO',1,21,14,20,27,1,1,6,16),(42,'100601600042','MONO CORTO',1,38,5,24,28,1,1,8,19),(43,'100902000043','MONO CORTO',1,40,1,24,27,1,1,9,20),(44,'100801900044','MONO CORTO',1,16,2,24,27,1,1,8,19),(45,'101002100045','VESTIDO CORTO BORDADO',1,16,6,24,26,1,1,10,21),(46,'100902000046','VESTIDO CORTO BORDADO[2]',1,38,7,24,28,1,1,9,20),(47,'101102200047','MONO CORTO',1,4,5,25,28,1,1,11,22),(48,'100801900048','MONO CORTO',1,4,6,16,27,1,1,8,19),(49,'101102200049','MONO CORTO',1,17,4,25,26,1,1,11,22),(50,'100801900050','MONO CORTO',1,13,2,24,27,1,1,8,19),(51,'100801900051','MONO CORTO STRAPLES',1,38,2,4,32,1,1,8,19),(52,'100801900052','MONO CORTO',1,38,4,24,27,1,1,8,19),(53,'100902000053','VESTIDO CORTO IRREGULAR',0,29,5,24,27,1,1,9,20),(54,'100802300054','VESTIDO CORTO CRUZADO M/C',1,41,4,24,36,1,1,8,23),(55,'100801900055','VESTIDO CORTO IRREGULAR',1,41,4,24,34,1,1,8,19),(56,'101201800056','VESTIDO JAQUI M/C',1,23,14,1,28,1,1,12,18),(57,'101201800057','VESTIDO JAQUI M/C',1,23,14,1,30,1,1,12,18),(58,'101201800058','VESTIDO JAQUI M/C',1,23,14,1,26,1,1,12,18),(59,'101201800059','VESTIDO JAQUI M/C',1,38,14,1,30,1,1,12,18),(60,'101201800060','VESTIDO JAQUI M/C',1,38,14,1,27,1,1,12,18),(61,'101201800061','VESTIDO JAQUI M/C',1,38,14,1,29,1,1,12,18),(62,'101102200062','VESTIDO JAQUI M/ 3/4',1,22,14,1,25,1,1,11,22),(63,'101502500063','CAMISA M/C',1,12,1,6,38,1,1,15,25),(64,'101502500064','CAMISA M/C',1,15,6,24,38,1,1,15,25),(65,'101502500065','BLUSA M/C CON PUNTILLA',1,38,4,24,36,1,1,15,25),(66,'100806500066','BLUSA M/C ',1,8,4,24,11,1,1,8,65),(67,'100803900067','BLAZER M 3/4',1,1,14,35,33,1,1,8,39),(68,'100805200068','BLAZER M/L',1,17,4,35,34,1,1,8,52),(69,'100805200069','BLAZER M/L',1,1,8,35,34,1,1,8,52),(70,'100803500070','BLAZER M/L BORDE BLANCO',1,12,14,36,36,1,1,8,35),(71,'100803500071','BLAZER M/L PUÑO RAYADO',1,12,14,36,36,1,1,8,35),(72,'102103300072','BLAZER M/L',1,22,4,1,37,1,1,21,33),(73,'100803900073','BLAZER M 3/4',1,8,4,16,38,1,1,8,39),(74,'100806500074','BLAZER M 3/4',1,17,14,35,11,1,1,8,65),(75,'100806500075','BLAZER M 3/4',1,17,3,2,13,1,1,8,65),(76,'100806500076','BLAZER M 3/4',1,12,3,2,12,1,1,8,65),(77,'100806600077','BLAZER M 3/4',1,17,4,37,8,1,1,8,66),(78,'100803500078','BLAZER M 3/4',1,18,14,7,33,1,1,8,35),(79,'100806700079','REMERA S/M',1,28,14,12,7,1,1,8,67),(80,'100806700080','REMERA S/M CRUZADA',1,1,14,12,6,1,1,8,67),(81,'100601600081','MUSCULOSA BRETEL YUTE',1,1,14,20,28,1,1,6,16),(82,'100201500082','REMERA M/C',1,1,4,4,37,1,1,2,15),(83,'101506900083','REMERA M/C',1,43,14,25,30,1,1,15,69),(84,'100806500084','REMERA M/C',1,42,10,12,38,1,1,8,65),(85,'100806800085','REMERA M/C',1,1,14,12,30,1,1,8,68),(86,'100807000086','REMERA M/C',1,27,14,12,39,1,1,8,70),(87,'100801900087','REMERA M/C',1,45,2,4,39,1,1,8,19),(88,'100801900088','REMERA S/M',1,3,3,4,38,1,1,8,19),(89,'101102200089','MUSCULOSA 0042072 21010',1,46,14,12,29,1,1,11,22),(90,'100806800090','REMERA M/C',1,12,14,25,30,1,1,8,68),(91,'100807000091','REMERA M/C',1,43,14,12,37,1,1,8,70),(92,'100801900092','REMERA S/M',1,8,14,12,38,1,1,8,19),(93,'100601600093','VESTIDO LARGO SOLERA C/VUELO',1,29,14,20,29,1,1,6,16),(94,'100601600094','POLLERA LARGA IRREGULAR',1,1,14,20,27,1,1,6,16),(95,'100801900095','POLLERA PAISANA',1,17,8,24,28,1,1,8,19),(96,'100801900096','POLLERA LARGA C/BOTONES',1,23,4,24,37,1,1,8,19),(97,'100801900097','POLLERA PAISANA',1,1,4,24,29,1,1,8,19),(98,'100801900098','POLLERA PAISANA',1,1,4,24,29,1,1,8,19),(99,'100201500099','REMERA S/M',1,8,14,12,41,1,1,2,15),(100,'100803300100','REMERA S/M',1,19,14,12,38,1,1,8,33),(101,'100803300101','REMERA S/M C/VUELO',1,28,14,12,37,1,1,8,33),(102,'101102200102','TOP MUSCU TIRA FINA Y TRENZA',1,48,14,12,25,1,1,11,22),(103,'101102200103','REMERA M/C CHOMBA 117407223012',1,47,14,12,26,1,1,11,22),(104,'101102200104','REMERA M/C CHOMBA 117407243009',1,49,14,12,29,1,1,11,22),(105,'102607100105','REMERA M/C',1,4,14,25,26,1,1,26,71),(106,'101102200106','REMERA M/C CHOMBA 117407223012',4,47,14,12,26,1,1,11,22),(107,'101102200107','REMERA M/C C/BOTON 127007223012',2,47,14,12,25,1,1,11,22),(108,'101102200108','MUSCULOSA 0042072 21010',1,46,14,12,30,1,1,11,22),(109,'101102200109','REMERA M/C CHOMBA 117407200080',2,38,14,12,25,1,1,11,22),(110,'101102200110','REMERA M/C CHOMBA 117407200080',1,38,14,12,26,1,1,11,22),(111,'100803300111','REMERA M/C ESCOTE V',1,8,14,12,38,1,1,8,33),(112,'100802700112','REMERA M/C ESCOTE V',1,8,14,12,28,1,1,8,27),(113,'100806900113','REMERA S/M C/TACHAS',1,8,14,25,27,1,1,8,69),(114,'100801900114','REMERA S/M C/PUNTILLA',1,8,14,12,29,1,1,8,19),(115,'100801900115','MUSCULOSA',1,8,10,12,27,1,1,8,19),(116,'100802500116','REMERA S/M C/FAJA',1,8,14,12,35,1,1,8,25),(117,'100802500117','REMERA M/C',1,50,5,4,29,1,1,8,25),(118,'100807300118','REMERA M/C COMBINADA',1,8,19,12,36,1,1,8,73),(119,'100801900119','REMERA M/C C/FRUNCE Y BOTONES',1,8,14,12,41,1,1,8,19),(120,'100803300120','REMERA M/C',1,12,14,12,35,1,1,8,33),(121,'100806900121','REMERA M/C',1,11,14,25,30,1,1,8,69),(122,'100802500122','REMERA M/C CON FRUNSE Y CORDON EN CINTURA',1,50,10,12,29,1,1,8,25),(123,'100802500123','REMERA M/C CON FRUNSE Y CORDON EN CINTURA',1,51,10,12,30,1,1,8,25),(124,'100601600124','MUSCULOSA BRETEL YUTE',1,44,14,20,28,1,1,6,16),(125,'100601600125','MUSCULOSA VOLADA',1,4,14,20,28,1,1,6,16),(126,'100601600126','MUSCULOSA VOLADA',1,29,14,20,29,1,1,6,16),(127,'100601600127','MUSCULOSA VOLADA CON BOTON',1,44,14,20,29,1,1,6,16),(128,'100601600128','MUSCULOSA CON HEBILLA',1,38,14,20,29,1,1,6,16),(129,'100601600129','MUSCULOSA CON HEBILLA',1,29,14,20,29,1,1,6,16),(130,'100601600130','TOP BRETEL PUNTILLA',1,1,14,20,29,1,1,6,16),(131,'100601600131','TOP BRETEL PUNTILLA',1,8,14,20,27,1,1,6,16),(132,'100601600132','TOP BRETEL PUNTILLA',1,21,14,20,29,1,1,6,16),(133,'100601600133','BLUSA CAMPANITA',1,29,14,20,28,1,1,6,16),(134,'100601600134','BLUSA CAMPANITA',1,29,14,20,30,1,1,6,16),(135,'100601600135','BLUSA CAMPANITA',1,16,14,20,28,1,1,6,16),(136,'100601600136','BLUSA CAMPANITA',1,21,14,20,28,1,1,6,16),(137,'100601600137','BLUSA CAMPANITA',1,44,14,20,29,1,1,6,16),(138,'100601600138','BLUSA CAMPANITA',1,4,14,20,30,1,1,6,16),(139,'100601600139','CAMISA M/C CUELLO MAO',1,1,14,20,28,1,1,6,16),(140,'100601600140','CAMISA M/C DOBLE BOLSILLO',1,44,14,20,29,1,1,6,16),(141,'100601600141','BLUSA M/C DOBLE BOLSILLO',1,29,14,20,28,1,1,6,16),(142,'100601600142','BLUSA M/C DOBLE BOLSILLO',1,44,14,20,29,1,1,6,16),(143,'100601600143','BLUSA DIANA',1,4,14,20,29,1,1,6,16),(144,'100601600144','BLUSA DIANA',1,8,14,20,28,1,1,6,16),(145,'100601600145','CAMISA ESCOTE CUADRADO Y PUNTILLA COSTADO',1,8,14,20,29,1,1,6,16),(146,'100601600146','CAMISA M/C NUDO EN MANGAS',1,38,14,20,28,1,1,6,16),(147,'100601600147','CAMISA M/C PUNTILLA BALON',1,38,14,20,28,1,1,6,16),(148,'100601600148','BLUSA M/C BIES',1,4,14,20,28,1,1,6,16),(149,'100601600149','BLUSA S/M ESCOTE V CON PUNTILLA',1,8,14,20,28,1,1,6,16),(150,'100601600150','BLUSA M/C PICO',1,29,14,20,29,1,1,6,16),(151,'100601600151','BLUSA M/C PICO',1,38,14,20,27,1,1,6,16),(152,'100601600152','BLUSA M/C PICO',1,8,14,20,28,1,1,6,16),(153,'100802500153','REMERA M/C CON DETALLE TULL',1,40,10,4,29,1,1,8,25),(154,'100601600154','BLUSA M/C ROMBO EN CUELLO',1,26,14,20,29,1,1,6,16),(155,'100601600155','BLUSA M/C OJALITO',1,44,14,20,29,1,1,6,16),(156,'100601600156','BLUSA M/C OJALITO',1,9,14,20,29,1,1,6,16),(157,'100601600157','BLUSA GUSTAVINA',1,44,14,20,29,1,1,6,16),(158,'100601600158','BLUSA  M/C C/ SOLAPA Y PUNTILLA',1,44,14,20,29,1,1,6,16),(159,'100601600159','BLUSA M/C PICO',1,44,14,20,28,1,1,6,16),(160,'100601600160','CAMISA M/C RAQUEL',1,29,14,20,30,1,1,6,16),(161,'100806500161','TWINSET MODAL MUSCU Y M 3/4',1,17,14,12,40,1,1,8,65),(162,'100806500162','TWINSET MODAL MUSCU Y M 3/4',1,22,14,12,38,1,1,8,65),(163,'100807400163','TWINSET HILO JASPEADO MUSCU Y 3/4',1,16,14,9,36,1,1,8,74),(164,'100807400164','CAPA M/C',1,8,14,12,36,1,1,8,74),(165,'100802500165','CAPA M 3/4',1,12,14,12,38,1,1,8,25),(166,'100801500166','CAPA M/C',1,38,14,12,30,1,1,8,15),(167,'100801500167','CAPA M/C',1,2,14,12,30,1,1,8,15),(168,'100807500168','CAPA M/C',1,8,14,12,42,1,1,8,75),(169,'101102200169','REMERA M/C REMER168310942009',1,52,1,12,25,1,1,11,22),(170,'102707600170','REMERA M/C',1,1,14,12,26,1,1,27,76),(171,'102707600171','REMERA M/C',1,28,14,12,27,1,1,27,76),(172,'100806900172','REMERA M/C',1,29,14,25,29,1,1,8,69),(173,'100802500173','REMERA M/C con tachas',1,19,14,12,30,1,1,8,25),(174,'100807000174','REMERA S/M con detalle gasa en cuello',1,1,14,12,37,1,1,8,70),(175,'100806700175','REMERA S/M COMBINADA CON SEDA FRIA',1,29,4,12,9,1,1,8,67),(176,'100803400176','REMERA S/M',1,44,14,12,38,1,1,8,34),(177,'100803400177','REMERA S/M',1,2,1,12,39,1,1,8,34),(178,'101102200178','TOP MUSCU TIRA FINA 064510941004',1,1,1,12,27,1,1,11,22),(179,'101102200179','TOP MUSCU TIRA FINA 064510941004',1,1,1,12,27,1,1,11,22),(180,'100807100180','REMERA M/C',1,38,1,12,28,1,1,8,71),(181,'100807100181','REMERA S/M',1,17,14,12,29,1,1,8,71),(182,'100802000182','REMERA S/M',1,33,14,12,7,1,1,8,20),(183,'100802500183','REMERA M/C HOMBRO DESCUBIERTO CON PIEDRITAS',1,4,14,12,37,1,1,8,25);
/*!40000 ALTER TABLE `prenda` ENABLE KEYS */;
UNLOCK TABLES;

--
-- Table structure for table `proveedor`
--

DROP TABLE IF EXISTS `proveedor`;
/*!40101 SET @saved_cs_client     = @@character_set_client */;
/*!40101 SET character_set_client = utf8 */;
CREATE TABLE `proveedor` (
  `idProveedor` int(11) NOT NULL AUTO_INCREMENT,
  `nombreProveedor` varchar(45) DEFAULT NULL,
  `cuitProveedor` varchar(13) NOT NULL,
  `condIvaProveedor` varchar(50) NOT NULL,
  `direccionProveedor` varchar(150) DEFAULT NULL,
  `localidadProveedor` varchar(11) NOT NULL,
  `telefonoProveedor` varchar(45) DEFAULT NULL,
  `contactoProveedor` varchar(100) NOT NULL,
  `bancoProveedor` varchar(100) NOT NULL,
  `cbuProveedor` varchar(100) NOT NULL,
  `emailProveedor` varchar(100) NOT NULL,
  PRIMARY KEY (`idProveedor`)
) ENGINE=InnoDB AUTO_INCREMENT=28 DEFAULT CHARSET=utf8;
/*!40101 SET character_set_client = @saved_cs_client */;

--
-- Dumping data for table `proveedor`
--

LOCK TABLES `proveedor` WRITE;
/*!40000 ALTER TABLE `proveedor` DISABLE KEYS */;
INSERT INTO `proveedor` VALUES (2,'TEXTIL XA S.A.','30-70987864-2','RI','ARGERICH 586','BUENOS AIRE','--','X-AGE','--','--',''),(3,'KIM SOON BUN','27-94023251-7','RI','ARANGUREN 3228','FLORES-BUEN','01146379436','MASKA','--','--',''),(4,'KIM KYUNG MI','27-92795815-0','RI','CUENCA 443','FLORES-BUEN','--','ESSENCE','--','--',''),(5,'KIM SOON HWA','27-92838004-7','RI','CUENCA 450-LOC.1','FLORES-BUEN','--','NEANE','--','--',''),(6,'TZOLKIN S.R.L.','30-71071438-6','RI','SAN GERONIMO 380 - B° CENTRO','CORDOBA','--','BOHO','--','--',''),(7,'KIM EDUARDO','20-37342472-3','RI','AVELLANEDA 3335','FLORES-BUEN','011-46716114','VICKY','--','--',''),(8,'BA','--','--','--','--','--','--','--','--',''),(9,'DARIO MANDIROLA','23-24419858-9','RI','CORONEL DOMINGUEZ 763','SANTA CLARA','--','KURBASH','--','--',''),(10,'KAPITU S.A.','30-71257270-8','RI','AVELLANEDA 3269','BUENOS AIRE','--','CAPITU','--','--',''),(11,'TOPYED S.A.','33-54208245-9','RI','PERU 1031','FLORIDA','--','VER','--','--',''),(12,'DUX SRL','30-56561294-4','RI','CALLE 33 NRO. 1050','LA PLATA','--','GIUS','--','--',''),(13,'CONFEMAT SRL','30-70801135-1','RI','ARGERICH 551','BUENOS AIRE','011-46136664','QUE SERA','--','--',''),(14,'LEE EUN JOO','27-92725285-1','RI','CAMPANA 480','BUENOS AIRE','--','DOLCHE','--','--',''),(15,'MARIA TERESITA POGGI','--','RI','--','--','--','TITO','--','--',''),(16,'ASENCIA MONASTERIO MAMANI','27-93006218-4','RI','E.LAMARCA 330','FLORES-BUEN','--','GAVEL B','--','--',''),(17,'YA KWANG II Y KIM YUN YOUNG SH','30-70820394-3','RI','ARANGUREN 3274','FLORES-BUEN','011-46370861','ING-CO','--','--',''),(18,'SUNG WOOK HYUN','20-92331447-5','RI','CONCORDIA 375','FLORES-BUEN','--','CRISTAL','--','--',''),(19,'CARLOS BONIFACIO','20-17153384-9','RI','E.LAMARCA 326','FLORES-BUEN','011-46122546','ILUSION','--','--',''),(20,'L EMSEMBLE SRL','30-70948980-8','RI','CUENCA 451','FLORES-BUEN','--','SUZANNEL','--','--',''),(21,'OSCAR ALBERTO COHEN','20-12228202-4','RI','AVELLANEDA 3465','FLORES-BUEN','011-46745943','TARYM','--','--',''),(22,'AHN OUNG JOON','20-92883357-8','RI','ARANGUREN 3272','FLORES-BUEN','--','FASHION 25','--','--',''),(23,'BLUE FACTORY S.A.','30-71171556-4','RI','AVELLANEDA 3347','FLORES-BUEN','011-46729748','VERONICA','--','--',''),(24,'ALL DENIM SA','30-70956837-6','RI','AVELLANEDA ','FLORES-BUEN','--','NAHANA','--','--',''),(25,'MARIA ANTONIA BUAON','27-23797277-0','RI','25 DE MAYO 338','JUNIN-BS AS','02364444916','BENDITA DIFERENCIA','--','--',''),(26,'PATRICIA RAFAELA','00','00','00','00','00','00','00','00',''),(27,'ANDREA MURINA','--','--','--','--','--','--','--','--','');
/*!40000 ALTER TABLE `proveedor` ENABLE KEYS */;
UNLOCK TABLES;

--
-- Table structure for table `talle`
--

DROP TABLE IF EXISTS `talle`;
/*!40101 SET @saved_cs_client     = @@character_set_client */;
/*!40101 SET character_set_client = utf8 */;
CREATE TABLE `talle` (
  `idTalle` int(11) NOT NULL AUTO_INCREMENT,
  `detalleTalle` varchar(45) DEFAULT NULL,
  PRIMARY KEY (`idTalle`)
) ENGINE=InnoDB AUTO_INCREMENT=43 DEFAULT CHARSET=utf8;
/*!40101 SET character_set_client = @saved_cs_client */;

--
-- Dumping data for table `talle`
--

LOCK TABLES `talle` WRITE;
/*!40000 ALTER TABLE `talle` DISABLE KEYS */;
INSERT INTO `talle` VALUES (1,'34'),(2,'36'),(3,'38'),(4,'40'),(5,'42'),(6,'44'),(7,'46'),(8,'48'),(9,'50'),(10,'52'),(11,'54'),(12,'56'),(13,'58'),(14,'60'),(15,'62'),(16,'64'),(17,'66'),(18,'68'),(19,'70'),(20,'72'),(21,'74'),(22,'76'),(23,'78'),(24,'80'),(25,'XS'),(26,'S'),(27,'M'),(28,'L'),(29,'XL'),(30,'XXL'),(31,'XXXL'),(32,'XXXXL'),(33,'1'),(34,'2'),(35,'3'),(36,'4'),(37,'5'),(38,'6'),(39,'7'),(40,'8'),(41,'9'),(42,'10');
/*!40000 ALTER TABLE `talle` ENABLE KEYS */;
UNLOCK TABLES;

--
-- Table structure for table `tela`
--

DROP TABLE IF EXISTS `tela`;
/*!40101 SET @saved_cs_client     = @@character_set_client */;
/*!40101 SET character_set_client = utf8 */;
CREATE TABLE `tela` (
  `idTela` int(11) NOT NULL AUTO_INCREMENT,
  `detalleTela` varchar(45) DEFAULT NULL,
  PRIMARY KEY (`idTela`)
) ENGINE=InnoDB AUTO_INCREMENT=38 DEFAULT CHARSET=utf8;
/*!40101 SET character_set_client = @saved_cs_client */;

--
-- Dumping data for table `tela`
--

LOCK TABLES `tela` WRITE;
/*!40000 ALTER TABLE `tela` DISABLE KEYS */;
INSERT INTO `tela` VALUES (1,'JEANS'),(2,'GABARDINA COMUN'),(3,'LANA FRIA'),(4,'SEDA FRIA'),(5,'CLOQUE'),(6,'GASA'),(7,'RASO'),(8,'LANA'),(9,'HILO'),(10,'ENCAJE'),(11,'BRODERI'),(12,'MODAL'),(13,'FLAME'),(14,'ACETATO'),(15,'FRIZA'),(16,'SEDA  '),(17,'CHIFON'),(18,'TUL'),(19,'MECANICA'),(20,'BAMBULA'),(21,'SARGA'),(22,'PAÑO'),(23,'VELOUR'),(24,'FIBRANA'),(25,'ALGODÓN'),(26,'PIE DE POOL'),(27,'POLIESTER'),(28,'TERCIOPELO'),(29,'LENTEJUELAS'),(30,'ESCOSES'),(31,'LINO'),(32,'RAYON'),(33,'TWOWAY'),(34,'POPLIN'),(35,'GABARDINA SATINADA'),(36,'PUNTO ROMA'),(37,'BROCATO');
/*!40000 ALTER TABLE `tela` ENABLE KEYS */;
UNLOCK TABLES;

--
-- Table structure for table `tipoventa`
--

DROP TABLE IF EXISTS `tipoventa`;
/*!40101 SET @saved_cs_client     = @@character_set_client */;
/*!40101 SET character_set_client = utf8 */;
CREATE TABLE `tipoventa` (
  `idTipoVenta` int(11) NOT NULL AUTO_INCREMENT,
  `detalleTipoVenta` varchar(45) DEFAULT NULL,
  `grupoTipoVenta` int(11) DEFAULT NULL,
  `porcentajeTipoVenta` int(2) NOT NULL,
  `operacionTipoVenta` int(1) NOT NULL,
  PRIMARY KEY (`idTipoVenta`)
) ENGINE=InnoDB AUTO_INCREMENT=7 DEFAULT CHARSET=utf8;
/*!40101 SET character_set_client = @saved_cs_client */;

--
-- Dumping data for table `tipoventa`
--

LOCK TABLES `tipoventa` WRITE;
/*!40000 ALTER TABLE `tipoventa` DISABLE KEYS */;
INSERT INTO `tipoventa` VALUES (1,'Cont. Efectivo',1,0,0),(2,'Cont 10%',1,10,1),(3,'Cont 20%',1,20,1),(4,'Cta. Cte',2,15,2),(5,'Tarjeta',2,10,2),(6,'Promo',3,0,0);
/*!40000 ALTER TABLE `tipoventa` ENABLE KEYS */;
UNLOCK TABLES;

--
-- Table structure for table `tipoventa_prenda`
--

DROP TABLE IF EXISTS `tipoventa_prenda`;
/*!40101 SET @saved_cs_client     = @@character_set_client */;
/*!40101 SET character_set_client = utf8 */;
CREATE TABLE `tipoventa_prenda` (
  `idTipoVenta_Prenda` int(11) NOT NULL AUTO_INCREMENT,
  `valor` decimal(6,2) NOT NULL,
  `idTipoVenta` int(11) NOT NULL,
  `idPrenda` int(11) NOT NULL,
  PRIMARY KEY (`idTipoVenta_Prenda`,`idTipoVenta`,`idPrenda`),
  KEY `fk_TipoVent_TipoVenta1_idx` (`idTipoVenta`),
  KEY `fk_TipoVent_Prenda1_idx` (`idPrenda`),
  CONSTRAINT `fk_TipoVent_Prenda1` FOREIGN KEY (`idPrenda`) REFERENCES `prenda` (`idPrenda`) ON DELETE NO ACTION ON UPDATE NO ACTION,
  CONSTRAINT `fk_TipoVent_TipoVenta1` FOREIGN KEY (`idTipoVenta`) REFERENCES `tipoventa` (`idTipoVenta`) ON DELETE NO ACTION ON UPDATE NO ACTION
) ENGINE=InnoDB AUTO_INCREMENT=1099 DEFAULT CHARSET=utf8;
/*!40101 SET character_set_client = @saved_cs_client */;

--
-- Dumping data for table `tipoventa_prenda`
--

LOCK TABLES `tipoventa_prenda` WRITE;
/*!40000 ALTER TABLE `tipoventa_prenda` DISABLE KEYS */;
INSERT INTO `tipoventa_prenda` VALUES (19,100.00,1,4),(20,90.00,2,4),(21,80.00,3,4),(22,115.00,4,4),(23,110.00,5,4),(24,100.00,6,4),(25,99.00,1,5),(26,99.00,2,5),(27,99.00,3,5),(28,99.00,4,5),(29,99.00,5,5),(30,99.00,6,5),(31,99.00,1,6),(32,99.00,2,6),(33,99.00,3,6),(34,99.00,4,6),(35,99.00,5,6),(36,99.00,6,6),(37,99.00,1,7),(38,99.00,2,7),(39,99.00,3,7),(40,99.00,4,7),(41,99.00,5,7),(42,99.00,6,7),(43,99.00,1,8),(44,99.00,2,8),(45,99.00,3,8),(46,99.00,4,8),(47,99.00,5,8),(48,99.00,6,8),(49,99.00,1,9),(50,99.00,2,9),(51,99.00,3,9),(52,99.00,4,9),(53,99.00,5,9),(54,99.00,6,9),(55,99.00,1,10),(56,99.00,2,10),(57,99.00,3,10),(58,99.00,4,10),(59,99.00,5,10),(60,99.00,6,10),(61,99.00,1,11),(62,99.00,2,11),(63,99.00,3,11),(64,99.00,4,11),(65,99.00,5,11),(66,99.00,6,11),(67,99.00,1,12),(68,99.00,2,12),(69,99.00,3,12),(70,99.00,4,12),(71,99.00,5,12),(72,99.00,6,12),(73,99.00,1,13),(74,99.00,2,13),(75,99.00,3,13),(76,99.00,4,13),(77,99.00,5,13),(78,99.00,6,13),(79,99.00,1,14),(80,99.00,2,14),(81,99.00,3,14),(82,99.00,4,14),(83,99.00,5,14),(84,99.00,6,14),(85,99.00,1,15),(86,99.00,2,15),(87,99.00,3,15),(88,99.00,4,15),(89,99.00,5,15),(90,99.00,6,15),(91,99.00,1,16),(92,99.00,2,16),(93,99.00,3,16),(94,99.00,4,16),(95,99.00,5,16),(96,99.00,6,16),(97,99.00,1,17),(98,99.00,2,17),(99,99.00,3,17),(100,99.00,4,17),(101,99.00,5,17),(102,99.00,6,17),(103,99.00,1,18),(104,99.00,2,18),(105,99.00,3,18),(106,99.00,4,18),(107,99.00,5,18),(108,99.00,6,18),(109,99.00,1,19),(110,99.00,2,19),(111,99.00,3,19),(112,99.00,4,19),(113,99.00,5,19),(114,99.00,6,19),(115,99.00,1,20),(116,99.00,2,20),(117,99.00,3,20),(118,99.00,4,20),(119,99.00,5,20),(120,99.00,6,20),(121,99.00,1,21),(122,99.00,2,21),(123,99.00,3,21),(124,99.00,4,21),(125,99.00,5,21),(126,99.00,6,21),(127,99.00,1,22),(128,99.00,2,22),(129,99.00,3,22),(130,99.00,4,22),(131,99.00,5,22),(132,99.00,6,22),(133,99.00,1,23),(134,99.00,2,23),(135,99.00,3,23),(136,99.00,4,23),(137,99.00,5,23),(138,99.00,6,23),(139,99.00,1,24),(140,99.00,2,24),(141,99.00,3,24),(142,99.00,4,24),(143,99.00,5,24),(144,99.00,6,24),(145,99.00,1,25),(146,99.00,2,25),(147,99.00,3,25),(148,99.00,4,25),(149,99.00,5,25),(150,99.00,6,25),(151,99.00,1,26),(152,99.00,2,26),(153,99.00,3,26),(154,99.00,4,26),(155,99.00,5,26),(156,99.00,6,26),(157,99.00,1,27),(158,99.00,2,27),(159,99.00,3,27),(160,99.00,4,27),(161,99.00,5,27),(162,99.00,6,27),(163,420.00,1,28),(164,0.00,2,28),(165,0.00,3,28),(166,483.00,4,28),(167,483.00,5,28),(168,0.00,6,28),(169,420.00,1,29),(170,0.00,2,29),(171,0.00,3,29),(172,483.00,4,29),(173,483.00,5,29),(174,0.00,6,29),(175,390.00,1,30),(176,0.00,2,30),(177,0.00,3,30),(178,448.00,4,30),(179,448.00,5,30),(180,0.00,6,30),(181,390.00,1,31),(182,0.00,2,31),(183,0.00,3,31),(184,448.00,4,31),(185,448.00,5,31),(186,0.00,6,31),(187,390.00,1,32),(188,0.00,2,32),(189,0.00,3,32),(190,448.00,4,32),(191,448.00,5,32),(192,0.00,6,32),(193,390.00,1,33),(194,0.00,2,33),(195,0.00,3,33),(196,448.00,4,33),(197,448.00,5,33),(198,0.00,6,33),(199,390.00,1,34),(200,0.00,2,34),(201,0.00,3,34),(202,448.00,4,34),(203,448.00,5,34),(204,0.00,6,34),(205,390.00,1,35),(206,0.00,2,35),(207,0.00,3,35),(208,448.00,4,35),(209,448.00,5,35),(210,0.00,6,35),(211,440.00,1,36),(212,0.00,2,36),(213,0.00,3,36),(214,506.00,4,36),(215,506.00,5,36),(216,0.00,6,36),(217,390.00,1,37),(218,0.00,2,37),(219,0.00,3,37),(220,448.00,4,37),(221,448.00,5,37),(222,0.00,6,37),(223,390.00,1,38),(224,0.00,2,38),(225,0.00,3,38),(226,448.00,4,38),(227,448.00,5,38),(228,0.00,6,38),(229,204.00,1,39),(230,0.00,2,39),(231,0.00,3,39),(232,234.00,4,39),(233,234.00,5,39),(234,0.00,6,39),(235,357.00,1,40),(236,0.00,2,40),(237,0.00,3,40),(238,410.00,4,40),(239,410.00,5,40),(240,0.00,6,40),(241,498.00,1,41),(242,0.00,2,41),(243,0.00,3,41),(244,572.00,4,41),(245,572.00,5,41),(246,0.00,6,41),(247,180.00,1,42),(248,0.00,2,42),(249,0.00,3,42),(250,207.00,4,42),(251,207.00,5,42),(252,0.00,6,42),(253,298.00,1,43),(254,0.00,2,43),(255,0.00,3,43),(256,342.00,4,43),(257,342.00,5,43),(258,0.00,6,43),(259,174.00,1,44),(260,0.00,2,44),(261,0.00,3,44),(262,200.00,4,44),(263,200.00,5,44),(264,0.00,6,44),(265,220.00,1,45),(266,0.00,2,45),(267,0.00,3,45),(268,253.00,4,45),(269,253.00,5,45),(270,0.00,6,45),(271,350.00,1,46),(272,0.00,2,46),(273,0.00,3,46),(274,402.00,4,46),(275,350.00,5,46),(276,0.00,6,46),(277,318.00,1,47),(278,0.00,2,47),(279,0.00,3,47),(280,365.00,4,47),(281,365.00,5,47),(282,0.00,6,47),(283,220.00,1,48),(284,0.00,2,48),(285,0.00,3,48),(286,253.00,4,48),(287,253.00,5,48),(288,0.00,6,48),(289,298.00,1,49),(290,0.00,2,49),(291,0.00,3,49),(292,342.00,4,49),(293,342.00,5,49),(294,0.00,6,49),(295,298.00,1,50),(296,0.00,2,50),(297,0.00,3,50),(298,342.00,4,50),(299,342.00,5,50),(300,0.00,6,50),(301,180.00,1,51),(302,0.00,2,51),(303,0.00,3,51),(304,207.00,4,51),(305,207.00,5,51),(306,0.00,6,51),(307,160.00,1,52),(308,0.00,2,52),(309,0.00,3,52),(310,184.00,4,52),(311,184.00,5,52),(312,0.00,6,52),(313,320.00,1,53),(314,0.00,2,53),(315,0.00,3,53),(316,368.00,4,53),(317,368.00,5,53),(318,0.00,6,53),(319,350.00,1,54),(320,0.00,2,54),(321,0.00,3,54),(322,402.00,4,54),(323,402.00,5,54),(324,0.00,6,54),(325,240.00,1,55),(326,0.00,2,55),(327,0.00,3,55),(328,276.00,4,55),(329,240.00,5,55),(330,0.00,6,55),(331,398.00,1,56),(332,0.00,2,56),(333,0.00,3,56),(334,457.00,4,56),(335,457.00,5,56),(336,0.00,6,56),(337,398.00,1,57),(338,0.00,2,57),(339,0.00,3,57),(340,457.00,4,57),(341,457.00,5,57),(342,0.00,6,57),(343,398.00,1,58),(344,0.00,2,58),(345,0.00,3,58),(346,457.00,4,58),(347,457.00,5,58),(348,0.00,6,58),(349,398.00,1,59),(350,0.00,2,59),(351,0.00,3,59),(352,457.00,4,59),(353,457.00,5,59),(354,0.00,6,59),(355,398.00,1,60),(356,0.00,2,60),(357,0.00,3,60),(358,457.00,4,60),(359,457.00,5,60),(360,0.00,6,60),(361,398.00,1,61),(362,0.00,2,61),(363,0.00,3,61),(364,457.00,4,61),(365,457.00,5,61),(366,0.00,6,61),(367,398.00,1,62),(368,0.00,2,62),(369,0.00,3,62),(370,457.00,4,62),(371,457.00,5,62),(372,0.00,6,62),(373,290.00,1,63),(374,0.00,2,63),(375,0.00,3,63),(376,333.00,4,63),(377,333.00,5,63),(378,0.00,6,63),(379,360.00,1,64),(380,0.00,2,64),(381,0.00,3,64),(382,414.00,4,64),(383,414.00,5,64),(384,0.00,6,64),(385,260.00,1,65),(386,0.00,2,65),(387,0.00,3,65),(388,299.00,4,65),(389,299.00,5,65),(390,0.00,6,65),(391,450.00,1,66),(392,0.00,2,66),(393,0.00,3,66),(394,517.00,4,66),(395,517.00,5,66),(396,0.00,6,66),(397,320.00,1,67),(398,0.00,2,67),(399,0.00,3,67),(400,368.00,4,67),(401,368.00,5,67),(402,0.00,6,67),(403,440.00,1,68),(404,0.00,2,68),(405,0.00,3,68),(406,506.00,4,68),(407,506.00,5,68),(408,0.00,6,68),(409,440.00,1,69),(410,0.00,2,69),(411,0.00,3,69),(412,506.00,4,69),(413,506.00,5,69),(414,0.00,6,69),(415,396.00,1,70),(416,0.00,2,70),(417,0.00,3,70),(418,455.00,4,70),(419,455.00,5,70),(420,0.00,6,70),(421,396.00,1,71),(422,0.00,2,71),(423,0.00,3,71),(424,455.00,4,71),(425,455.00,5,71),(426,0.00,6,71),(427,450.00,1,72),(428,0.00,2,72),(429,0.00,3,72),(430,517.00,4,72),(431,517.00,5,72),(432,0.00,6,72),(433,320.00,1,73),(434,0.00,2,73),(435,0.00,3,73),(436,368.00,4,73),(437,368.00,5,73),(438,0.00,6,73),(439,936.00,1,74),(440,0.00,2,74),(441,0.00,3,74),(442,1076.00,4,74),(443,1076.00,5,74),(444,0.00,6,74),(445,820.00,1,75),(446,0.00,2,75),(447,0.00,3,75),(448,943.00,4,75),(449,943.00,5,75),(450,0.00,6,75),(451,820.00,1,76),(452,0.00,2,76),(453,0.00,3,76),(454,943.00,4,76),(455,943.00,5,76),(456,0.00,6,76),(457,717.00,1,77),(458,0.00,2,77),(459,0.00,3,77),(460,824.00,4,77),(461,824.00,5,77),(462,0.00,6,77),(463,265.00,1,78),(464,0.00,2,78),(465,0.00,3,78),(466,304.00,4,78),(467,304.00,5,78),(468,0.00,6,78),(469,240.00,1,79),(470,0.00,2,79),(471,0.00,3,79),(472,276.00,4,79),(473,276.00,5,79),(474,0.00,6,79),(475,188.00,1,80),(476,0.00,2,80),(477,0.00,3,80),(478,216.00,4,80),(479,216.00,5,80),(480,0.00,6,80),(481,226.00,1,81),(482,0.00,2,81),(483,0.00,3,81),(484,260.00,4,81),(485,260.00,5,81),(486,0.00,6,81),(487,150.00,1,82),(488,0.00,2,82),(489,0.00,3,82),(490,172.00,4,82),(491,172.00,5,82),(492,0.00,6,82),(493,201.00,1,83),(494,0.00,2,83),(495,0.00,3,83),(496,231.00,4,83),(497,231.00,5,83),(498,0.00,6,83),(499,370.00,1,84),(500,0.00,2,84),(501,0.00,3,84),(502,425.00,4,84),(503,425.00,5,84),(504,0.00,6,84),(505,90.00,1,85),(506,0.00,2,85),(507,0.00,3,85),(508,103.00,4,85),(509,103.00,5,85),(510,0.00,6,85),(511,280.00,1,86),(512,0.00,2,86),(513,0.00,3,86),(514,322.00,4,86),(515,322.00,5,86),(516,0.00,6,86),(517,130.00,1,87),(518,0.00,2,87),(519,0.00,3,87),(520,149.00,4,87),(521,149.00,5,87),(522,0.00,6,87),(523,120.00,1,88),(524,0.00,2,88),(525,0.00,3,88),(526,138.00,4,88),(527,138.00,5,88),(528,0.00,6,88),(529,120.00,1,89),(530,0.00,2,89),(531,0.00,3,89),(532,138.00,4,89),(533,138.00,5,89),(534,0.00,6,89),(535,120.00,1,90),(536,0.00,2,90),(537,0.00,3,90),(538,138.00,4,90),(539,138.00,5,90),(540,0.00,6,90),(541,270.00,1,91),(542,0.00,2,91),(543,0.00,3,91),(544,310.00,4,91),(545,310.00,5,91),(546,0.00,6,91),(547,70.00,1,92),(548,0.00,2,92),(549,0.00,3,92),(550,80.00,4,92),(551,80.00,5,92),(552,0.00,6,92),(553,390.00,1,93),(554,0.00,2,93),(555,0.00,3,93),(556,448.00,4,93),(557,448.00,5,93),(558,0.00,6,93),(559,358.00,1,94),(560,0.00,2,94),(561,0.00,3,94),(562,411.00,4,94),(563,411.00,5,94),(564,0.00,6,94),(565,220.00,1,95),(566,0.00,2,95),(567,0.00,3,95),(568,253.00,4,95),(569,253.00,5,95),(570,0.00,6,95),(571,240.00,1,96),(572,0.00,2,96),(573,0.00,3,96),(574,276.00,4,96),(575,276.00,5,96),(576,0.00,6,96),(577,220.00,1,97),(578,0.00,2,97),(579,0.00,3,97),(580,253.00,4,97),(581,253.00,5,97),(582,0.00,6,97),(583,220.00,1,98),(584,0.00,2,98),(585,0.00,3,98),(586,253.00,4,98),(587,253.00,5,98),(588,0.00,6,98),(589,98.00,1,99),(590,0.00,2,99),(591,0.00,3,99),(592,112.00,4,99),(593,112.00,5,99),(594,0.00,6,99),(595,160.00,1,100),(596,0.00,2,100),(597,0.00,3,100),(598,184.00,4,100),(599,184.00,5,100),(600,0.00,6,100),(601,140.00,1,101),(602,0.00,2,101),(603,0.00,3,101),(604,160.00,4,101),(605,160.00,5,101),(606,0.00,6,101),(607,129.00,1,102),(608,0.00,2,102),(609,0.00,3,102),(610,149.00,4,102),(611,149.00,5,102),(612,0.00,6,102),(613,248.00,1,103),(614,0.00,2,103),(615,0.00,3,103),(616,285.00,4,103),(617,285.00,5,103),(618,0.00,6,103),(619,248.00,1,104),(620,0.00,2,104),(621,0.00,3,104),(622,285.00,4,104),(623,285.00,5,104),(624,0.00,6,104),(625,198.00,1,105),(626,0.00,2,105),(627,0.00,3,105),(628,227.00,4,105),(629,227.00,5,105),(630,0.00,6,105),(631,248.00,1,106),(632,0.00,2,106),(633,0.00,3,106),(634,285.00,4,106),(635,285.00,5,106),(636,0.00,6,106),(637,228.00,1,107),(638,0.00,2,107),(639,0.00,3,107),(640,262.00,4,107),(641,262.00,5,107),(642,0.00,6,107),(643,120.00,1,108),(644,0.00,2,108),(645,0.00,3,108),(646,138.00,4,108),(647,138.00,5,108),(648,0.00,6,108),(649,248.00,1,109),(650,0.00,2,109),(651,0.00,3,109),(652,285.00,4,109),(653,285.00,5,109),(654,0.00,6,109),(655,248.00,1,110),(656,0.00,2,110),(657,0.00,3,110),(658,285.00,4,110),(659,285.00,5,110),(660,0.00,6,110),(661,140.00,1,111),(662,0.00,2,111),(663,0.00,3,111),(664,160.00,4,111),(665,160.00,5,111),(666,0.00,6,111),(667,100.00,1,112),(668,0.00,2,112),(669,0.00,3,112),(670,115.00,4,112),(671,115.00,5,112),(672,0.00,6,112),(673,250.00,1,113),(674,0.00,2,113),(675,0.00,3,113),(676,287.00,4,113),(677,287.00,5,113),(678,0.00,6,113),(679,220.00,1,114),(680,0.00,2,114),(681,0.00,3,114),(682,253.00,4,114),(683,253.00,5,114),(684,0.00,6,114),(685,90.00,1,115),(686,0.00,2,115),(687,0.00,3,115),(688,100.00,4,115),(689,100.00,5,115),(690,0.00,6,115),(691,198.00,1,116),(692,0.00,2,116),(693,0.00,3,116),(694,227.00,4,116),(695,227.00,5,116),(696,0.00,6,116),(697,250.00,1,117),(698,0.00,2,117),(699,0.00,3,117),(700,287.00,4,117),(701,287.00,5,117),(702,0.00,6,117),(703,270.00,1,118),(704,0.00,2,118),(705,0.00,3,118),(706,310.00,4,118),(707,310.00,5,118),(708,0.00,6,118),(709,190.00,1,119),(710,0.00,2,119),(711,0.00,3,119),(712,218.00,4,119),(713,218.00,5,119),(714,0.00,6,119),(715,140.00,1,120),(716,0.00,2,120),(717,0.00,3,120),(718,160.00,4,120),(719,160.00,5,120),(720,0.00,6,120),(721,230.00,1,121),(722,0.00,2,121),(723,0.00,3,121),(724,264.00,4,121),(725,264.00,5,121),(726,0.00,6,121),(727,298.00,1,122),(728,0.00,2,122),(729,0.00,3,122),(730,342.00,4,122),(731,342.00,5,122),(732,0.00,6,122),(733,298.00,1,123),(734,0.00,2,123),(735,0.00,3,123),(736,342.00,4,123),(737,342.00,5,123),(738,0.00,6,123),(739,216.00,1,124),(740,0.00,2,124),(741,0.00,3,124),(742,248.00,4,124),(743,248.00,5,124),(744,0.00,6,124),(745,268.00,1,125),(746,0.00,2,125),(747,0.00,3,125),(748,308.00,4,125),(749,308.00,5,125),(750,0.00,6,125),(751,268.00,1,126),(752,0.00,2,126),(753,0.00,3,126),(754,308.00,4,126),(755,308.00,5,126),(756,0.00,6,126),(757,280.00,1,127),(758,0.00,2,127),(759,0.00,3,127),(760,322.00,4,127),(761,322.00,5,127),(762,0.00,6,127),(763,296.00,1,128),(764,0.00,2,128),(765,0.00,3,128),(766,340.00,4,128),(767,340.00,5,128),(768,0.00,6,128),(769,296.00,1,129),(770,0.00,2,129),(771,0.00,3,129),(772,340.00,4,129),(773,340.00,5,129),(774,0.00,6,129),(775,298.00,1,130),(776,0.00,2,130),(777,0.00,3,130),(778,342.00,4,130),(779,342.00,5,130),(780,0.00,6,130),(781,298.00,1,131),(782,0.00,2,131),(783,0.00,3,131),(784,342.00,4,131),(785,342.00,5,131),(786,0.00,6,131),(787,298.00,1,132),(788,0.00,2,132),(789,0.00,3,132),(790,342.00,4,132),(791,342.00,5,132),(792,0.00,6,132),(793,338.00,1,133),(794,0.00,2,133),(795,0.00,3,133),(796,388.00,4,133),(797,388.00,5,133),(798,0.00,6,133),(799,338.00,1,134),(800,0.00,2,134),(801,0.00,3,134),(802,388.00,4,134),(803,388.00,5,134),(804,0.00,6,134),(805,338.00,1,135),(806,0.00,2,135),(807,0.00,3,135),(808,388.00,4,135),(809,388.00,5,135),(810,0.00,6,135),(811,338.00,1,136),(812,0.00,2,136),(813,0.00,3,136),(814,388.00,4,136),(815,388.00,5,136),(816,0.00,6,136),(817,338.00,1,137),(818,0.00,2,137),(819,0.00,3,137),(820,388.00,4,137),(821,388.00,5,137),(822,0.00,6,137),(823,338.00,1,138),(824,0.00,2,138),(825,0.00,3,138),(826,388.00,4,138),(827,388.00,5,138),(828,0.00,6,138),(829,324.00,1,139),(830,0.00,2,139),(831,0.00,3,139),(832,372.00,4,139),(833,372.00,5,139),(834,0.00,6,139),(835,330.00,1,140),(836,0.00,2,140),(837,0.00,3,140),(838,379.00,4,140),(839,379.00,5,140),(840,0.00,6,140),(841,334.00,1,141),(842,0.00,2,141),(843,0.00,3,141),(844,384.00,4,141),(845,384.00,5,141),(846,0.00,6,141),(847,334.00,1,142),(848,0.00,2,142),(849,0.00,3,142),(850,384.00,4,142),(851,384.00,5,142),(852,0.00,6,142),(853,320.00,1,143),(854,0.00,2,143),(855,0.00,3,143),(856,368.00,4,143),(857,368.00,5,143),(858,0.00,6,143),(859,320.00,1,144),(860,0.00,2,144),(861,0.00,3,144),(862,368.00,4,144),(863,368.00,5,144),(864,0.00,6,144),(865,298.00,1,145),(866,0.00,2,145),(867,0.00,3,145),(868,342.00,4,145),(869,342.00,5,145),(870,0.00,6,145),(871,230.00,1,146),(872,0.00,2,146),(873,0.00,3,146),(874,264.00,4,146),(875,264.00,5,146),(876,0.00,6,146),(877,250.00,1,147),(878,0.00,2,147),(879,0.00,3,147),(880,287.00,4,147),(881,287.00,5,147),(882,0.00,6,147),(883,356.00,1,148),(884,0.00,2,148),(885,0.00,3,148),(886,409.00,4,148),(887,409.00,5,148),(888,0.00,6,148),(889,350.00,1,149),(890,0.00,2,149),(891,0.00,3,149),(892,400.00,4,149),(893,400.00,5,149),(894,0.00,6,149),(895,260.00,1,150),(896,0.00,2,150),(897,0.00,3,150),(898,299.00,4,150),(899,299.00,5,150),(900,0.00,6,150),(901,260.00,1,151),(902,0.00,2,151),(903,0.00,3,151),(904,299.00,4,151),(905,299.00,5,151),(906,0.00,6,151),(907,260.00,1,152),(908,0.00,2,152),(909,0.00,3,152),(910,299.00,4,152),(911,299.00,5,152),(912,0.00,6,152),(913,260.00,1,153),(914,0.00,2,153),(915,0.00,3,153),(916,299.00,4,153),(917,299.00,5,153),(918,0.00,6,153),(919,260.00,1,154),(920,0.00,2,154),(921,0.00,3,154),(922,299.00,4,154),(923,299.00,5,154),(924,0.00,6,154),(925,270.00,1,155),(926,0.00,2,155),(927,0.00,3,155),(928,310.00,4,155),(929,310.00,5,155),(930,0.00,6,155),(931,270.00,1,156),(932,0.00,2,156),(933,0.00,3,156),(934,310.00,4,156),(935,310.00,5,156),(936,0.00,6,156),(937,350.00,1,157),(938,0.00,2,157),(939,0.00,3,157),(940,402.00,4,157),(941,402.00,5,157),(942,0.00,6,157),(943,320.00,1,158),(944,0.00,2,158),(945,0.00,3,158),(946,368.00,4,158),(947,368.00,5,158),(948,0.00,6,158),(949,260.00,1,159),(950,0.00,2,159),(951,0.00,3,159),(952,299.00,4,159),(953,299.00,5,159),(954,0.00,6,159),(955,270.00,1,160),(956,0.00,2,160),(957,0.00,3,160),(958,310.00,4,160),(959,310.00,5,160),(960,0.00,6,160),(961,590.00,1,161),(962,0.00,2,161),(963,0.00,3,161),(964,678.00,4,161),(965,678.00,5,161),(966,0.00,6,161),(967,590.00,1,162),(968,0.00,2,162),(969,0.00,3,162),(970,678.00,4,162),(971,678.00,5,162),(972,0.00,6,162),(973,550.00,1,163),(974,0.00,2,163),(975,0.00,3,163),(976,632.00,4,163),(977,632.00,5,163),(978,0.00,6,163),(979,198.00,1,164),(980,0.00,2,164),(981,0.00,3,164),(982,227.00,4,164),(983,227.00,5,164),(984,0.00,6,164),(985,260.00,1,165),(986,0.00,2,165),(987,0.00,3,165),(988,299.00,4,165),(989,299.00,5,165),(990,0.00,6,165),(991,298.00,1,166),(992,0.00,2,166),(993,0.00,3,166),(994,342.00,4,166),(995,342.00,5,166),(996,0.00,6,166),(997,298.00,1,167),(998,0.00,2,167),(999,0.00,3,167),(1000,342.00,4,167),(1001,342.00,5,167),(1002,0.00,6,167),(1003,298.00,1,168),(1004,0.00,2,168),(1005,0.00,3,168),(1006,342.00,4,168),(1007,342.00,5,168),(1008,0.00,6,168),(1009,168.00,1,169),(1010,0.00,2,169),(1011,0.00,3,169),(1012,193.00,4,169),(1013,193.00,5,169),(1014,0.00,6,169),(1015,219.00,1,170),(1016,0.00,2,170),(1017,0.00,3,170),(1018,251.00,4,170),(1019,251.00,5,170),(1020,0.00,6,170),(1021,219.00,1,171),(1022,0.00,2,171),(1023,0.00,3,171),(1024,251.00,4,171),(1025,251.00,5,171),(1026,0.00,6,171),(1027,230.00,1,172),(1028,0.00,2,172),(1029,0.00,3,172),(1030,264.00,4,172),(1031,254.00,5,172),(1032,0.00,6,172),(1033,210.00,1,173),(1034,0.00,2,173),(1035,0.00,3,173),(1036,240.00,4,173),(1037,240.00,5,173),(1038,0.00,6,173),(1039,230.00,1,174),(1040,0.00,2,174),(1041,0.00,3,174),(1042,264.00,4,174),(1043,264.00,5,174),(1044,0.00,6,174),(1045,240.00,1,175),(1046,0.00,2,175),(1047,0.00,3,175),(1048,276.00,4,175),(1049,276.00,5,175),(1050,0.00,6,175),(1051,100.00,1,176),(1052,0.00,2,176),(1053,0.00,3,176),(1054,115.00,4,176),(1055,115.00,5,176),(1056,0.00,6,176),(1057,100.00,1,177),(1058,0.00,2,177),(1059,0.00,3,177),(1060,115.00,4,177),(1061,115.00,5,177),(1062,0.00,6,177),(1063,153.00,1,178),(1064,0.00,2,178),(1065,0.00,3,178),(1066,176.00,4,178),(1067,176.00,5,178),(1068,0.00,6,178),(1069,153.00,1,179),(1070,0.00,2,179),(1071,0.00,3,179),(1072,176.00,4,179),(1073,176.00,5,179),(1074,0.00,6,179),(1075,198.00,1,180),(1076,0.00,2,180),(1077,0.00,3,180),(1078,227.00,4,180),(1079,227.00,5,180),(1080,0.00,6,180),(1081,170.00,1,181),(1082,0.00,2,181),(1083,0.00,3,181),(1084,195.00,4,181),(1085,195.00,5,181),(1086,0.00,6,181),(1087,165.00,1,182),(1088,0.00,2,182),(1089,0.00,3,182),(1090,189.00,4,182),(1091,189.00,5,182),(1092,0.00,6,182),(1093,198.00,1,183),(1094,0.00,2,183),(1095,0.00,3,183),(1096,227.00,4,183),(1097,227.00,5,183),(1098,0.00,6,183);
/*!40000 ALTER TABLE `tipoventa_prenda` ENABLE KEYS */;
UNLOCK TABLES;

--
-- Table structure for table `venta`
--

DROP TABLE IF EXISTS `venta`;
/*!40101 SET @saved_cs_client     = @@character_set_client */;
/*!40101 SET character_set_client = utf8 */;
CREATE TABLE `venta` (
  `idVenta` int(11) NOT NULL AUTO_INCREMENT,
  `estado` varchar(1) DEFAULT NULL,
  `idCliente` int(11) NOT NULL,
  `idVendedor` int(11) NOT NULL,
  `precioVenta` double NOT NULL,
  `entregaCliente` double NOT NULL,
  `fechaVenta` timestamp NOT NULL DEFAULT CURRENT_TIMESTAMP ON UPDATE CURRENT_TIMESTAMP,
  PRIMARY KEY (`idVenta`),
  KEY `fk_Venta_Persona1_idx` (`idCliente`),
  KEY `fk_Venta_Persona2_idx` (`idVendedor`),
  CONSTRAINT `fk_Venta_Persona1` FOREIGN KEY (`idCliente`) REFERENCES `persona` (`idPersona`) ON DELETE NO ACTION ON UPDATE NO ACTION,
  CONSTRAINT `fk_Venta_Persona2` FOREIGN KEY (`idVendedor`) REFERENCES `persona` (`idPersona`) ON DELETE NO ACTION ON UPDATE NO ACTION
) ENGINE=InnoDB AUTO_INCREMENT=4 DEFAULT CHARSET=utf8;
/*!40101 SET character_set_client = @saved_cs_client */;

--
-- Dumping data for table `venta`
--

LOCK TABLES `venta` WRITE;
/*!40000 ALTER TABLE `venta` DISABLE KEYS */;
INSERT INTO `venta` VALUES (1,'V',2,1,368,368,'2014-08-06 05:08:56'),(2,'C',2,1,198,198,'2014-08-08 00:21:14'),(3,'C',2,1,198,198,'2014-08-08 00:27:18');
/*!40000 ALTER TABLE `venta` ENABLE KEYS */;
UNLOCK TABLES;

--
-- Table structure for table `venta_renglon`
--

DROP TABLE IF EXISTS `venta_renglon`;
/*!40101 SET @saved_cs_client     = @@character_set_client */;
/*!40101 SET character_set_client = utf8 */;
CREATE TABLE `venta_renglon` (
  `idVentaRenglon` int(11) NOT NULL AUTO_INCREMENT,
  `idVenta` int(11) NOT NULL,
  `idPrenda` int(11) NOT NULL,
  `cantidadPrenda` int(11) NOT NULL,
  `idTipoVenta` int(11) NOT NULL,
  `precioVendido` double NOT NULL,
  `estado` varchar(1) NOT NULL DEFAULT 'V',
  PRIMARY KEY (`idVentaRenglon`),
  KEY `fk_Venta_Renglon1_idx` (`idVenta`),
  KEY `fk_Venta_Renglon2_idx` (`idPrenda`),
  KEY `fk_Venta_Renglon3_idx` (`idTipoVenta`),
  CONSTRAINT `fk_Venta_Renglon1` FOREIGN KEY (`idVenta`) REFERENCES `venta` (`idVenta`) ON DELETE NO ACTION ON UPDATE NO ACTION,
  CONSTRAINT `fk_Venta_Renglon2` FOREIGN KEY (`idPrenda`) REFERENCES `prenda` (`idPrenda`) ON DELETE NO ACTION ON UPDATE NO ACTION,
  CONSTRAINT `fk_Venta_Renglon3` FOREIGN KEY (`idTipoVenta`) REFERENCES `tipoventa` (`idTipoVenta`) ON DELETE NO ACTION ON UPDATE NO ACTION
) ENGINE=InnoDB AUTO_INCREMENT=6 DEFAULT CHARSET=utf8;
/*!40101 SET character_set_client = @saved_cs_client */;

--
-- Dumping data for table `venta_renglon`
--

LOCK TABLES `venta_renglon` WRITE;
/*!40000 ALTER TABLE `venta_renglon` DISABLE KEYS */;
INSERT INTO `venta_renglon` VALUES (1,1,53,1,5,368,'V'),(2,2,6,1,1,99,'C'),(3,2,7,1,2,99,'V'),(4,3,6,1,4,99,'C'),(5,3,8,1,5,99,'V');
/*!40000 ALTER TABLE `venta_renglon` ENABLE KEYS */;
UNLOCK TABLES;
/*!40103 SET TIME_ZONE=@OLD_TIME_ZONE */;

/*!40101 SET SQL_MODE=@OLD_SQL_MODE */;
/*!40014 SET FOREIGN_KEY_CHECKS=@OLD_FOREIGN_KEY_CHECKS */;
/*!40014 SET UNIQUE_CHECKS=@OLD_UNIQUE_CHECKS */;
/*!40101 SET CHARACTER_SET_CLIENT=@OLD_CHARACTER_SET_CLIENT */;
/*!40101 SET CHARACTER_SET_RESULTS=@OLD_CHARACTER_SET_RESULTS */;
/*!40101 SET COLLATION_CONNECTION=@OLD_COLLATION_CONNECTION */;
/*!40111 SET SQL_NOTES=@OLD_SQL_NOTES */;

-- Dump completed on 2014-08-27 22:00:38
