-- phpMyAdmin SQL Dump
-- version 4.0.4
-- http://www.phpmyadmin.net
--
-- Servidor: localhost
-- Tiempo de generación: 18-12-2014 a las 07:44:05
-- Versión del servidor: 5.6.12-log
-- Versión de PHP: 5.4.12

SET SQL_MODE = "NO_AUTO_VALUE_ON_ZERO";
SET time_zone = "+00:00";


/*!40101 SET @OLD_CHARACTER_SET_CLIENT=@@CHARACTER_SET_CLIENT */;
/*!40101 SET @OLD_CHARACTER_SET_RESULTS=@@CHARACTER_SET_RESULTS */;
/*!40101 SET @OLD_COLLATION_CONNECTION=@@COLLATION_CONNECTION */;
/*!40101 SET NAMES utf8 */;

--
-- Base de datos: `eclectica`
--
CREATE DATABASE IF NOT EXISTS `eclectica` DEFAULT CHARACTER SET latin1 COLLATE latin1_swedish_ci;
USE `eclectica`;

-- --------------------------------------------------------

--
-- Estructura de tabla para la tabla `color`
--

CREATE TABLE IF NOT EXISTS `color` (
  `idColor` int(11) NOT NULL AUTO_INCREMENT,
  `detalleColor` varchar(45) DEFAULT NULL,
  PRIMARY KEY (`idColor`)
) ENGINE=InnoDB  DEFAULT CHARSET=utf8 AUTO_INCREMENT=99 ;

--
-- Volcado de datos para la tabla `color`
--

INSERT INTO `color` (`idColor`, `detalleColor`) VALUES
(1, 'Blanco'),
(2, 'Gris'),
(3, 'GRIS OSCURO'),
(4, 'AZUL FRANCIA'),
(5, 'AZUL MARINO'),
(6, 'ROJO'),
(7, 'BORDO'),
(8, 'VERDE ESMERALDA'),
(9, 'VERDE SECO'),
(10, 'VERDE MUSGO'),
(11, 'VERDE MANZANA'),
(12, 'VERDE AGUA'),
(13, 'VERDE PETROLEO'),
(14, 'AZUL PETROLEO'),
(15, 'ROSA'),
(16, 'NARANJA'),
(17, 'CORAL'),
(18, 'SALMON'),
(19, 'FUXIA'),
(20, 'LACRE'),
(21, 'LADRILLO'),
(22, 'CELESTE'),
(23, 'AZUL OSCURO'),
(24, 'TURQUESA'),
(25, 'CAMEL'),
(26, 'CHOCOLATE'),
(27, 'VISON'),
(28, 'MANTECA'),
(29, 'BEIGE'),
(30, 'TOSTADO'),
(31, 'LILA'),
(32, 'VIOLETA'),
(33, 'AMARILLO'),
(34, 'MOSTAZA'),
(35, 'FLUO'),
(36, 'DORADO'),
(37, 'PLATEADO'),
(38, 'NEGRO'),
(39, 'VERDE BOTELLA'),
(40, 'NEGRO C/VERDE-SALMON-LAVANDA'),
(41, 'AZUL-CELESTE'),
(42, 'LAVANDA-BEIGE'),
(43, 'LAVANDA'),
(44, 'VISON'),
(45, 'BLANCO Y VERDE'),
(46, 'MAIZ (VERA)'),
(47, 'CENIZA-BEIGE'),
(48, 'PENELOPE-FUXIA'),
(49, 'LAGO-AZUL FRANCIA'),
(50, 'VERDE-AMAR-ROSA-BCO'),
(51, 'FUXIA-ROSA-AMAR'),
(52, 'AZUL-BLANCO'),
(53, 'AZUL GASTADO'),
(54, 'celeste-marron'),
(55, 'CORAL-NEGRO'),
(56, 'NEGRO-GRIS-ROJO'),
(57, 'VERDE MENTA'),
(58, 'VERDE MENTA-BLANCO'),
(59, 'NEGRO-BLANCO'),
(60, 'oxido'),
(61, 'negro-dorado'),
(62, 'negro-fuxia'),
(63, 'negro-verde-turquesa'),
(64, 'negro-gris'),
(65, 'VERDE AGUA'),
(66, 'AZUL-BEIGE'),
(67, 'BLANCO-BORDO-AZUL-VERDE'),
(68, 'GRIS-VISON'),
(69, 'FUXIA-NARANJA'),
(70, 'SALMON'),
(71, 'ROSA-LILA-VERDE'),
(72, 'ROSA-VISON-LILA'),
(73, 'JALEA-BEIGE'),
(74, 'CEBADA-SUELA'),
(75, 'POLAR -PETROLEO'),
(76, 'INDIGO-AZUL GASTADO'),
(77, 'KIWI'),
(78, 'REFLEX BLUE'),
(79, 'OLIVA'),
(80, 'POLAR'),
(81, 'red puka-fuxia'),
(82, 'NACAR MIEL - BEIGE'),
(83, 'PARAISO-SALMON'),
(84, 'LIGHT PINK-CORAL CLARO'),
(85, 'VERDE MAR-VERDE AGUA'),
(86, 'FIRMAMENTO-AZUL'),
(87, 'COTTON ROSE-MAIZ ROSA VERDE AGUA'),
(88, 'GLOW'),
(89, 'ARCILLA'),
(90, 'CRUDO'),
(91, 'INK - AZUL FRANCIA'),
(92, 'LAUREL - VERDE'),
(93, 'GRIS MELANGE'),
(94, 'MORA - BORDO'),
(95, 'ROCA - BEIGE'),
(96, 'BAILEYS - CREMA'),
(97, 'NEGRO-BLANCO-FUXIA-VERDE'),
(98, 'AZUL-BEIGE-LACRE');

-- --------------------------------------------------------

--
-- Estructura de tabla para la tabla `empresa`
--

CREATE TABLE IF NOT EXISTS `empresa` (
  `idEmpresa` int(11) NOT NULL AUTO_INCREMENT,
  `nombreEmpresa` varchar(45) DEFAULT NULL,
  `dirEmpresa` varchar(50) NOT NULL,
  `cuitEmpresa` varchar(13) NOT NULL,
  `telEmpresa` varchar(20) NOT NULL,
  `emailEmpresa` varchar(100) NOT NULL,
  `logoEmpresa` varchar(200) NOT NULL,
  PRIMARY KEY (`idEmpresa`)
) ENGINE=InnoDB  DEFAULT CHARSET=utf8 AUTO_INCREMENT=2 ;

--
-- Volcado de datos para la tabla `empresa`
--

INSERT INTO `empresa` (`idEmpresa`, `nombreEmpresa`, `dirEmpresa`, `cuitEmpresa`, `telEmpresa`, `emailEmpresa`, `logoEmpresa`) VALUES
(1, 'Eclectica Esperanza', '25 de mayo 1458', '---', '03496 430854', 'eclectica.esperanza@facebook.com', 'logo.png');

-- --------------------------------------------------------

--
-- Estructura de tabla para la tabla `entrega`
--

CREATE TABLE IF NOT EXISTS `entrega` (
  `idEntrega` int(11) NOT NULL AUTO_INCREMENT,
  `idCliente` int(11) NOT NULL,
  `idVendedor` int(11) DEFAULT NULL,
  `valorEntrega` double NOT NULL,
  `fechaEntrega` timestamp NOT NULL DEFAULT CURRENT_TIMESTAMP ON UPDATE CURRENT_TIMESTAMP,
  `inicial` varchar(2) NOT NULL,
  `tipo` varchar(1) NOT NULL DEFAULT 'E',
  PRIMARY KEY (`idEntrega`),
  KEY `fk_Entrega_Persona1_idx` (`idCliente`),
  KEY `fk_Entrega_Persona2_idx` (`idVendedor`)
) ENGINE=InnoDB  DEFAULT CHARSET=utf8 AUTO_INCREMENT=9 ;

--
-- Volcado de datos para la tabla `entrega`
--

INSERT INTO `entrega` (`idEntrega`, `idCliente`, `idVendedor`, `valorEntrega`, `fechaEntrega`, `inicial`, `tipo`) VALUES
(1, 2, 1, -142, '2014-06-28 12:02:13', '0', 'E'),
(2, 30, NULL, 0, '2014-08-14 11:38:38', 'S', 'E'),
(3, 31, NULL, 0, '2014-08-20 10:46:11', 'S', 'E'),
(4, 32, NULL, 0, '2014-08-28 15:35:08', 'S', 'E'),
(5, 33, NULL, 0, '2014-08-28 04:43:40', 'S', 'E'),
(6, 34, NULL, 0, '2014-09-06 15:54:00', 'S', 'E'),
(7, 34, 3, -693, '2014-09-06 15:57:41', 'NM', 'E'),
(8, 34, 1, 693, '2014-12-12 14:38:19', 'N', 'E');

-- --------------------------------------------------------

--
-- Estructura de tabla para la tabla `estacion`
--

CREATE TABLE IF NOT EXISTS `estacion` (
  `idEstacion` int(11) NOT NULL AUTO_INCREMENT,
  `detalleEstacion` varchar(45) DEFAULT NULL,
  PRIMARY KEY (`idEstacion`)
) ENGINE=InnoDB  DEFAULT CHARSET=utf8 AUTO_INCREMENT=6 ;

--
-- Volcado de datos para la tabla `estacion`
--

INSERT INTO `estacion` (`idEstacion`, `detalleEstacion`) VALUES
(1, 'Verano 2014'),
(2, 'Otoño 2014'),
(3, 'Invierno 2014'),
(4, 'Primavera 2014'),
(5, 'verano 2015');

-- --------------------------------------------------------

--
-- Estructura de tabla para la tabla `estampado`
--

CREATE TABLE IF NOT EXISTS `estampado` (
  `idEstampado` int(11) NOT NULL AUTO_INCREMENT,
  `detalleEstampado` varchar(45) DEFAULT NULL,
  PRIMARY KEY (`idEstampado`)
) ENGINE=InnoDB  DEFAULT CHARSET=utf8 AUTO_INCREMENT=35 ;

--
-- Volcado de datos para la tabla `estampado`
--

INSERT INTO `estampado` (`idEstampado`, `detalleEstampado`) VALUES
(1, 'RAYADO'),
(2, 'LUNARES'),
(3, 'ANIMAL PRINT'),
(4, 'FLORES'),
(5, 'INCAICO'),
(6, 'BULGARO'),
(7, 'ESCOSES'),
(8, 'BATIK'),
(9, 'DEGRADE'),
(10, 'SUBLIMADO'),
(11, 'BORDADO'),
(12, 'TACHAS'),
(13, 'FLECOS'),
(14, 'LISO'),
(15, 'GASTADO'),
(16, 'LOCALIZADO'),
(17, 'ESTAMPA'),
(18, 'DIBUJO ANIMALES'),
(19, 'IMPRESION VARIADA'),
(20, 'ROTO'),
(21, 'BORDADA'),
(22, 'NEVADA'),
(23, 'ESTRELLAS'),
(24, 'ESTAMPE BRILLOSO'),
(25, 'BRILLITOS'),
(26, 'JASPEADO'),
(27, 'CORAZONES'),
(28, 'LENTEJUELA'),
(29, 'Incaico'),
(30, 'ROMBOS'),
(31, 'CEBRA'),
(32, 'ANIMALES'),
(33, 'PUNTILLA'),
(34, 'letras');

-- --------------------------------------------------------

--
-- Estructura de tabla para la tabla `formapago`
--

CREATE TABLE IF NOT EXISTS `formapago` (
  `idFormaPago` int(11) NOT NULL AUTO_INCREMENT,
  `detalleFormaPago` varchar(30) NOT NULL,
  PRIMARY KEY (`idFormaPago`)
) ENGINE=InnoDB  DEFAULT CHARSET=latin1 AUTO_INCREMENT=8 ;

--
-- Volcado de datos para la tabla `formapago`
--

INSERT INTO `formapago` (`idFormaPago`, `detalleFormaPago`) VALUES
(1, 'EFECTIVO'),
(2, 'DEBITO'),
(3, 'FINANCIERA'),
(4, 'CUENTA CORRIENTE'),
(5, 'TARJETA DE CREDITO'),
(6, 'TRANSFERENCIA'),
(7, 'CHEQUE');

-- --------------------------------------------------------

--
-- Estructura de tabla para la tabla `gasto`
--

CREATE TABLE IF NOT EXISTS `gasto` (
  `idGasto` int(11) NOT NULL AUTO_INCREMENT,
  `fechaGasto` date NOT NULL,
  `idProveedorGasto` int(11) NOT NULL,
  `detalleGasto` varchar(200) NOT NULL,
  `importeGasto` decimal(7,2) NOT NULL,
  `idFormaPagoGasto` int(11) NOT NULL,
  `idEmpresaGasto` int(11) NOT NULL,
  PRIMARY KEY (`idGasto`),
  KEY `idEmpresaGasto` (`idEmpresaGasto`),
  KEY `idProveedorGasto` (`idProveedorGasto`)
) ENGINE=InnoDB  DEFAULT CHARSET=latin1 AUTO_INCREMENT=15 ;

--
-- Volcado de datos para la tabla `gasto`
--

INSERT INTO `gasto` (`idGasto`, `fechaGasto`, `idProveedorGasto`, `detalleGasto`, `importeGasto`, `idFormaPagoGasto`, `idEmpresaGasto`) VALUES
(2, '2014-11-01', 9, 'Presentes Navideños', '500.00', 2, 1),
(11, '2014-12-07', 7, 'popoop', '1111.00', 1, 1),
(12, '2014-12-10', 7, '1231231231', '1111.00', 1, 1),
(13, '2014-01-01', 19, 'SDSDASD', '1111.00', 1, 1),
(14, '2014-12-13', 17, 'algomas', '258.00', 5, 1);

-- --------------------------------------------------------

--
-- Estructura de tabla para la tabla `marca`
--

CREATE TABLE IF NOT EXISTS `marca` (
  `idMarca` int(11) NOT NULL AUTO_INCREMENT,
  `detalleMarca` varchar(45) DEFAULT NULL,
  PRIMARY KEY (`idMarca`)
) ENGINE=InnoDB  DEFAULT CHARSET=utf8 AUTO_INCREMENT=103 ;

--
-- Volcado de datos para la tabla `marca`
--

INSERT INTO `marca` (`idMarca`, `detalleMarca`) VALUES
(15, 'X-AGE'),
(16, 'BOHO-COTTON'),
(17, 'VICKY JEANS'),
(18, 'GIUS JEANS'),
(19, 'BUENOS AIRES'),
(20, 'KURBASH'),
(21, 'CAPITU'),
(22, 'VER'),
(23, 'YURICCI'),
(24, 'QUE SERA'),
(25, 'CUPLA'),
(26, 'LADY TAWIL'),
(27, 'EOS'),
(28, 'GIGANTEX'),
(29, 'ING-CO'),
(30, 'JEMIS JEANS'),
(31, 'NAHANA JEANS'),
(32, 'MODAS LIM'),
(33, 'TARYM'),
(34, 'ACACIA'),
(35, 'PINK TOMATO'),
(36, 'SIL-MI'),
(37, 'AY-POO'),
(38, 'BARILOCHE'),
(39, 'GAVEL B'),
(40, 'KAMOO'),
(41, 'GOUNI'),
(42, 'I-LATINA'),
(43, 'M´AMIE'),
(44, 'LULU'),
(45, 'ILUSION'),
(46, 'MIX Y MATCH'),
(47, 'ENTER'),
(48, 'FEMINI'),
(49, 'MIZ'),
(50, 'NIKKI'),
(51, 'BELL'),
(52, 'ARYTA'),
(53, 'MOTRIZ'),
(54, '180 °'),
(55, 'ENEKO'),
(56, 'SEMI JEANS'),
(57, 'MAGENTA'),
(58, 'APOLO'),
(59, 'BENDITA DIFERENCIA'),
(60, 'VERONICA'),
(61, 'FASHION 25'),
(62, 'SUZANNEL'),
(63, 'LOQUITA'),
(64, 'CRISTAL'),
(65, 'DA MILAN'),
(66, 'ARYE'),
(67, 'SAQUIAMA'),
(68, 'BIG MAMA'),
(69, 'IODI'),
(70, 'ENFOQUE'),
(71, 'DIGITO'),
(72, 'EOS'),
(73, 'VEX'),
(74, 'LAUTARO'),
(75, 'CTE'),
(76, 'WE LOVE IT'),
(77, 'SHAPLE JEANS'),
(78, 'BORA'),
(79, 'NORANO'),
(80, 'crash'),
(81, 'YVONNE-MOTIVITI'),
(82, 'THIS WEEK'),
(83, 'OASSIAN'),
(84, 'FEES'),
(85, 'ZURAH'),
(86, 'CHETA'),
(87, 'minnaKazzira'),
(88, 'RIM´S'),
(89, 'ELLIJE'),
(90, 'BALADA DE OBOE'),
(91, 'MAITRY'),
(92, 'NAITE'),
(93, 'HEINE'),
(94, 'MARYSOL-NATASHA'),
(95, 'city'),
(96, 'CARVEN'),
(97, 'PH MATERNITY'),
(98, 'HUMANIQUE'),
(99, 'nouvelle'),
(100, 'TINA'),
(101, 'TINA'),
(102, 'CLAUVANN');

-- --------------------------------------------------------

--
-- Estructura de tabla para la tabla `persona`
--

CREATE TABLE IF NOT EXISTS `persona` (
  `idPersona` int(11) NOT NULL AUTO_INCREMENT,
  `apellidoPersona` varchar(100) DEFAULT NULL,
  `nombrePersona` varchar(45) DEFAULT NULL,
  `direccionPersona` varchar(45) DEFAULT NULL,
  `localidadPersona` varchar(45) NOT NULL,
  `telefonoPersona` varchar(45) DEFAULT NULL,
  `celuPersona` varchar(45) NOT NULL,
  `fechaNacPersona` date NOT NULL,
  `facebookPersona` varchar(100) NOT NULL,
  `dniPersona` varchar(10) NOT NULL,
  `trabajoPersona` varchar(100) NOT NULL,
  `telTrabajoPersona` varchar(20) NOT NULL,
  `cuentaCorrientePersona` float(6,2) NOT NULL,
  `codigoVendedor` varchar(45) DEFAULT NULL,
  PRIMARY KEY (`idPersona`)
) ENGINE=InnoDB  DEFAULT CHARSET=utf8 AUTO_INCREMENT=35 ;

--
-- Volcado de datos para la tabla `persona`
--

INSERT INTO `persona` (`idPersona`, `apellidoPersona`, `nombrePersona`, `direccionPersona`, `localidadPersona`, `telefonoPersona`, `celuPersona`, `fechaNacPersona`, `facebookPersona`, `dniPersona`, `trabajoPersona`, `telTrabajoPersona`, `cuentaCorrientePersona`, `codigoVendedor`) VALUES
(1, 'PFENING', 'JORGELINA', 'N.SCHNEIDER 2192', 'ESPERANZA', '429510', '15449027', '1976-04-17', 'jpfening76@hotmail.com', '25008792', '', '', 0.00, 'cuatro'),
(2, 'ALBORNOZ', 'MIRIAM', 'GUEMES 335', 'ESPERANZA', '425618', '34964982203', '2014-06-26', 'AA@aa.com', '--', '--', '--', 142.00, NULL),
(3, 'HUENS', 'FLAVIA', 'MAIPU 1851', 'ESPERANZA', '428357', '15652394', '1976-10-13', 'FLAVIAHUENS@HOTMAIL.COM', '25276556', '', '', 0.00, '2237'),
(4, '--', 'elba', '--', '--', '--', '--', '2004-09-13', 'elbab.brechbuhl@ho', '--', '--', '--', 0.00, NULL),
(5, 'MONTALBETTI', 'CECILIA', 'MITRE 2351', 'ESPERANZA', '420785', '15415081', '1989-08-17', 'ceciliamontalbetti89@gmail.com', '34650899', '', '', 0.00, '34650899'),
(6, 'CONTRERAS', 'LUCIANA', 'LAVALLE 3506', 'ESPERANZA', '426168', '0340415639123', '1986-04-08', 'luchi_0408@hotmail.com', '321864000', 'KE FACIL FINANCIERA', '426168', 0.00, NULL),
(7, 'PONCE', 'ARACELI', 'PARAGUAY 1346', 'RECREO', '0342-4960970', '0342-154676871', '1981-03-31', 'araceliponce@hotmail.com', '28736521', 'MORENA PELUQUERIA', 'recreo', 0.00, NULL),
(8, 'MENDOZA', 'ALEJANDRA', 'PRINGLES 1238', 'ESPERANZA', '426430', '03496-15499741', '1972-04-06', 'alejandramendoza72@hotmal.com', '22683769', 'GUIA DE COMPRAS', '--', 0.00, NULL),
(9, 'YACKEL', 'MARIA JOSE', '9 DE JULIO 604', 'ESPERANZA', '425997', '15446009', '1999-01-04', 'yaquelmaria@hotmail.com', '41602590', '--', '--', 0.00, NULL),
(10, 'REY', 'DEBORA', 'DR. ROHMANG 1956', 'ESPERANZA', '426726', '0342-155162440', '1980-09-28', 'deborarey@hotmail.com', '28173227', 'DON SILVANO SH', '--', 0.00, NULL),
(11, 'CRIPPO', 'MARCELA', 'JOSE HERNANDEZ 1354', 'SARMIENTO', '03497-497079', '15481085', '1974-02-09', 'marcelascrippo@hotmail.com', '23313024', '--', '--', 0.00, NULL),
(12, 'BLUME', 'MARIA ESTER ', 'SCHNEIDER 1389', 'ESPERANZA', '439026', '15508216', '1965-10-26', 'blumemariaester@hotmail.com', '17293284', 'ESCUELA 1389', '--', 0.00, NULL),
(13, 'PERRETA', 'VALEN--TINA', 'MALVINAS 2251', 'ESPERANZA', '--', '15546488', '2000-10-29', 'melinaramello@hotmail.com', '42925113', '--', '--', 0.00, NULL),
(14, 'LAUNAZ', 'ELIANA', 'ARISTOBULO DEL VALLE', 'ESPERANZA', '425930', '15503329', '1995-05-23', 'elianalaunaz@hotmail.com', '39047201', '--', '--', 0.00, NULL),
(15, 'BARONI', 'MARIA EUGENIA ', 'BROWN 1907', 'ESPERANZA ', '428416', '15505906', '1960-08-20', 'maeugeniabaroni@yahoo.com.ar', '13911280', 'SAMCO ESPERANZA', '--', 0.00, NULL),
(16, 'SILVA', 'MARINA', 'PRINGLES 904', 'ESPERANZA', '--', '15507334', '1964-06-28', 'marinasilvamarina@outlook.com', '16645391', 'ESCUELA 6401', '--', 0.00, NULL),
(17, 'MONDINI', 'RITA', 'GUEMES 1659', 'ESPERANZA', '420753', '--', '1952-05-27', 'ritamondini@hotmail.com', '10336280', '--', '--', 0.00, NULL),
(18, 'ALEJANDRA', 'OGGIONI', 'GENERAL PAZ 1809', 'ESPERANZA', '--', '15546677', '1970-01-03', 'alejandraoggioni@yahoo.com.ar', '21412525', 'DOCENTE', '--', 0.00, NULL),
(19, 'TARAMELLI', 'ANDREA', 'ALBERDI 3256', 'ESPERANZA', '--', '15415280', '1982-10-06', 'pety1082@hotmail.com', '29610605', 'JARDIN DE INFANTE 301', '--', 0.00, NULL),
(20, 'MENDOZA', 'MARCELA ', 'ARAGUAY 030', 'ESPERANZA', '--', '15654162', '1970-12-12', 'marcelamendoza@hotmail.com', '21641429', '--', '--', 0.00, NULL),
(21, 'KREIFF', 'CLAUDIA', 'PRINGLES 1062', 'ESPERANZA', '425035', '15502733', '0001-01-01', 'claudiakreiff@hotmail.com', '20546396', '--', '--', 0.00, NULL),
(22, 'MICOLI', 'MAILEN', 'SARMIENTO 1998', 'ESPERANZA', '422732', '15461697', '1988-12-10', 'maimicoli@hotmail.com', '33733829', 'CEACE', '--', 0.00, NULL),
(23, 'RAMELLO', 'MELINA', 'MALVINAS 2251', 'ESPERANZA', '--', '15546488', '1976-08-21', 'melinaramello@hotmail.com', '25276469', 'NORMAL', '--', 0.00, NULL),
(24, 'FERNANDEZ', 'MARIANELA', 'LOS INMIGRANTES 1534', 'SAN JAVIER', '--', '0340515406714', '1995-12-08', 'mafernan95@hotmail.com', '39365749', '--', '--', 0.00, NULL),
(25, 'NAGEL', 'NAOMI', '3 DE FEBRERO 2969', 'ESPERANZA', '427263', '155440769', '1995-01-31', 'naominagel31@hotmail.com', '37831176', 'HELADERIA LILITO', '--', 0.00, NULL),
(26, 'MARTIN', 'LUCRECIA ', 'CASTELLI 846', 'ESPERANZA', '424095', '0342-155349846', '1982-04-02', 'lucrecia_martin_2@hotmail.com', '29345753', 'ERIOCHEM SA', '--', 0.00, NULL),
(27, 'GONZALES', 'LUCIA', '25 DE MAYO Y MITRE', 'ESPERANZA', '--', '15467200', '1999-07-23', 'lupirnin@hotmail.com', '41861062', '--', '--', 0.00, NULL),
(28, 'BISANG', 'GUILLERMINA', 'CASTELLI 275', 'ESPERANZA', '426318', '15510719', '0001-01-01', 'espe_gbm@hotmai.com', '41514909', '--', '--', 0.00, NULL),
(29, 'final', 'consumidor', '--', '--', '--', '--', '2000-09-24', 'consumidor00final@hotmail.com', '--', '--', '--', 0.00, NULL),
(30, 'BLANCHE', 'MARIANELA', 'SOLER 1938', 'ESPERANZA', '--', '15503773', '1986-05-10', 'marianelanoemi@hotmail.com', '32105692', '--', '--', 0.00, NULL),
(31, 'Kuchen', 'Ester ', 'Oroño 1742', 'ESPERANZA', '03496 423200', '03496 15513626', '1965-06-23', 'kuchenester@gmail.com', '17262434', 'Docente', '428612', 0.00, NULL),
(32, 'PEDROZO', 'CAROLINA', 'ARISTOBULO DEL VALLE', 'ESPERANZA', '--', '3496499515', '1977-01-25', 'carolina.pedrozo.14@facebook.com', '--', '--', '--', 0.00, NULL),
(33, 'ALí', 'Fabiana', 'Av. Colonizadores', 'ESPERANZA', '--', '3496544890', '1968-07-20', 'fabiana.ali@facebook.com', '20190564', 'Cortassa', '426062', 0.00, NULL),
(34, 'SANTICH', 'ALEJANDRA', 'MORENO 4756', 'ESPERANZA', '--', '03496-15527950', '1969-07-21', 'ALEJANDRASANTICH@HOTMAIL.COM', '20948047', '--', '--', 0.00, NULL);

-- --------------------------------------------------------

--
-- Estructura de tabla para la tabla `prenda`
--

CREATE TABLE IF NOT EXISTS `prenda` (
  `idPrenda` int(11) NOT NULL AUTO_INCREMENT,
  `codigoPrenda` varchar(12) NOT NULL,
  `detallePrenda` varchar(100) NOT NULL,
  `cantidadPrenda` int(10) NOT NULL,
  `idColorPrenda` int(11) NOT NULL,
  `idEstampadoPrenda` int(11) NOT NULL,
  `idTelaPrenda` int(11) NOT NULL,
  `idTallePrenda` int(11) NOT NULL,
  `idEstacionPrenda` int(11) NOT NULL,
  `idEmpresaPrenda` int(11) NOT NULL,
  `idProveedorPrenda` int(11) NOT NULL,
  `idMarcaPrenda` int(11) NOT NULL,
  PRIMARY KEY (`idPrenda`),
  KEY `fk_Prenda_Color_idx` (`idColorPrenda`),
  KEY `fk_Prenda_Estampado1_idx` (`idEstampadoPrenda`),
  KEY `fk_Prenda_Tela1_idx` (`idTelaPrenda`),
  KEY `fk_Prenda_Talle1_idx` (`idTallePrenda`),
  KEY `fk_Prenda_Estacion1_idx` (`idEstacionPrenda`),
  KEY `fk_Prenda_Empresa1_idx` (`idEmpresaPrenda`),
  KEY `fk_Prenda_Proveedor1_idx` (`idProveedorPrenda`),
  KEY `fk_Prenda_Marca1_idx` (`idMarcaPrenda`)
) ENGINE=InnoDB  DEFAULT CHARSET=utf8 AUTO_INCREMENT=1436 ;

--
-- Volcado de datos para la tabla `prenda`
--

INSERT INTO `prenda` (`idPrenda`, `codigoPrenda`, `detallePrenda`, `cantidadPrenda`, `idColorPrenda`, `idEstampadoPrenda`, `idTelaPrenda`, `idTallePrenda`, `idEstacionPrenda`, `idEmpresaPrenda`, `idProveedorPrenda`, `idMarcaPrenda`) VALUES
(4, '100201500001', 'PANTALON', 0, 38, 14, 21, 14, 1, 1, 2, 15),
(5, '100201500005', 'PANTALON', 0, 38, 14, 21, 13, 1, 1, 2, 15),
(6, '100701700006', 'PANTALON CHUPIN', 1, 23, 15, 1, 10, 2, 1, 7, 17),
(7, '100701700007', 'PANTALON CHUPIN[2]', 1, 7, 14, 1, 10, 2, 1, 7, 17),
(8, '100701700008', 'PANTALON CHUPIN', 1, 29, 14, 2, 10, 2, 1, 7, 17),
(9, '100701700009', 'PANTALON CHUPIN', 0, 4, 14, 2, 10, 2, 1, 7, 17),
(10, '100701700010', 'PANTALON CHUPIN[2]', 1, 23, 15, 1, 12, 2, 1, 7, 17),
(11, '100701700011', 'PANTALON RECTO HILO NARANJA', 0, 23, 15, 1, 13, 2, 1, 7, 17),
(12, '100701700012', 'PANTALON RECTO HILO NARANJA', 1, 23, 14, 1, 13, 2, 1, 7, 17),
(13, '100701700013', 'PANTALON ANGOSTO', 1, 23, 15, 1, 9, 2, 1, 7, 17),
(14, '100701700014', 'PANTALON RECTO', 1, 4, 14, 2, 8, 2, 1, 7, 17),
(15, '100701700015', 'PANTALON RECTO', 1, 6, 14, 2, 8, 2, 1, 7, 17),
(16, '100701700016', 'PANTALON CHUPIN', 1, 7, 14, 1, 8, 2, 1, 7, 17),
(17, '100701700017', 'PANTALON RECTO', 1, 13, 14, 2, 8, 2, 1, 7, 17),
(18, '100701700018', 'PANTALON RECTO', 1, 7, 14, 2, 8, 2, 1, 7, 17),
(19, '100701700019', 'PANTALON RECTO', 1, 4, 14, 2, 7, 2, 1, 7, 17),
(20, '100701700020', 'PANTALON RECTO[2]', 1, 23, 14, 2, 6, 2, 1, 7, 17),
(21, '100701700021', 'PANTALON RECTO', 1, 13, 14, 2, 6, 2, 1, 7, 17),
(22, '100701700022', 'PANTALON CHUPIN', 1, 38, 14, 1, 5, 2, 1, 7, 17),
(23, '100701700023', 'PANTALON RECTO', 1, 23, 14, 2, 5, 2, 1, 7, 17),
(24, '100701700024', 'PANTALON RECTO HILO NARANJA', 1, 23, 14, 1, 5, 2, 1, 7, 17),
(25, '100701700025', 'PANTALON RECTO', 1, 23, 15, 1, 14, 2, 1, 7, 17),
(26, '100701700026', 'PANTALON RECTO TIRO MEDIO', 1, 6, 14, 2, 14, 2, 1, 7, 17),
(27, '100701700027', 'PANTALON RECTO', 1, 22, 15, 1, 14, 2, 1, 7, 17),
(28, '100601600028', 'VESTIDO JAQUI BOTON ATRAS', 1, 21, 14, 20, 28, 1, 1, 6, 16),
(29, '100601600029', 'VESTIDO JAQUI BOTON ATRAS', 1, 8, 14, 20, 29, 1, 1, 6, 16),
(30, '100601600030', 'VESTIDO JAQUI VUELITOS Y BOTONES ADELANTE', 1, 21, 14, 20, 29, 1, 1, 6, 16),
(31, '100601600031', 'VESTIDO JAQUI VUELITOS', 1, 21, 14, 20, 29, 1, 1, 6, 16),
(32, '100601600032', 'VESTIDO JAQUI VUELITOS]', 1, 8, 14, 20, 28, 1, 1, 6, 16),
(33, '100601600033', 'VESTIDO TUNICA CORTA', 1, 38, 14, 20, 29, 1, 1, 6, 16),
(34, '100601600034', 'VESTIDO TUNICA CORTA', 1, 29, 14, 20, 28, 1, 1, 6, 16),
(35, '100601600035', 'VESTIDO TUNICA CORTA', 1, 8, 14, 20, 27, 1, 1, 6, 16),
(36, '100601600036', 'VESTIDO LARGO CON VUELOS M/C', 1, 21, 14, 20, 28, 1, 1, 6, 16),
(37, '100601600037', 'VESTIDO LARGO CON YUTE', 1, 27, 14, 20, 29, 1, 1, 6, 16),
(38, '100601600038', 'VESTIDO LARGO SOLERA BRETEL FINO', 1, 29, 14, 20, 27, 1, 1, 6, 16),
(39, '100401900039', 'VESTIDO LARGO STRAPLESS', 1, 38, 14, 20, 27, 1, 1, 4, 19),
(40, '100601600040', 'VESTIDO SOLERA CORTO PAISANO', 1, 38, 14, 20, 29, 1, 1, 6, 16),
(41, '100601600041', 'VESTIDO TUNICA CORTA PINTADO', 1, 21, 14, 20, 27, 1, 1, 6, 16),
(42, '100601600042', 'MONO CORTO', 1, 38, 5, 24, 28, 1, 1, 8, 19),
(43, '100902000043', 'MONO CORTO', 1, 40, 1, 24, 27, 1, 1, 9, 20),
(44, '100801900044', 'MONO CORTO', 1, 16, 2, 24, 27, 1, 1, 8, 19),
(45, '101002100045', 'VESTIDO CORTO BORDADO', 1, 16, 6, 24, 26, 1, 1, 10, 21),
(46, '100902000046', 'VESTIDO CORTO BORDADO', 1, 38, 7, 24, 28, 1, 1, 9, 20),
(47, '101102200047', 'MONO CORTO', 1, 4, 5, 25, 28, 1, 1, 11, 22),
(48, '100801900048', 'MONO CORTO', 1, 4, 6, 16, 27, 1, 1, 8, 19),
(49, '101102200049', 'MONO CORTO', 1, 17, 4, 25, 26, 1, 1, 11, 22),
(50, '100801900050', 'MONO CORTO', 1, 13, 2, 24, 27, 1, 1, 8, 19),
(51, '100801900051', 'MONO CORTO STRAPLES', 1, 38, 2, 4, 32, 1, 1, 8, 19),
(52, '100801900052', 'MONO CORTO', 1, 38, 4, 24, 27, 1, 1, 8, 19),
(53, '100902000053', 'VESTIDO CORTO IRREGULAR', 1, 29, 5, 24, 27, 1, 1, 9, 20),
(54, '100802300054', 'VESTIDO CORTO CRUZADO M/C', 1, 41, 4, 24, 36, 1, 1, 8, 23),
(55, '100801900055', 'VESTIDO CORTO IRREGULAR', 1, 41, 4, 24, 34, 1, 1, 8, 19),
(56, '101201800056', 'VESTIDO JAQUI M/C', 1, 23, 14, 1, 28, 1, 1, 12, 18),
(57, '101201800057', 'VESTIDO JAQUI M/C', 1, 23, 14, 1, 30, 1, 1, 12, 18),
(58, '101201800058', 'VESTIDO JAQUI M/C', 1, 23, 14, 1, 26, 1, 1, 12, 18),
(59, '101201800059', 'VESTIDO JAQUI M/C', 1, 38, 14, 1, 30, 1, 1, 12, 18),
(60, '101201800060', 'VESTIDO JAQUI M/C', 1, 38, 14, 1, 27, 1, 1, 12, 18),
(61, '101201800061', 'VESTIDO JAQUI M/C', 1, 38, 14, 1, 29, 1, 1, 12, 18),
(62, '101102200062', 'VESTIDO JAQUI M/ 3/4', 1, 22, 14, 1, 25, 1, 1, 11, 22),
(63, '101502500063', 'CAMISA M/C', 1, 12, 1, 6, 38, 1, 1, 15, 25),
(64, '101502500064', 'CAMISA M/C', 1, 15, 6, 24, 38, 1, 1, 15, 25),
(65, '101502500065', 'BLUSA M/C CON PUNTILLA', 1, 38, 4, 24, 36, 1, 1, 15, 25),
(66, '100806500066', 'BLUSA M/C ', 1, 8, 4, 24, 11, 1, 1, 8, 65),
(67, '100803900067', 'BLAZER M 3/4', 1, 1, 14, 35, 33, 1, 1, 8, 39),
(68, '100805200068', 'BLAZER M/L', 1, 17, 4, 35, 34, 1, 1, 8, 52),
(69, '100805200069', 'BLAZER M/L', 1, 1, 8, 35, 34, 1, 1, 8, 52),
(70, '100803500070', 'BLAZER M/L BORDE BLANCO', 1, 12, 14, 36, 36, 1, 1, 8, 35),
(71, '100803500071', 'BLAZER M/L PUÑO RAYADO', 1, 12, 14, 36, 36, 1, 1, 8, 35),
(72, '102103300072', 'BLAZER M/L', 1, 22, 4, 1, 37, 1, 1, 21, 33),
(73, '100803900073', 'BLAZER M 3/4', 1, 8, 4, 16, 38, 1, 1, 8, 39),
(74, '100806500074', 'BLAZER M 3/4', 1, 17, 14, 35, 11, 1, 1, 8, 65),
(75, '100806500075', 'BLAZER M 3/4', 1, 17, 3, 2, 13, 1, 1, 8, 65),
(76, '100806500076', 'BLAZER M 3/4', 1, 12, 3, 2, 12, 1, 1, 8, 65),
(77, '100806600077', 'BLAZER M 3/4', 1, 17, 4, 37, 8, 1, 1, 8, 66),
(78, '100803500078', 'BLAZER M 3/4', 1, 18, 14, 7, 33, 1, 1, 8, 35),
(79, '100806700079', 'REMERA S/M', 1, 28, 14, 12, 7, 1, 1, 8, 67),
(80, '100806700080', 'REMERA S/M CRUZADA', 1, 1, 14, 12, 6, 1, 1, 8, 67),
(81, '100601600081', 'MUSCULOSA BRETEL YUTE', 1, 1, 14, 20, 28, 1, 1, 6, 16),
(82, '100201500082', 'REMERA M/C', 1, 1, 4, 4, 37, 1, 1, 2, 15),
(83, '101506900083', 'REMERA M/C', 1, 43, 14, 25, 30, 1, 1, 15, 69),
(84, '100806500084', 'REMERA M/C', 1, 42, 10, 12, 38, 1, 1, 8, 65),
(85, '100806800085', 'REMERA M/C', 1, 1, 14, 12, 30, 1, 1, 8, 68),
(86, '100807000086', 'REMERA M/C', 1, 27, 14, 12, 39, 1, 1, 8, 70),
(87, '100801900087', 'REMERA M/C', 1, 45, 2, 4, 39, 1, 1, 8, 19),
(88, '100801900088', 'REMERA S/M', 1, 3, 3, 4, 38, 1, 1, 8, 19),
(89, '101102200089', 'MUSCULOSA 0042072 21010', 1, 46, 14, 12, 29, 1, 1, 11, 22),
(90, '100806800090', 'REMERA M/C', 1, 12, 14, 25, 30, 1, 1, 8, 68),
(91, '100807000091', 'REMERA M/C', 1, 43, 14, 12, 37, 1, 1, 8, 70),
(92, '100801900092', 'REMERA S/M', 1, 8, 14, 12, 38, 1, 1, 8, 19),
(93, '100601600093', 'VESTIDO LARGO SOLERA C/VUELO', 1, 29, 14, 20, 29, 1, 1, 6, 16),
(94, '100601600094', 'POLLERA LARGA IRREGULAR', 1, 1, 14, 20, 27, 1, 1, 6, 16),
(95, '100801900095', 'POLLERA PAISANA', 1, 17, 8, 24, 28, 1, 1, 8, 19),
(96, '100801900096', 'POLLERA LARGA C/BOTONES', 1, 23, 4, 24, 37, 1, 1, 8, 19),
(97, '100801900097', 'POLLERA PAISANA', 1, 1, 4, 24, 29, 1, 1, 8, 19),
(98, '100801900098', 'POLLERA PAISANA', 1, 1, 4, 24, 29, 1, 1, 8, 19),
(99, '100201500099', 'REMERA S/M', 1, 8, 14, 12, 41, 1, 1, 2, 15),
(100, '100803300100', 'REMERA S/M', 1, 19, 14, 12, 38, 1, 1, 8, 33),
(101, '100803300101', 'REMERA S/M C/VUELO', 1, 28, 14, 12, 37, 1, 1, 8, 33),
(102, '101102200102', 'TOP MUSCU TIRA FINA Y TRENZA', 1, 48, 14, 12, 25, 1, 1, 11, 22),
(103, '101102200103', 'REMERA M/C CHOMBA 117407223012', 2, 47, 14, 12, 26, 1, 1, 11, 22),
(104, '101102200104', 'REMERA M/C CHOMBA 117407243009', 1, 49, 14, 12, 29, 1, 1, 11, 22),
(105, '102607100105', 'REMERA M/C', 1, 4, 14, 25, 26, 1, 1, 26, 71),
(106, '101102200106', 'REMERA M/C CHOMBA 117407223012', 4, 47, 14, 12, 26, 1, 1, 11, 22),
(107, '101102200107', 'REMERA M/C C/BOTON 127007223012', 2, 47, 14, 12, 25, 1, 1, 11, 22),
(108, '101102200108', 'MUSCULOSA 0042072 21010', 1, 46, 14, 12, 30, 1, 1, 11, 22),
(109, '101102200109', 'REMERA M/C CHOMBA 117407200080', 2, 38, 14, 12, 25, 1, 1, 11, 22),
(110, '101102200110', 'REMERA M/C CHOMBA 117407200080', 1, 38, 14, 12, 26, 1, 1, 11, 22),
(111, '100803300111', 'REMERA M/C ESCOTE V', 1, 8, 14, 12, 38, 1, 1, 8, 33),
(112, '100802700112', 'REMERA M/C ESCOTE V', 1, 8, 14, 12, 28, 1, 1, 8, 27),
(113, '100806900113', 'REMERA S/M C/TACHAS', 1, 8, 14, 25, 27, 1, 1, 8, 69),
(114, '100801900114', 'REMERA S/M C/PUNTILLA', 1, 8, 14, 12, 29, 1, 1, 8, 19),
(115, '100801900115', 'MUSCULOSA', 1, 8, 10, 12, 27, 1, 1, 8, 19),
(116, '100802500116', 'REMERA S/M C/FAJA', 1, 8, 14, 12, 35, 1, 1, 8, 25),
(117, '100802500117', 'REMERA M/C', 1, 50, 5, 4, 29, 1, 1, 8, 25),
(118, '100807300118', 'REMERA M/C COMBINADA', 1, 8, 19, 12, 36, 1, 1, 8, 73),
(119, '100801900119', 'REMERA M/C C/FRUNCE Y BOTONES', 1, 8, 14, 12, 41, 1, 1, 8, 19),
(120, '100803300120', 'REMERA M/C', 1, 12, 14, 12, 35, 1, 1, 8, 33),
(121, '100806900121', 'REMERA M/C', 1, 11, 14, 25, 30, 1, 1, 8, 69),
(122, '100802500122', 'REMERA M/C CON FRUNSE Y CORDON EN CINTURA', 1, 50, 10, 12, 29, 1, 1, 8, 25),
(123, '100802500123', 'REMERA M/C CON FRUNSE Y CORDON EN CINTURA', 1, 51, 10, 12, 30, 1, 1, 8, 25),
(124, '100601600124', 'MUSCULOSA BRETEL YUTE', 1, 44, 14, 20, 28, 1, 1, 6, 16),
(125, '100601600125', 'MUSCULOSA VOLADA', 1, 4, 14, 20, 28, 1, 1, 6, 16),
(126, '100601600126', 'MUSCULOSA VOLADA', 1, 29, 14, 20, 29, 1, 1, 6, 16),
(127, '100601600127', 'MUSCULOSA VOLADA CON BOTON', 1, 44, 14, 20, 29, 1, 1, 6, 16),
(128, '100601600128', 'MUSCULOSA CON HEBILLA', 1, 38, 14, 20, 29, 1, 1, 6, 16),
(129, '100601600129', 'MUSCULOSA CON HEBILLA', 1, 29, 14, 20, 29, 1, 1, 6, 16),
(130, '100601600130', 'TOP BRETEL PUNTILLA', 1, 1, 14, 20, 29, 1, 1, 6, 16),
(131, '100601600131', 'TOP BRETEL PUNTILLA', 1, 8, 14, 20, 27, 1, 1, 6, 16),
(132, '100601600132', 'TOP BRETEL PUNTILLA', 1, 21, 14, 20, 29, 1, 1, 6, 16),
(133, '100601600133', 'BLUSA CAMPANITA', 1, 29, 14, 20, 28, 1, 1, 6, 16),
(134, '100601600134', 'BLUSA CAMPANITA', 1, 29, 14, 20, 30, 1, 1, 6, 16),
(135, '100601600135', 'BLUSA CAMPANITA', 1, 16, 14, 20, 28, 1, 1, 6, 16),
(136, '100601600136', 'BLUSA CAMPANITA', 1, 21, 14, 20, 28, 1, 1, 6, 16),
(137, '100601600137', 'BLUSA CAMPANITA', 1, 44, 14, 20, 29, 1, 1, 6, 16),
(138, '100601600138', 'BLUSA CAMPANITA', 1, 4, 14, 20, 30, 1, 1, 6, 16),
(139, '100601600139', 'CAMISA M/C CUELLO MAO', 1, 1, 14, 20, 28, 1, 1, 6, 16),
(140, '100601600140', 'CAMISA M/C DOBLE BOLSILLO', 1, 44, 14, 20, 29, 1, 1, 6, 16),
(141, '100601600141', 'BLUSA M/C DOBLE BOLSILLO', 1, 29, 14, 20, 28, 1, 1, 6, 16),
(142, '100601600142', 'BLUSA M/C DOBLE BOLSILLO', 1, 44, 14, 20, 29, 1, 1, 6, 16),
(143, '100601600143', 'BLUSA DIANA', 1, 4, 14, 20, 29, 1, 1, 6, 16),
(144, '100601600144', 'BLUSA DIANA', 1, 8, 14, 20, 28, 1, 1, 6, 16),
(145, '100601600145', 'CAMISA ESCOTE CUADRADO Y PUNTILLA COSTADO', 1, 8, 14, 20, 29, 1, 1, 6, 16),
(146, '100601600146', 'CAMISA M/C NUDO EN MANGAS', 1, 38, 14, 20, 28, 1, 1, 6, 16),
(147, '100601600147', 'CAMISA M/C PUNTILLA BALON', 1, 38, 14, 20, 28, 1, 1, 6, 16),
(148, '100601600148', 'BLUSA M/C BIES', 1, 4, 14, 20, 28, 1, 1, 6, 16),
(149, '100601600149', 'BLUSA S/M ESCOTE V CON PUNTILLA', 1, 8, 14, 20, 28, 1, 1, 6, 16),
(150, '100601600150', 'BLUSA M/C PICO', 1, 29, 14, 20, 29, 1, 1, 6, 16),
(151, '100601600151', 'BLUSA M/C PICO', 1, 38, 14, 20, 27, 1, 1, 6, 16),
(152, '100601600152', 'BLUSA M/C PICO', 1, 8, 14, 20, 28, 1, 1, 6, 16),
(153, '100802500153', 'REMERA M/C CON DETALLE TULL', 1, 40, 10, 4, 29, 1, 1, 8, 25),
(154, '100601600154', 'BLUSA M/C ROMBO EN CUELLO', 1, 26, 14, 20, 29, 1, 1, 6, 16),
(155, '100601600155', 'BLUSA M/C OJALITO', 1, 44, 14, 20, 29, 1, 1, 6, 16),
(156, '100601600156', 'BLUSA M/C OJALITO', 1, 9, 14, 20, 29, 1, 1, 6, 16),
(157, '100601600157', 'BLUSA GUSTAVINA', 1, 44, 14, 20, 29, 1, 1, 6, 16),
(158, '100601600158', 'BLUSA  M/C C/ SOLAPA Y PUNTILLA', 1, 44, 14, 20, 29, 1, 1, 6, 16),
(159, '100601600159', 'BLUSA M/C PICO', 1, 44, 14, 20, 28, 1, 1, 6, 16),
(160, '100601600160', 'CAMISA M/C RAQUEL', 1, 29, 14, 20, 30, 1, 1, 6, 16),
(161, '100806500161', 'TWINSET MODAL MUSCU Y M 3/4', 1, 17, 14, 12, 40, 1, 1, 8, 65),
(162, '100806500162', 'TWINSET MODAL MUSCU Y M 3/4', 1, 22, 14, 12, 38, 1, 1, 8, 65),
(163, '100807400163', 'TWINSET HILO JASPEADO MUSCU Y 3/4', 1, 16, 14, 9, 36, 1, 1, 8, 74),
(164, '100807400164', 'CAPA M/C', 1, 8, 14, 12, 36, 1, 1, 8, 74),
(165, '100802500165', 'SACO MODAL ABIERTO M 3/4', 1, 12, 14, 12, 38, 1, 1, 8, 25),
(166, '100801500166', 'CAPA M/C', 1, 38, 14, 12, 30, 1, 1, 8, 15),
(167, '100801500167', 'CAPA M/C', 1, 2, 14, 12, 30, 1, 1, 8, 15),
(168, '100807500168', 'CAPA M/C', 1, 8, 14, 12, 42, 1, 1, 8, 75),
(169, '101102200169', 'REMERA M/C REMER168310942009', 1, 52, 1, 12, 25, 1, 1, 11, 22),
(170, '102707600170', 'REMERA M/C', 1, 1, 14, 12, 26, 1, 1, 27, 76),
(171, '102707600171', 'REMERA M/C', 1, 28, 14, 12, 27, 1, 1, 27, 76),
(172, '100806900172', 'REMERA M/C', 1, 29, 14, 25, 29, 1, 1, 8, 69),
(173, '100802500173', 'REMERA M/C con tachas', 1, 19, 14, 12, 30, 1, 1, 8, 25),
(174, '100807000174', 'REMERA S/M con detalle gasa en cuello', 1, 1, 14, 12, 37, 1, 1, 8, 70),
(175, '100806700175', 'REMERA S/M COMBINADA CON SEDA FRIA', 1, 29, 4, 12, 9, 1, 1, 8, 67),
(176, '100803400176', 'REMERA S/M', 1, 44, 14, 12, 38, 1, 1, 8, 34),
(177, '100803400177', 'REMERA S/M', 1, 2, 1, 12, 39, 1, 1, 8, 34),
(178, '101102200178', 'TOP MUSCU TIRA FINA 064510941004', 1, 1, 1, 12, 27, 1, 1, 11, 22),
(179, '101102200179', 'TOP MUSCU TIRA FINA 064510941004', 1, 1, 1, 12, 27, 1, 1, 11, 22),
(180, '100807100180', 'REMERA M/C', 1, 38, 1, 12, 28, 1, 1, 8, 71),
(181, '100807100181', 'REMERA S/M', 1, 17, 14, 12, 29, 1, 1, 8, 71),
(182, '100802000182', 'REMERA S/M', 1, 33, 14, 12, 7, 1, 1, 8, 20),
(183, '100802500183', 'REMERA M/C HOMBRO DESCUBIERTO CON PIEDRITAS', 1, 4, 14, 12, 37, 1, 1, 8, 25),
(184, '100801700184', 'JEANS ', 1, 26, 14, 2, 3, 3, 1, 8, 17),
(185, '100801700185', 'JEANS RECTO', 0, 23, 15, 1, 12, 3, 1, 8, 17),
(186, '100801700186', 'JEANS RECTO', 1, 23, 15, 1, 13, 3, 1, 8, 17),
(187, '100801700187', 'JEANS RECTO', 1, 23, 15, 1, 11, 3, 1, 8, 17),
(188, '100807700188', 'JEANS OXFORD TIRO ALTO', 1, 22, 16, 1, 11, 3, 1, 8, 77),
(189, '100807700189', 'JEANS OXFORD TIRO ALTO', 1, 22, 16, 1, 5, 3, 1, 8, 77),
(190, '100807700190', 'JEANS OXFORD TIRO ALTO', 1, 22, 16, 1, 7, 3, 1, 8, 77),
(191, '100807700191', 'JEANS OXFORD TIRO ALTO', 1, 22, 16, 1, 6, 3, 1, 8, 77),
(192, '100807700192', 'JEANS OXFORD TIRO ALTO', 1, 22, 16, 1, 6, 3, 1, 8, 77),
(193, '100807700193', 'JEANS CHUPIN TIRO MEDIO', 1, 53, 15, 1, 5, 3, 1, 8, 77),
(194, '100807700194', 'JEANS CHUPIN TIRO MEDIO', 1, 53, 15, 1, 6, 3, 1, 8, 77),
(195, '100807700195', 'JEANS CHUPIN TIRO MEDIO', 0, 53, 15, 1, 7, 3, 1, 8, 77),
(196, '100807700196', 'JEANS CHUPIN TIRO MEDIO', 1, 53, 15, 1, 8, 3, 1, 8, 77),
(197, '100807700197', 'JEANS CHUPIN TIRO MEDIO', 1, 53, 15, 1, 9, 3, 1, 8, 77),
(198, '100807700198', 'JEANS CHUPIN TIRO MEDIO', 1, 53, 15, 1, 4, 3, 1, 8, 77),
(199, '100807700199', 'JEANS RECTO TIRO ALTO', 1, 23, 14, 1, 11, 3, 1, 8, 77),
(200, '100807700200', 'JEANS RECTO TIRO ALTO', 1, 23, 14, 1, 12, 3, 1, 8, 77),
(201, '100807700201', 'JEANS RECTO TIRO ALTO', 1, 23, 14, 1, 13, 3, 1, 8, 77),
(202, '100807700202', 'JEANS RECTO TIRO ALTO', 1, 23, 14, 1, 14, 3, 1, 8, 77),
(203, '100807700203', 'JEANS RECTO ANGOSTO ', 1, 38, 14, 38, 5, 3, 1, 8, 77),
(204, '100807700204', 'JEANS RECTO ANGOSTO ', 0, 38, 14, 38, 6, 3, 1, 8, 77),
(205, '100807700205', 'JEANS RECTO ANGOSTO', 0, 38, 14, 38, 8, 3, 1, 8, 77),
(206, '100807700206', 'JEANS RECTO ANGOSTO ', 1, 38, 14, 38, 9, 3, 1, 8, 77),
(207, '100807700207', 'JEANS RECTO TIRO ALTO', 1, 38, 14, 38, 11, 3, 1, 8, 77),
(208, '100807700208', 'JEANS RECTO ANGOSTO', 1, 38, 14, 38, 7, 3, 1, 8, 77),
(209, '100807700209', 'JEANS RECTO TIRO ALTO', 1, 38, 14, 38, 12, 3, 1, 8, 77),
(210, '100807700210', 'JEANS RECTO TIRO ALTO', 1, 38, 14, 38, 13, 3, 1, 8, 77),
(211, '100807800211', 'PANTALON RECTO TIRO MEDIO', 1, 38, 14, 39, 8, 3, 1, 8, 78),
(212, '100807800212', 'PANTALON RECTO TIRO MEDIO', 1, 38, 14, 39, 7, 3, 1, 8, 78),
(213, '100807900213', 'PANTALON OXFORD', 1, 38, 14, 36, 35, 3, 1, 8, 79),
(214, '100807900214', 'PANTALON OXFORD', 1, 38, 14, 36, 36, 3, 1, 8, 79),
(215, '100807900215', 'PANTALON OXFORD', 1, 38, 14, 36, 33, 3, 1, 8, 79),
(216, '100807900216', 'PANTALON OXFORD', 1, 38, 14, 40, 38, 3, 1, 8, 79),
(217, '100807900217', 'PANTALON OXFORD', 1, 38, 14, 1, 39, 3, 1, 8, 79),
(218, '100807900218', 'PANTALON OXFORD', 1, 23, 14, 1, 38, 3, 1, 8, 79),
(219, '100807900219', 'PANTALON OXFORD', 1, 23, 14, 1, 34, 3, 1, 8, 79),
(220, '100803100220', 'JEANS RECTO TIRO MEDIO', 1, 23, 14, 1, 6, 3, 1, 8, 31),
(221, '100803100221', 'JEANS RECTO TIRO MEDIO', 1, 23, 16, 1, 6, 3, 1, 8, 31),
(222, '100803100222', 'JEANS RECTO TIRO MEDIO dos botones', 1, 23, 16, 1, 8, 3, 1, 8, 31),
(223, '100803100223', 'JEANS RECTO TIRO MEDIO dos botones', 1, 23, 16, 1, 7, 3, 1, 8, 31),
(224, '100803100224', 'JEANS RECTO TIRO MEDIO dos botones', 1, 23, 16, 1, 4, 3, 1, 8, 31),
(225, '100808000225', 'BLAZER M/L', 1, 54, 3, 35, 2, 3, 1, 8, 80),
(226, '100808000226', 'remera s/m fiesta', 1, 38, 14, 10, 35, 3, 1, 8, 80),
(227, '100808000227', 'remera s/m fiesta con cierre', 1, 38, 14, 4, 35, 3, 1, 8, 80),
(228, '100808000228', 'remera s/m fiesta con pintitas plateadas', 1, 38, 14, 4, 33, 3, 1, 8, 80),
(229, '100803100229', 'PANTALON RECTO', 1, 26, 14, 39, 7, 3, 1, 8, 31),
(230, '100803100230', 'PANTALON RECTO', 1, 7, 14, 39, 5, 3, 1, 8, 31),
(231, '100803100231', 'PANTALON RECTO', 1, 25, 14, 39, 6, 3, 1, 8, 31),
(232, '100803100232', 'PANTALON RECTO', 1, 25, 14, 39, 7, 3, 1, 8, 31),
(233, '100804000233', 'camisa m/l ', 1, 22, 14, 1, 40, 3, 1, 8, 40),
(234, '100804000234', 'camisa m/l ', 1, 22, 14, 1, 36, 3, 1, 8, 40),
(235, '100804000235', 'camisa m/l ', 1, 22, 14, 1, 34, 3, 1, 8, 40),
(236, '100804000236', 'camisa m/l ', 1, 22, 14, 1, 37, 3, 1, 8, 40),
(237, '100804000237', 'camisa m/l ', 1, 22, 14, 1, 35, 3, 1, 8, 40),
(238, '100804000238', 'camisa m/l ', 0, 22, 14, 1, 33, 3, 1, 8, 40),
(239, '100804000239', 'camisa m/l ', 1, 22, 14, 1, 38, 3, 1, 8, 40),
(240, '100804000240', 'camisa m/l ', 1, 22, 14, 1, 39, 3, 1, 8, 40),
(241, '100808100241', 'CARDIGAN BORDADO', 1, 25, 21, 8, 27, 3, 1, 8, 81),
(242, '100808100242', 'SWEATER PIEL DE MONO', 1, 24, 5, 8, 36, 3, 1, 8, 81),
(243, '100808100243', 'SWEATER PIEL DE MONO', 1, 24, 4, 8, 38, 3, 1, 8, 81),
(244, '100808100244', 'CAMISACO CON APLIQUES', 1, 38, 14, 2, 28, 3, 1, 8, 81),
(245, '100808100245', 'SWEATER BORDADO LETRAS', 1, 38, 21, 9, 37, 3, 1, 8, 81),
(246, '100808100246', 'camisa m/l ', 1, 22, 22, 1, 28, 3, 1, 8, 81),
(247, '100808100247', 'camisa m/l ', 1, 22, 22, 1, 26, 3, 1, 8, 81),
(248, '100808100248', 'camisa m/l ', 1, 22, 16, 1, 28, 3, 1, 8, 81),
(249, '100808100249', 'camisa m/l ', 1, 22, 16, 1, 27, 3, 1, 8, 81),
(250, '100808100250', 'camisa m/l BORDADA', 1, 22, 16, 1, 27, 3, 1, 8, 81),
(251, '100808100251', 'BUZO BORDADO', 1, 38, 4, 15, 27, 3, 1, 8, 81),
(252, '100808100252', 'camisa m/l BORDADA PERLAS EN CUELLO', 1, 38, 14, 6, 28, 3, 1, 8, 81),
(253, '100808100253', 'BLUSA M/L', 0, 1, 21, 24, 26, 3, 1, 8, 81),
(254, '100808100254', 'camisa m/l PRINT', 1, 38, 3, 6, 26, 3, 1, 8, 81),
(255, '100808100255', 'REMERA M/l GASA Y LANILLA', 1, 38, 3, 6, 27, 3, 1, 8, 81),
(256, '100808100256', 'camisa m/l', 1, 55, 23, 6, 28, 3, 1, 8, 81),
(257, '100801900257', 'SWEATER PIEL DE MONO', 1, 6, 14, 8, 34, 3, 1, 8, 19),
(258, '100801900258', 'SWEATER BOUCLE', 1, 5, 14, 8, 38, 3, 1, 8, 19),
(259, '100801900259', 'CARDIGAN CORTO CON BRILLO', 1, 2, 1, 8, 37, 3, 1, 8, 19),
(260, '100801900260', 'CARDIGAN BORDADO', 1, 15, 23, 9, 35, 3, 1, 8, 19),
(261, '100801900261', 'SWEATER CON BRILLO', 1, 4, 6, 9, 34, 3, 1, 8, 19),
(262, '100801900262', 'SWEATER BORDADO', 1, 38, 23, 8, 36, 3, 1, 8, 19),
(263, '100801900263', 'SWEATER ESCOTE V', 1, 4, 14, 9, 33, 3, 1, 8, 19),
(264, '100801900264', 'SWEATER ESTAMPADO', 1, 29, 4, 9, 34, 3, 1, 8, 19),
(265, '100801900265', 'SWEATER PIEL DE MONO BRILLOSO', 1, 38, 14, 8, 38, 3, 1, 8, 19),
(266, '100802900266', 'BLAZER M/L', 1, 38, 14, 36, 34, 3, 1, 8, 29),
(267, '100802900267', 'BLAZER M/L', 1, 38, 14, 36, 36, 3, 1, 8, 29),
(268, '100802900268', 'camisa m/l ', 1, 28, 14, 24, 35, 3, 1, 8, 29),
(269, '100802900269', 'camisa m/l', 2, 1, 14, 24, 33, 3, 1, 8, 29),
(270, '100802100270', 'camisa m/l ', 1, 38, 4, 24, 34, 3, 1, 8, 21),
(271, '100802100271', 'camisa m/l ', 1, 38, 4, 24, 35, 3, 1, 8, 21),
(272, '100802100272', 'camisa m/l ', 1, 22, 21, 1, 4, 3, 1, 8, 21),
(273, '100802100273', 'camisa m/l ', 1, 22, 21, 1, 3, 3, 1, 8, 21),
(274, '100802900274', 'BLAZER M/L', 1, 7, 14, 36, 35, 3, 1, 8, 29),
(275, '100802900275', 'BLAZER M/L', 1, 7, 14, 36, 36, 3, 1, 8, 29),
(276, '100802900276', 'BLAZER M/L', 1, 23, 14, 35, 34, 3, 1, 8, 29),
(277, '100802100277', 'SWEATER PIEL DE MONO', 1, 38, 14, 8, 35, 3, 1, 8, 21),
(278, '100802100278', 'VESTIDO S/M CON CINTO', 1, 38, 14, 10, 4, 3, 1, 8, 21),
(279, '100802100279', 'VESTIDO S/M CON CINTO[2]', 0, 28, 14, 10, 3, 3, 1, 8, 21),
(280, '100801900280', 'SWEATER M/DOLMAN CUELLO VOLCADO', 1, 38, 14, 8, 38, 3, 1, 8, 19),
(281, '100801900281', 'SWEATER M/DOLMAN CUELLO VOLCADO', 1, 29, 14, 8, 38, 3, 1, 8, 19),
(282, '100801900282', 'SWEATER M/DOLMAN CUELLO VOLCADO', 1, 4, 3, 8, 38, 3, 1, 8, 19),
(283, '100801900283', 'SWEATER M/DOLMAN CUELLO VOLCADO', 1, 44, 3, 8, 38, 3, 1, 8, 19),
(284, '100801900284', 'SWEATER M/DOLMAN CON FLOR', 1, 9, 14, 8, 38, 3, 1, 8, 19),
(285, '100801900285', 'SWEATER DEGRADE', 1, 17, 22, 9, 34, 3, 1, 8, 19),
(286, '100804300286', 'REMERON M/DOLMAN CON CINTURA', 1, 44, 12, 42, 35, 3, 1, 8, 43),
(287, '100804300287', 'REMERON M/DOLMAN CON CINTURA', 1, 39, 12, 42, 39, 3, 1, 8, 43),
(288, '100804300288', 'REMERON M/DOLMAN CON CINTURA', 1, 13, 12, 42, 37, 3, 1, 8, 43),
(289, '100804300289', 'REMERON M/L ', 1, 56, 1, 42, 39, 3, 1, 8, 43),
(290, '100804300290', 'REMERON M/L ', 1, 38, 14, 43, 39, 3, 1, 8, 43),
(291, '100804300291', 'REMERON M/L', 1, 38, 17, 42, 39, 3, 1, 8, 43),
(292, '100804300292', 'BLAZER M/L', 0, 38, 14, 36, 39, 3, 1, 8, 43),
(293, '100804300293', 'REMERA S/M CUELLO BUCHE', 1, 36, 14, 4, 38, 3, 1, 8, 43),
(294, '100804300294', 'REMERA M/C CUELLO BUCHE', 1, 36, 14, 4, 39, 3, 1, 8, 43),
(295, '100804300295', 'MONO LARGO S/M', 1, 23, 3, 4, 39, 3, 1, 8, 43),
(296, '100801900296', 'camisa m/l ', 1, 38, 12, 1, 33, 3, 1, 8, 19),
(297, '100801900297', 'camisa m/l ', 1, 22, 11, 1, 27, 3, 1, 8, 19),
(298, '100801900298', 'SWEATER CON BRILLO', 0, 38, 11, 9, 34, 3, 1, 8, 19),
(299, '100801900299', 'SWEATER CON BRILLO', 1, 38, 11, 9, 33, 3, 1, 8, 19),
(300, '100801900300', 'SWEATER CON moños', 1, 2, 11, 9, 33, 3, 1, 8, 19),
(301, '100803700301', 'SWEATER M/DOLMAN c/lentejuelas', 1, 7, 14, 8, 38, 3, 1, 8, 37),
(302, '100803700302', 'chaleco m/3/4 con brillo', 1, 17, 14, 8, 39, 3, 1, 8, 37),
(303, '100803700303', 'REMERA M/DOLMAN C/CINTURA', 1, 29, 17, 12, 38, 3, 1, 8, 37),
(304, '100803700304', 'REMERA M/L C/BRILLITOS', 1, 38, 17, 12, 38, 3, 1, 8, 37),
(305, '100803700305', 'REMERA M/L ', 1, 17, 17, 12, 38, 3, 1, 8, 37),
(306, '100803700306', 'REMERA M/L DOLLMAN CUELLO BUCHE', 1, 38, 17, 12, 38, 3, 1, 8, 37),
(307, '100805300307', 'SWEATER COMBINADO', 1, 59, 3, 9, 37, 3, 1, 8, 53),
(308, '100805300308', 'SWEATER COMBINADO', 1, 58, 2, 9, 37, 3, 1, 8, 53),
(309, '100805300309', 'SWEATER COMBINADO', 1, 17, 2, 9, 36, 3, 1, 8, 53),
(310, '100805300310', 'SWEATER TALLE ESPECIAL', 1, 38, 14, 9, 39, 3, 1, 8, 53),
(311, '100805300311', 'SWEATER TALLE ESPECIAL CHENIR COMBINADO', 1, 6, 14, 8, 38, 3, 1, 8, 53),
(312, '100805300312', 'SWEATER CHENIR COMBINADO', 1, 28, 2, 8, 37, 3, 1, 8, 53),
(313, '100803700313', 'REMERON M/DOLMAN CON CINTURA', 1, 2, 17, 42, 40, 3, 1, 8, 37),
(314, '100803700314', 'REMERON M/DOLMAN CON CINTURA', 1, 2, 12, 42, 40, 3, 1, 8, 37),
(315, '100805300315', 'BLUSA CON TRENZA EN CUELLO', 1, 59, 2, 6, 42, 3, 1, 8, 53),
(316, '100803900316', 'TAPADO MONTGOMERY JASPEADO', 1, 25, 14, 22, 37, 3, 1, 8, 39),
(317, '100803900317', 'TAPADO MONTGOMERY JASPEADO', 1, 38, 14, 22, 40, 3, 1, 8, 39),
(318, '100803900318', 'BLAZER M/L PUÑO RAYADO', 1, 38, 14, 35, 38, 3, 1, 8, 39),
(319, '100803900319', 'BLAZER M/L PUÑO RAYADO', 1, 38, 14, 35, 40, 3, 1, 8, 39),
(320, '100803900320', 'BLAZER M/L ', 1, 38, 27, 35, 34, 3, 1, 8, 39),
(321, '100803900321', 'CAMISA M/L ', 1, 38, 27, 6, 34, 3, 1, 8, 39),
(322, '100803900322', 'CAMISA M/L ', 1, 28, 2, 6, 33, 3, 1, 8, 39),
(323, '100803900323', 'BLAZER M/L ', 1, 38, 14, 7, 36, 3, 1, 8, 39),
(324, '100803900324', 'BLAZER M/3/4 PUÑO LUNARES', 1, 29, 14, 35, 34, 3, 1, 8, 39),
(325, '100805400325', 'CAPITA PIEL M/L', 1, 28, 14, 44, 29, 3, 1, 8, 54),
(326, '100805400326', 'CAPITA PELO', 1, 1, 14, 44, 28, 3, 1, 8, 54),
(327, '100805400327', 'CAPITA M/3/4', 1, 38, 25, 4, 28, 3, 1, 8, 54),
(328, '100805400328', 'CAPITA M/3/4', 1, 38, 14, 4, 28, 3, 1, 8, 54),
(329, '100805400329', 'CAPITA M/3/4', 1, 38, 25, 4, 27, 3, 1, 8, 54),
(330, '100805400330', 'VESTIDO LARGO MARILYN', 1, 38, 14, 18, 29, 3, 1, 8, 54),
(331, '100805400331', 'VESTIDO LARGO MARILYN[2]', 1, 23, 14, 18, 29, 3, 1, 8, 54),
(332, '100806800332', 'REMERA M/L BASICA', 1, 38, 14, 12, 29, 3, 1, 8, 68),
(333, '100806800333', 'REMERA M/L BASICA', 1, 38, 14, 12, 30, 3, 1, 8, 68),
(334, '100802900334', 'PANTALON VESTIR CHUPIN', 1, 38, 14, 2, 34, 3, 1, 8, 29),
(335, '100802900335', 'PANTALON VESTIR CHUPIN', 1, 38, 14, 2, 37, 3, 1, 8, 29),
(336, '100802900336', 'PANTALON VESTIR RECTO CINTURA ALTA', 1, 38, 14, 35, 39, 3, 1, 8, 29),
(337, '100802900337', 'PANTALON VESTIR RECTO CINTURA ALTA', 1, 38, 14, 35, 34, 3, 1, 8, 29),
(338, '100802900338', 'PANTALON VESTIR RECTO CINTURA ALTA', 1, 26, 14, 35, 36, 3, 1, 8, 29),
(339, '100802900339', 'PANTALON VESTIR RECTO CON TAPITA', 1, 38, 14, 35, 36, 3, 1, 8, 29),
(340, '100807700340', 'JEANS TIRO MEDIO OXFORD', 1, 23, 16, 1, 8, 3, 1, 8, 77),
(341, '100807700341', 'JEANS TIRO MEDIO OXFORD', 1, 23, 16, 1, 7, 3, 1, 8, 77),
(342, '100807700342', 'JEANS TIRO MEDIO OXFORD', 1, 23, 16, 1, 6, 3, 1, 8, 77),
(343, '100802500343', 'JEANS RECTO TIRO ALTO cod. 1811', 1, 23, 14, 1, 10, 3, 1, 8, 25),
(344, '100803100344', 'JEANS RECTO TIRO ALTO', 1, 38, 14, 2, 9, 3, 1, 8, 31),
(345, '100808200345', 'JEANS CHUPIN TIRO BAJO GLENN BLUE 15061', 2, 53, 14, 1, 5, 4, 1, 8, 82),
(346, '100808200346', 'JEANS CHUPIN TIRO BAJO GLENN BLUE 15061', 2, 53, 14, 1, 2, 4, 1, 8, 82),
(347, '100808200347', 'JEANS CHUPIN TIRO BAJO GLENN BLUE 15061', 2, 53, 14, 1, 3, 4, 1, 8, 82),
(348, '100808200348', 'JEANS CHUPIN TIRO BAJO GLENN BLUE 15061', 2, 53, 14, 1, 4, 4, 1, 8, 82),
(349, '100808200349', 'JEANS CHUPIN TIRO BAJO GLENN BLUE 15061', 1, 53, 14, 1, 1, 4, 1, 8, 82),
(350, '100808200350', 'JEANS CHUPIN TIRO MEDIO DEANY 15051', 2, 53, 14, 1, 2, 4, 1, 8, 82),
(351, '100808200351', 'JEANS CHUPIN TIRO MEDIO DEANY 15051', 1, 53, 14, 1, 3, 4, 1, 8, 82),
(352, '100808200352', 'JEANS CHUPIN TIRO MEDIO DEANY 15051', 1, 53, 14, 1, 1, 4, 1, 8, 82),
(353, '100808200353', 'JEANS CHUPIN TIRO MEDIO DEANY 15051', 1, 53, 14, 1, 4, 4, 1, 8, 82),
(354, '100808200354', 'JEANS CHUPIN TIRO MEDIO DEANY 15051', 1, 53, 14, 1, 5, 4, 1, 8, 82),
(355, '100802400355', 'JEANS CON C/MODAL CHUPIN 1405', 1, 29, 14, 2, 33, 4, 1, 8, 24),
(356, '100802400356', 'JEANS CON C/MODAL CHUPIN 1405', 1, 38, 14, 2, 33, 4, 1, 8, 24),
(357, '100808400357', 'JEANS CHUPIN TIRO MEDIO COD.8104', 1, 23, 14, 1, 2, 3, 1, 8, 84),
(358, '100808400358', 'JEANS CHUPIN TIRO MEDIO COD.8104', 1, 23, 14, 1, 1, 3, 1, 8, 84),
(359, '100808300359', 'JEANS CHUPIN TIRO MEDIO COD.13776', 1, 23, 14, 1, 3, 3, 1, 8, 83),
(360, '100808300360', 'JEANS CHUPIN TIRO MEDIO COD.13776', 1, 23, 14, 1, 4, 3, 1, 8, 83),
(361, '100808300361', 'JEANS CHUPIN TIRO MEDIO COD.13776', 1, 23, 14, 1, 1, 3, 1, 8, 83),
(362, '100808500362', 'JEANS OXFORD TIRO BAJO', 1, 38, 14, 2, 1, 3, 1, 8, 85),
(363, '100802000363', 'JEANS CHUPIN TIRO MEDIO COD.146502', 1, 23, 14, 2, 1, 3, 1, 8, 20),
(364, '100808200364', 'JEANS CHUPIN TIRO MEDIO COD. 15046', 1, 6, 8, 2, 1, 3, 1, 8, 82),
(365, '100803100365', 'JEANS RECTO TIRO BAJO', 1, 6, 14, 1, 1, 3, 1, 8, 31),
(366, '100803100366', 'JEANS RECTO TIRO BAJO', 1, 6, 14, 1, 5, 3, 1, 8, 31),
(367, '100803100367', 'JEANS OXFORD TIRO BAJO', 1, 41, 15, 1, 1, 3, 1, 8, 31),
(368, '100803100368', 'JEANS CHUPIN TIRO BAJO  6240', 1, 23, 14, 1, 1, 3, 1, 8, 31),
(369, '100803100369', 'JEANS CHUPIN TIRO BAJO  6240', 1, 23, 14, 1, 2, 3, 1, 8, 31),
(370, '100803100370', 'JEANS RECTO CLASICO', 1, 23, 14, 1, 1, 3, 1, 8, 31),
(371, '100803100371', 'JEANS CHUPIN TIRO BAJO 5330', 1, 38, 14, 2, 1, 3, 1, 8, 31),
(372, '100803100372', 'JEANS CHUPIN TIRO BAJO 5330', 1, 38, 14, 2, 2, 3, 1, 8, 31),
(373, '100803100373', 'JEANS CHUPIN TIRO BAJO 5330', 1, 38, 14, 2, 3, 3, 1, 8, 31),
(374, '100803100374', 'JEANS CHUPIN TIRO BAJO 5330', 1, 38, 14, 2, 5, 3, 1, 8, 31),
(375, '100808300375', 'JEANS CHUPIN TIRO BAJO lyon 13783', 2, 53, 11, 1, 1, 3, 1, 8, 83),
(376, '100808300376', 'JEANS CHUPIN TIRO BAJO lyon 13783', 2, 53, 11, 1, 4, 3, 1, 8, 83),
(377, '100808300377', 'jeans chupin tiro bajo nizh 13781', 1, 60, 14, 1, 2, 3, 1, 8, 83),
(378, '100808300378', 'jeans chupin tiro bajo nizh 13781', 1, 60, 14, 1, 3, 3, 1, 8, 83),
(379, '100802000379', 'JEANS RECTO TIRO MEDIO EUGENIA 132557', 1, 23, 14, 1, 2, 3, 1, 8, 20),
(380, '100803100380', 'JEANS CHUPIN TIRO MEDIO BIO 9040', 1, 53, 14, 1, 2, 3, 1, 8, 31),
(381, '100803100381', 'JEANS CHUPIN TIRO MEDIO BIO 9040', 0, 53, 14, 1, 7, 3, 1, 8, 31),
(382, '100803100382', 'JEANS CHUPIN TIRO MEDIO BIO 9040', 1, 53, 14, 1, 4, 3, 1, 8, 31),
(383, '100803100383', 'JEANS RECTO TIRO MEDIO 6 COSTURAS', 1, 53, 14, 1, 3, 3, 1, 8, 31),
(384, '100803100384', 'JEANS RECTO TIRO MEDIO 6 COSTURAS', 1, 53, 14, 1, 2, 3, 1, 8, 31),
(385, '100803100385', 'JEANS OXFORD TIRO MEDIO ', 1, 23, 15, 1, 3, 3, 1, 8, 31),
(386, '100802000386', 'JEANS CHUPIN TIRO MEDIO TENTATION 146500', 1, 53, 16, 1, 3, 3, 1, 8, 20),
(387, '100808500387', 'JEANS CHUPIN TIRO BAJO ART 2299', 1, 53, 16, 1, 3, 3, 1, 8, 85),
(388, '100808400388', 'JEANS CHUPIN TIRO MEDIO COD. 7102', 1, 23, 16, 1, 3, 3, 1, 8, 84),
(389, '100801800389', 'JEANS CHUPIN TIRO ALT0 COD.4004', 1, 23, 21, 1, 3, 3, 1, 8, 18),
(390, '100802200390', 'JEANS RECTO TIRO MEDIO COD.026902745001 PENCIL', 1, 53, 14, 1, 8, 3, 1, 8, 22),
(391, '100802200391', 'JEANS RECTO TIRO MEDIO COD.026902745001 PENCIL', 0, 53, 14, 1, 4, 3, 1, 8, 22),
(392, '100808400392', 'JEANS OXFORD TIRO MEDIO COD.8110', 1, 53, 16, 1, 4, 3, 1, 8, 84),
(393, '100808400393', 'JEANS OXFORD TIRO MEDIO COD.8110', 1, 53, 16, 1, 5, 3, 1, 8, 84),
(394, '100808400394', 'JEANS OXFORD TIRO MEDIO COD.8110', 1, 53, 16, 1, 6, 3, 1, 8, 84),
(395, '100801800395', 'JEANS OXFORD TIRO MEDIO COD.3909', 1, 23, 14, 1, 3, 3, 1, 8, 18),
(396, '100801800396', 'JEANS OXFORD TIRO MEDIO COD.3909', 1, 23, 14, 1, 8, 3, 1, 8, 18),
(397, '100808200397', 'JEANS CHUPIN TIRO MEDIO TANEY 15044', 1, 53, 14, 1, 3, 3, 1, 8, 82),
(398, '100801800398', 'JEANS CHUPIN TIRO MEDIO COD.3610', 1, 22, 14, 1, 3, 3, 1, 8, 18),
(399, '100803100399', 'JEANS CHUPIN TIRO MEDIO', 1, 30, 14, 2, 3, 3, 1, 8, 31),
(400, '100808400400', 'JEANS RECTO TIRO ALTO COD 8126', 1, 38, 14, 1, 4, 3, 1, 8, 84),
(401, '100808500401', 'JEANS CHUPIN TIRO MEDIO COD2279', 1, 6, 14, 1, 4, 3, 1, 8, 85),
(402, '100803100402', 'JEANS CHUPIN TIRO MEDIO', 1, 30, 14, 2, 4, 3, 1, 8, 31),
(403, '100802000403', 'JEANS CHUPIN TIRO ALTO COD 145508', 1, 53, 15, 1, 4, 3, 1, 8, 20),
(404, '100808300404', 'JEANS TIRO MEDIO CHUPIN ERIKA COD 13794', 1, 22, 15, 1, 4, 3, 1, 8, 83),
(405, '100803100405', 'JEANS RECTO TIRO BAJO', 1, 22, 14, 1, 4, 3, 1, 8, 31),
(406, '100801800406', 'JEANS CHUPIN TIRO MEDIO COD 3910', 1, 22, 14, 1, 4, 3, 1, 8, 18),
(407, '100801800407', 'JEANS CHUPIN TIRO MEDIO COD 3910', 1, 22, 14, 1, 5, 3, 1, 8, 18),
(408, '100802000408', 'JEANS CHUPIN TIRO MEDIO COD 146619', 1, 23, 14, 1, 5, 3, 1, 8, 20),
(409, '100801800409', 'JEANS RECTO TIRO ALTO COD 3908', 1, 22, 14, 1, 5, 3, 1, 8, 18),
(410, '100801800410', 'JEANS RECTO TIRO ALTO COD 3908', 1, 22, 14, 1, 9, 3, 1, 8, 18),
(411, '100802200411', 'JEANS CHUPIN TIRO MEDIO COD 028502343011', 1, 4, 14, 2, 5, 3, 1, 8, 22),
(412, '100802200412', 'JEANS CHUPIN TIRO MEDIO COD 028502343011', 1, 4, 14, 2, 9, 3, 1, 8, 22),
(413, '100802200413', 'JEANS CHUPIN TIRO MEDIO COD 028502343011', 1, 4, 14, 2, 8, 3, 1, 8, 22),
(414, '100803100414', 'JEANS CHUPIN TIRO MEDIO', 1, 30, 14, 2, 7, 3, 1, 8, 31),
(415, '100803100415', 'JEANS CHUPIN TIRO MEDIO', 1, 30, 14, 2, 5, 3, 1, 8, 31),
(416, '100801700416', 'JEANS CHUPIN TIRO MEDIO', 1, 38, 14, 2, 5, 3, 1, 8, 17),
(417, '100802000417', 'JEANS CHUPIN TIRO MEDIO COD 146550', 1, 6, 4, 2, 5, 3, 1, 8, 20),
(418, '100808400418', 'JEANS RECTO TIRO ALTO COD 8126', 1, 38, 14, 1, 5, 3, 1, 8, 84),
(419, '100808400419', 'JEANS RECTO TIRO ALTO COD 8126', 1, 38, 14, 1, 6, 3, 1, 8, 84),
(420, '100808400420', 'JEANS RECTO TIRO ALTO COD 8126', 1, 38, 14, 1, 9, 3, 1, 8, 84),
(421, '100808400421', 'JEANS RECTO TIRO ALTO COD 8126', 5, 38, 14, 1, 8, 3, 1, 8, 84),
(422, '100801800422', 'JEANS RECTO TIRO ALTO COD 4017', 1, 30, 14, 2, 5, 3, 1, 8, 18),
(423, '100801800423', 'JEANS RECTO TIRO ALTO COD 4017', 1, 30, 14, 2, 8, 3, 1, 8, 18),
(424, '100802000424', 'JEANS CHUPIN TIRO ALTO COD 145502', 1, 53, 15, 1, 6, 3, 1, 8, 20),
(425, '100808400425', 'JEANS CHUPIN TIRO ALTO COD 8105', 1, 10, 14, 2, 6, 3, 1, 8, 84),
(426, '100808400426', 'JEANS CHUPIN TIRO ALTO COD 8105', 1, 10, 14, 2, 4, 3, 1, 8, 84),
(427, '100808400427', 'JEANS CHUPIN TIRO ALTO COD 8105', 1, 10, 14, 2, 7, 3, 1, 8, 84),
(428, '100807400428', 'PANTALON CHUPIN TIRO ALTO COD7652', 1, 30, 14, 2, 6, 3, 1, 8, 74),
(429, '100801700429', 'JEANS RECTO TIRO MEDIO', 1, 5, 14, 2, 6, 3, 1, 8, 17),
(430, '100803100430', 'JEANS CHUPIN TIRO MEDIO DOBLE BOTON', 1, 23, 15, 1, 6, 3, 1, 8, 31),
(431, '100803100431', 'JEANS CHUPIN TIRO MEDIO', 1, 30, 14, 2, 6, 3, 1, 8, 31),
(432, '100801800432', 'JEANS RECTO TIRO MEDIO COD 4019', 1, 9, 14, 2, 7, 3, 1, 8, 18),
(433, '100807400433', 'PANTALON CHUPIN TIRO ALTO COD7652', 1, 30, 14, 2, 7, 3, 1, 8, 74),
(434, '100803100434', 'JEANS RECTO TIRO ALTO COD.6130', 1, 38, 14, 2, 10, 3, 1, 8, 31),
(435, '100801800435', 'JEANS OXFORD TIRO MEDIO COD.3909', 1, 23, 14, 1, 10, 3, 1, 8, 18),
(436, '100808600436', 'JEANS CHUPIN TIRO ALTO CON TACHAS', 1, 38, 14, 1, 10, 3, 1, 8, 86),
(437, '100808600437', 'JEANS OXFORD TIRO ALTO', 1, 23, 14, 1, 10, 3, 1, 8, 86),
(438, '100801700438', 'JEANS RECTO TIRO MEDIO', 1, 38, 14, 2, 14, 3, 1, 8, 17),
(439, '100801700439', 'JEANS RECTO TIRO MEDIO', 1, 38, 14, 2, 10, 3, 1, 8, 17),
(440, '100701700440', 'PANTALON RECTO TIRO MEDIO', 1, 6, 14, 2, 13, 2, 1, 7, 17),
(441, '100801700441', 'JEANS RECTO TIRO MEDIO', 1, 13, 14, 2, 13, 3, 1, 8, 17),
(442, '100801700442', 'JEANS RECTO TIRO MEDIO', 1, 13, 14, 2, 10, 3, 1, 8, 17),
(443, '100808300443', 'JEANS CHUPIN TIRO MEDIO COD.137030', 1, 41, 14, 1, 4, 3, 1, 8, 83),
(444, '100801800444', 'JEANS CHUPIN TIRO ALT0 COD.4001', 1, 23, 14, 1, 8, 3, 1, 8, 18),
(445, '100801800445', 'JEANS RECTO TIRO ALT0 COD.4023', 1, 38, 25, 2, 8, 3, 1, 8, 18),
(446, '100801800446', 'JEANS RECTO TIRO ALT0 COD.4023', 1, 38, 25, 2, 7, 3, 1, 8, 18),
(447, '100801800447', 'JEANS RECTO TIRO ALTO COD.4005', 1, 23, 21, 1, 7, 3, 1, 8, 18),
(448, '100801800448', 'JEANS RECTO TIRO MEDIO COD 4019', 1, 9, 14, 2, 9, 3, 1, 8, 18),
(449, '100802200449', 'JEANS CHUPIN TIRO MEDIO COD 028502343011', 1, 4, 14, 2, 7, 3, 1, 8, 22),
(450, '100801800450', 'JEANS RECTO TIRO ALTO COD.3923', 1, 4, 14, 2, 7, 3, 1, 8, 18),
(451, '100808400451', 'JEANS RECTO TIRO ALTO COD. 7115', 1, 22, 14, 1, 8, 4, 1, 8, 84),
(452, '100808400452', 'JEANS RECTO TIRO ALTO COD. 7115', 1, 22, 14, 1, 7, 4, 1, 8, 84),
(453, '100801800453', 'JEANS RECTO TIRO MEDIO', 1, 38, 14, 2, 4, 3, 1, 8, 18),
(454, '100801800454', 'JEANS RECTO TIRO ALT0 COD.4023', 1, 38, 25, 2, 9, 3, 1, 8, 18),
(455, '100801800455', 'JEANS RECTO TIRO ALTO COD.4005', 1, 23, 21, 1, 8, 3, 1, 8, 18),
(456, '100801800456', 'JEANS RECTO TIRO ALTO COD. 4013', 1, 23, 25, 1, 8, 3, 1, 8, 18),
(457, '100808700457', 'Vestido Jaqui EUGENIA', 1, 38, 28, 46, 28, 4, 1, 8, 87),
(458, '100808700458', 'Vestido Jaqui EUGENIA', 1, 61, 28, 46, 26, 4, 1, 8, 87),
(459, '100808700459', 'Vestido straples Bodiskyn bicolor', 1, 59, 28, 45, 26, 4, 1, 8, 87),
(460, '100808700460', 'Vestido straples Bodiskyn bicolor', 1, 61, 28, 45, 26, 4, 1, 8, 87),
(461, '100808700461', 'Vestido straples Floriane', 1, 40, 4, 35, 34, 4, 1, 8, 87),
(462, '100808700462', 'Vestido straples Floriane', 1, 40, 4, 35, 36, 4, 1, 8, 87),
(463, '100808700463', 'Vestido Imperio Corto', 1, 62, 19, 6, 29, 4, 1, 8, 87),
(464, '100808700464', 'Vestido Imperio Corto', 1, 63, 19, 6, 26, 4, 1, 8, 87),
(465, '100808700465', 'Vestido Imperio Corto', 1, 64, 19, 6, 27, 4, 1, 8, 87),
(466, '100808700466', 'Vestido straples cecil', 1, 38, 28, 7, 36, 4, 1, 8, 87),
(467, '100808700467', 'Vestido straples cecil', 1, 38, 28, 7, 34, 4, 1, 8, 87),
(468, '100808700468', 'Vestido jaqui lupe 136104', 1, 62, 28, 10, 29, 4, 1, 8, 87),
(469, '100808700469', 'Vestido jaqui lupe 136104', 1, 61, 28, 10, 26, 4, 1, 8, 87),
(470, '100802200470', 'JEANS RECTO TIRO MEDIO', 1, 38, 3, 2, 9, 3, 1, 8, 22),
(471, '100801700471', 'JEANS RECTO TIRO MEDIO', 1, 53, 14, 1, 9, 3, 1, 8, 17),
(472, '100801700472', 'JEANS CHUPIN TIRO MEDIO', 1, 23, 14, 1, 8, 3, 1, 8, 17),
(473, '100803100473', 'JEANS CHUPIN TIRO MEDIO', 1, 23, 14, 1, 8, 3, 1, 8, 31),
(474, '100803100474', 'JEANS RECTO TIRO MEDIO', 1, 22, 14, 2, 8, 3, 1, 8, 31),
(475, '100804500475', 'JEANS RECTO TIRO MEDIO', 1, 29, 14, 2, 8, 3, 1, 8, 45),
(476, '100807800476', 'JEANS RECTO TIRO MEDIO', 1, 29, 14, 39, 8, 3, 1, 8, 78),
(477, '100801800477', 'JEANS RECTO TIRO ALTO COD 3927', 1, 29, 14, 2, 8, 3, 1, 8, 18),
(478, '100801700478', 'JEANS RECTO TIRO MEDIO', 1, 6, 14, 2, 8, 3, 1, 8, 17),
(479, '100801800479', 'JEANS CHUPIN TIRO ALT0 COD.4001', 0, 23, 14, 1, 10, 3, 1, 8, 18),
(480, '100808400480', 'JEANS RECTO TIRO ALTO COD 8126', 1, 38, 14, 1, 10, 3, 1, 8, 84),
(481, '100801800481', 'JEANS RECTO TIRO MEDIO COD 4019', 1, 9, 14, 2, 10, 3, 1, 8, 18),
(482, '100808400482', 'JEANS RECTO TIRO ALTO COD 8126', 1, 38, 14, 1, 11, 3, 1, 8, 84),
(483, '100801800483', 'JEANS CHUPIN TIRO ALTO COD3811', 1, 29, 14, 2, 11, 3, 1, 8, 18),
(484, '100801800484', 'JEANS CHUPIN TIRO ALT0 COD.4001', 1, 23, 14, 1, 11, 3, 1, 8, 18),
(485, '100801800485', 'JEANS RECTO TIRO ALTO COD 3908', 1, 22, 14, 1, 11, 3, 1, 8, 18),
(486, '100801700486', 'JEANS RECTO TIRO ALTO', 1, 53, 15, 1, 11, 3, 1, 8, 17),
(487, '100803100487', 'JEANS RECTO TIRO ALTO COD.6130', 1, 38, 14, 2, 11, 3, 1, 8, 31),
(488, '100801800488', 'JEANS RECTO TIRO MEDIO COD 4019', 1, 9, 14, 2, 11, 3, 1, 8, 18),
(489, '100801700489', 'JEANS CHUPIN TIRO ALTO', 1, 53, 15, 1, 13, 3, 1, 8, 17),
(490, '100808700490', 'SHORT CORI1800', 1, 15, 8, 1, 3, 4, 1, 8, 87),
(491, '100808700491', 'SHORT CORI1800', 1, 15, 8, 1, 1, 4, 1, 8, 87),
(492, '100808700492', 'SHORT CORI1800', 1, 15, 8, 1, 2, 4, 1, 8, 87),
(493, '100808700493', 'SHORT CORI1800', 1, 15, 8, 1, 5, 4, 1, 8, 87),
(494, '100808700494', 'SHORT CORI1800', 1, 15, 8, 1, 4, 4, 1, 8, 87),
(495, '100808700495', 'CAMISA S/M SOFIA 1807', 1, 16, 8, 2, 29, 4, 1, 8, 87),
(496, '100808700496', 'CAMISA S/M SOFIA 1807', 1, 16, 8, 2, 27, 4, 1, 8, 87),
(497, '100808700497', 'SHORT DANARA COD1804', 1, 11, 8, 2, 29, 4, 1, 8, 87),
(498, '100808700498', 'SHORT DANARA COD1804', 1, 16, 8, 2, 27, 4, 1, 8, 87),
(499, '100808700499', 'SHORT DANARA COD1804', 1, 4, 8, 2, 28, 4, 1, 8, 87),
(500, '100808700500', 'SHORT DANARA COD1804', 1, 11, 8, 2, 26, 4, 1, 8, 87),
(501, '100808700501', 'SHORT DANARA COD1804', 1, 4, 8, 2, 25, 4, 1, 8, 87),
(502, '100808700502', 'JEANS CHUPIN TIRO MEDIO COD1692', 1, 15, 8, 38, 6, 4, 1, 8, 87),
(503, '100808700503', 'JEANS CHUPIN TIRO MEDIO COD1692', 1, 15, 8, 38, 5, 4, 1, 8, 87),
(504, '100808700504', 'JEANS CHUPIN TIRO MEDIO COD1692', 2, 15, 8, 38, 2, 4, 1, 8, 87),
(505, '100808700505', 'JEANS CHUPIN TIRO MEDIO COD1692', 1, 15, 8, 38, 4, 4, 1, 8, 87),
(506, '100808700506', 'JEANS CHUPIN TIRO MEDIO COD1692', 2, 15, 8, 38, 3, 4, 1, 8, 87),
(507, '100808700507', 'JEANS CHUPIN TIRO MEDIO COD1692', 2, 15, 8, 38, 1, 4, 1, 8, 87),
(508, '100808700508', 'JEANS CHUPIN TIRO MEDIO COD1846', 3, 38, 25, 2, 2, 4, 1, 8, 87),
(509, '100808700509', 'JEANS CHUPIN TIRO MEDIO COD1846', 1, 38, 25, 2, 4, 4, 1, 8, 87),
(510, '100808700510', 'JEANS CHUPIN TIRO MEDIO COD1846', 1, 38, 25, 2, 1, 4, 1, 8, 87),
(511, '100808700511', 'JEANS CHUPIN TIRO MEDIO COD1846', 1, 38, 25, 2, 5, 4, 1, 8, 87),
(512, '100808700512', 'JEANS CHUPIN TIRO MEDIO COD1846', 1, 38, 25, 2, 3, 4, 1, 8, 87),
(513, '100808700513', 'JEANS CHUPIN TIRO MEDIO COD1846', 1, 38, 25, 2, 44, 4, 1, 8, 87),
(514, '100808700514', 'REMERA MUSCULOSA ZOE COD1374', 1, 38, 28, 12, 28, 4, 1, 8, 87),
(515, '100808800515', 'CARDIGAN C/BOTONES Y CALADO', 1, 38, 14, 9, 37, 4, 1, 8, 88),
(516, '100808800516', 'CARDIGAN C/CIERRE', 1, 28, 14, 9, 37, 4, 1, 8, 88),
(517, '100808800517', 'CARDIGAN C/BOTONES Y CALADO', 1, 57, 14, 9, 37, 4, 1, 8, 88),
(518, '100808800518', 'SACO TEJIDO ABIERTO', 1, 29, 25, 9, 38, 4, 1, 8, 88),
(519, '100808800519', 'SACO TEJIDO ABIERTO COMBINADO', 1, 66, 14, 9, 38, 4, 1, 8, 88),
(520, '100808800520', 'SACO TEJIDO ABIERTO C/OJALES', 1, 12, 14, 9, 38, 4, 1, 8, 88),
(521, '100808900521', 'CAMISA M/L ', 1, 67, 7, 47, 37, 4, 1, 8, 89),
(522, '100808900522', 'CAMISA M/C', 0, 1, 14, 11, 29, 4, 1, 8, 89),
(523, '100808900523', 'CAMISA MANGAS 3/4', 1, 1, 14, 47, 39, 4, 1, 8, 89),
(524, '100809000524', 'BLUSA -PONCHO', 1, 68, 3, 6, 30, 4, 1, 8, 90),
(525, '100809000525', 'BLUSA -PONCHO BORDADA', 1, 69, 29, 6, 30, 4, 1, 8, 90),
(526, '100809000526', 'CALZA CON COSTURA CHUPIN', 1, 38, 14, 36, 39, 4, 1, 8, 90),
(527, '100802900527', 'CAMISA M/L ', 1, 38, 14, 24, 36, 4, 1, 8, 29),
(528, '100802900528', 'CAMISA M/L ', 1, 1, 14, 24, 33, 4, 1, 8, 29),
(529, '100802900529', 'CAMISA MANGAS 3/4 C/ALFORZAS', 1, 1, 14, 47, 36, 4, 1, 8, 29),
(530, '102909100530', 'JEANS OXFORD TIRO MEDIO ', 1, 53, 16, 1, 5, 4, 1, 29, 91),
(531, '102909100531', 'JEANS OXFORD TIRO MEDIO', 1, 53, 16, 1, 7, 4, 1, 29, 91),
(532, '102909100532', 'JEANS OXFORD TIRO MEDIO', 1, 53, 16, 1, 8, 4, 1, 29, 91),
(533, '100809200533', 'CHALECO MATELASE', 1, 10, 14, 27, 34, 4, 1, 8, 92),
(534, '100809200534', 'CHALECO MATELASE', 1, 26, 14, 27, 36, 4, 1, 8, 92),
(535, '100809200535', 'CHALECO MATELASE', 1, 26, 14, 27, 27, 4, 1, 8, 92),
(536, '100809300536', 'CARDIGAN LARGO C/LAZO', 1, 29, 14, 9, 27, 4, 1, 8, 93),
(537, '100809300537', 'CARDIGAN C/BOTONES Y CALADO', 1, 38, 14, 9, 27, 4, 1, 8, 93),
(538, '100809300538', 'CARDIGAN C/BOTONES Y CORAZONES', 1, 17, 14, 9, 27, 4, 1, 8, 93),
(539, '100809300539', 'CARDIGAN C/BOTONES CON RAYAS BRILLOSAS', 1, 29, 1, 9, 27, 4, 1, 8, 93),
(540, '100809300540', 'SWEATER CON BRILLO', 1, 10, 28, 9, 27, 4, 1, 8, 93),
(541, '100809300541', 'SWEATER CON BRILLO', 1, 61, 25, 9, 27, 4, 1, 8, 93),
(542, '100809300542', 'SWEATER CON BRILLO', 0, 13, 25, 9, 27, 4, 1, 8, 93),
(543, '102909100543', 'CALZA PANTALON', 1, 15, 14, 2, 30, 4, 1, 29, 91),
(544, '100803900544', 'BLAZER M/L', 1, 59, 4, 2, 38, 4, 1, 8, 39),
(545, '100803900545', 'BLAZER M/L', 0, 38, 14, 35, 36, 4, 1, 8, 39),
(546, '100803900546', 'TAPADO MONTGOMERY JASPEADO', 1, 59, 14, 22, 34, 3, 1, 8, 39),
(547, '100803900547', 'CAMISA M/L ', 1, 38, 4, 6, 42, 3, 1, 8, 39),
(548, '100803900548', 'CAMISA M/L', 1, 59, 2, 24, 35, 3, 1, 8, 39),
(549, '100803900549', 'CAMISA M/L', 1, 65, 4, 24, 39, 3, 1, 8, 39),
(550, '100803900550', 'CAMISA M/L', 1, 17, 29, 24, 36, 3, 1, 8, 39),
(551, '100806400551', 'TAPADO CORTO CRUZADO', 1, 6, 14, 22, 35, 4, 1, 8, 64),
(552, '100806400552', 'MUSCU BASICA TIRA FINA', 1, 27, 14, 12, 38, 4, 1, 8, 64),
(553, '100806400553', 'MUSCU BASICA TIRA FINA', 1, 27, 14, 12, 34, 4, 1, 8, 64),
(554, '100806400554', 'MUSCU BASICA TIRA FINA', 1, 27, 14, 12, 33, 4, 1, 8, 64),
(555, '100806400555', 'MUSCU BASICA TIRA FINA', 1, 27, 14, 12, 35, 4, 1, 8, 64),
(556, '100806400556', 'MUSCU BASICA TIRA FINA', 1, 29, 14, 12, 36, 4, 1, 8, 64),
(557, '100806400557', 'MUSCU BASICA TIRA FINA', 1, 29, 14, 12, 37, 4, 1, 8, 64),
(558, '100806400558', 'MUSCU BASICA TIRA FINA', 1, 38, 14, 12, 35, 4, 1, 8, 64),
(559, '100806400559', 'MUSCU BASICA TIRA FINA', 1, 38, 14, 12, 33, 4, 1, 8, 64),
(560, '100806400560', 'MUSCU BASICA TIRA FINA', 0, 38, 14, 12, 37, 4, 1, 8, 64),
(561, '100806400561', 'MUSCU BASICA TIRA FINA', 1, 38, 14, 12, 34, 4, 1, 8, 64),
(562, '100806400562', 'MUSCU BASICA TIRA FINA', 1, 38, 14, 12, 36, 4, 1, 8, 64),
(563, '100806400563', 'MUSCU BASICA TIRA FINA', 1, 1, 14, 12, 37, 4, 1, 8, 64),
(564, '100806400564', 'MUSCU BASICA TIRA FINA', 1, 1, 14, 12, 34, 4, 1, 8, 64),
(565, '100806400565', 'MUSCU BASICA TIRA FINA', 1, 1, 14, 12, 35, 4, 1, 8, 64),
(566, '100806400566', 'MUSCU BASICA TIRA FINA', 1, 1, 14, 12, 36, 4, 1, 8, 64),
(567, '100806400567', 'MUSCU BASICA TIRA FINA', 1, 1, 14, 12, 33, 4, 1, 8, 64),
(568, '100804500568', 'BLAZER M/L puño combinado', 1, 6, 14, 35, 38, 4, 1, 8, 45),
(569, '100804500569', 'BLAZER M/L puño combinado', 1, 38, 14, 2, 40, 4, 1, 8, 45),
(570, '100809400570', 'BLAZER M/L puño combinado ', 1, 38, 2, 35, 30, 4, 1, 8, 94),
(571, '100809400571', 'BLAZER M/L puño combinado', 1, 38, 2, 35, 28, 4, 1, 8, 94),
(572, '100809400572', 'BLAZER M/3/4 puño combinado', 1, 70, 4, 35, 29, 4, 1, 8, 94),
(573, '100809400573', 'BLAZER M/3/4 puño combinado-callao', 1, 70, 14, 35, 28, 4, 1, 8, 94),
(574, '100809400574', 'BLAZER M/l puño combinado-Moreno', 1, 17, 14, 35, 27, 4, 1, 8, 94),
(575, '100809400575', 'pollera corta acampanada-DOBLAS', 1, 8, 14, 10, 26, 4, 1, 8, 94),
(576, '100809400576', 'BLUSA M/C - JUJUY', 1, 28, 14, 6, 26, 4, 1, 8, 94),
(577, '100809400577', 'BLUSA M/C - JUJUY', 1, 38, 14, 6, 27, 4, 1, 8, 94),
(578, '100809400578', 'VESTIDO CORTO M/C CON LAZO-CORRIENTE', 1, 38, 2, 16, 26, 4, 1, 8, 94),
(579, '100809400579', 'VESTIDO CORTO M/C CON LAZO-EMILIO', 1, 62, 27, 6, 27, 4, 1, 8, 94),
(580, '100809400580', 'VESTIDO CORTO M/C CON LAZO-DIANA', 1, 8, 14, 10, 28, 4, 1, 8, 94),
(581, '100809400581', 'CAMISA M/L -BARCELONA', 1, 67, 7, 47, 28, 4, 1, 8, 94),
(582, '100801700582', 'JEANS RECTO TIRO MEDIO', 1, 38, 14, 2, 7, 3, 1, 8, 17),
(583, '100801700583', 'JEANS RECTO TIRO MEDIO', 1, 38, 14, 2, 14, 3, 1, 8, 17),
(584, '100801700584', 'JEANS RECTO TIRO MEDIO', 1, 38, 14, 2, 13, 3, 1, 8, 17),
(585, '100801700585', 'JEANS RECTO TIRO MEDIO', 1, 38, 14, 2, 12, 3, 1, 8, 17),
(586, '100801700586', 'JEANS RECTO TIRO MEDIO', 1, 38, 14, 2, 11, 3, 1, 8, 17),
(587, '100801700587', 'JEANS RECTO TIRO MEDIO', 1, 53, 14, 1, 11, 3, 1, 8, 17),
(588, '100801700588', 'JEANS RECTO TIRO MEDIO', 1, 53, 14, 1, 14, 3, 1, 8, 17),
(589, '100801700589', 'JEANS RECTO TIRO MEDIO', 1, 53, 14, 1, 13, 3, 1, 8, 17),
(590, '100801700590', 'JEANS RECTO TIRO MEDIO', 1, 53, 14, 1, 12, 3, 1, 8, 17),
(591, '100801700591', 'JEANS RECTO TIRO MEDIO', 1, 23, 14, 1, 12, 3, 1, 8, 17),
(592, '100801700592', 'JEANS RECTO TIRO MEDIO', 1, 23, 14, 1, 12, 3, 1, 8, 17),
(593, '100801700593', 'JEANS RECTO TIRO MEDIO', 1, 23, 14, 1, 13, 3, 1, 8, 17),
(594, '100808700594', 'SHORT JULIA CROCHET', 1, 15, 14, 10, 28, 4, 1, 8, 87),
(595, '100808700595', 'SHORT JULIA LENTEJUELA', 0, 38, 14, 29, 28, 4, 1, 8, 87),
(596, '100808700596', 'SHORT JULIA LENTEJUELA', 0, 38, 14, 29, 27, 4, 1, 8, 87),
(597, '100801900597', 'REMERA M/C', 1, 61, 25, 9, 37, 4, 1, 8, 19),
(598, '100801900598', 'REMERA M/C', 1, 61, 25, 9, 37, 4, 1, 8, 19),
(599, '100808700599', 'MUSCULOSA YONNA', 1, 38, 14, 7, 29, 4, 1, 8, 87),
(600, '100808700600', 'MUSCULOSA YONNA', 1, 36, 14, 7, 26, 4, 1, 8, 87),
(601, '100808700601', 'MUSCULOSA YONNA LUNARES', 1, 61, 2, 7, 26, 4, 1, 8, 87),
(602, '100808700602', 'MUSCULOSA YONNA LUNARES', 1, 52, 2, 7, 29, 4, 1, 8, 87),
(603, '100808700603', 'MUSCULOSA YONNA', 1, 4, 14, 7, 30, 4, 1, 8, 87),
(604, '100808700604', 'MUSCULOSA YONNA', 1, 1, 14, 7, 27, 4, 1, 8, 87),
(605, '100808700605', 'CAMISA MANGAS LARGAS REGULABLE BUTERFLY', 1, 1, 14, 47, 28, 4, 1, 8, 87),
(606, '100808700606', 'CAMISA MANGAS LARGAS REGULABLE BUTERFLY', 1, 1, 14, 47, 29, 4, 1, 8, 87),
(607, '100808700607', 'VESTIDO LARGO UN HOMBRO LETICIA', 1, 38, 14, 7, 36, 4, 1, 8, 87),
(608, '100808700608', 'VESTIDO LARGO UN HOMBRO LETICIA', 1, 2, 14, 7, 36, 4, 1, 8, 87),
(609, '100808700609', 'VESTIDO CORTO UN HOMBRO LETICIA', 1, 38, 14, 7, 33, 4, 1, 8, 87),
(610, '100808700610', 'VESTIDO CORTO UN HOMBRO LETICIA', 1, 2, 14, 7, 36, 4, 1, 8, 87),
(611, '100808700611', 'VESTIDO CORTO STRAPLES LEYRE', 1, 28, 4, 10, 28, 4, 1, 8, 87),
(612, '100808700612', 'VESTIDO CORTO STRAPLES LEYRE', 1, 38, 4, 10, 27, 4, 1, 8, 87),
(613, '100808700613', 'VESTIDO CORTO CONSTANCE', 1, 38, 14, 12, 26, 4, 1, 8, 87),
(614, '100808700614', 'VESTIDO CORTO CONSTANCE', 1, 38, 14, 12, 28, 4, 1, 8, 87),
(615, '100801900615', 'BLUSA CON TIRA EN CINTURA', 1, 7, 4, 47, 36, 4, 1, 8, 19),
(616, '100801900616', 'BLUSA LARGA CON BORDADO', 1, 50, 4, 47, 36, 4, 1, 8, 19),
(617, '100801900617', 'BLUSA LARGA CON MANGA REGULABLE', 1, 19, 14, 20, 26, 4, 1, 8, 19),
(618, '100801900618', 'BLUSA MANGAS 3/4 CON CINTURA ELASTIZADA', 1, 66, 6, 6, 28, 4, 1, 8, 19),
(619, '100801900619', 'BLUSA MANGAS 3/4 CON CINTURA ELASTIZADA', 1, 13, 6, 6, 28, 4, 1, 8, 19),
(620, '100801900620', 'BLUSA MANGAS 3/4 ', 1, 70, 6, 6, 27, 4, 1, 8, 19),
(621, '100801900621', 'BLUSA LARGA CON BORDADO', 1, 41, 4, 47, 35, 4, 1, 8, 19),
(622, '100808700622', 'JEANS CHUPIN TIRO MEDIO BONITA 25', 1, 53, 16, 1, 1, 4, 1, 8, 87),
(623, '100808700623', 'JEANS CHUPIN TIRO MEDIO BONITA 24', 1, 53, 16, 1, 1, 4, 1, 8, 87),
(624, '100808700624', 'JEANS CHUPIN TIRO MEDIO BONITA 32', 1, 53, 16, 1, 5, 4, 1, 8, 87),
(625, '100808700625', 'JEANS CHUPIN TIRO MEDIO BONITA 28', 1, 53, 16, 1, 3, 4, 1, 8, 87),
(626, '100808700626', 'JEANS CHUPIN TIRO MEDIO BONITA 29', 1, 53, 16, 1, 4, 4, 1, 8, 87),
(627, '100808700627', 'JEANS CHUPIN TIRO MEDIO BONITA 27', 1, 53, 16, 1, 3, 4, 1, 8, 87),
(628, '100808700628', 'JEANS CHUPIN TIRO MEDIO BONITA 26', 1, 53, 16, 1, 2, 4, 1, 8, 87),
(629, '100808700629', 'JEANS CHUPIN TIRO MEDIO BONITA 30', 1, 53, 16, 1, 4, 4, 1, 8, 87),
(630, '100808700630', 'JEANS CHUPIN TIRO MEDIO BONITA 30', 1, 53, 16, 1, 4, 4, 1, 8, 87),
(631, '100808700631', 'campera con cierre cruzada engomada Sunday', 1, 36, 14, 1, 27, 4, 1, 8, 87),
(632, '100808700632', 'campera con cierre cruzada engomada Sunday', 1, 36, 14, 1, 28, 4, 1, 8, 87),
(633, '100808700633', 'TRENCH C/BOT DORADOS Y RIBETES PRINT-GLORIA LARGO', 0, 4, 14, 48, 27, 4, 1, 8, 87),
(634, '100808700634', 'TRENCH C/BOT DORADOS Y RIBETES PRINT-GLORIA LARGO', 1, 28, 14, 48, 29, 4, 1, 8, 87),
(635, '100808700635', 'campera con cierre cruzada RAIANA', 1, 38, 14, 11, 27, 4, 1, 8, 87),
(636, '100808700636', 'campera con cierre cruzada RAIANA', 1, 38, 14, 11, 28, 4, 1, 8, 87),
(637, '100808700637', 'Vestido straples Bodiskyn LENTEJUELAS', 1, 36, 14, 45, 26, 4, 1, 8, 87),
(638, '100808700638', 'Vestido straples Bodiskyn LENTEJUELAS', 1, 38, 14, 45, 28, 4, 1, 8, 87),
(639, '100808700639', 'BLAZER M/L GEANE', 1, 38, 25, 37, 26, 4, 1, 8, 87);
INSERT INTO `prenda` (`idPrenda`, `codigoPrenda`, `detallePrenda`, `cantidadPrenda`, `idColorPrenda`, `idEstampadoPrenda`, `idTelaPrenda`, `idTallePrenda`, `idEstacionPrenda`, `idEmpresaPrenda`, `idProveedorPrenda`, `idMarcaPrenda`) VALUES
(640, '100808700640', 'BLAZER M/L GEANE', 1, 36, 25, 37, 29, 4, 1, 8, 87),
(641, '100808700641', 'BLAZER M/L ROSEMARY', 1, 28, 14, 49, 33, 4, 1, 8, 87),
(642, '100808700642', 'BLAZER M/L ROSEMARY', 1, 19, 14, 49, 35, 4, 1, 8, 87),
(643, '100801900643', 'BLUSA MANGAS 3/4 CON CINTURA REGULABLE', 1, 7, 6, 6, 28, 4, 1, 8, 19),
(644, '100803300644', 'BLUSA M/C - 50209', 1, 19, 7, 24, 38, 4, 1, 8, 33),
(645, '100803300645', 'BLUSA M/C - 50212', 1, 12, 3, 6, 30, 4, 1, 8, 33),
(646, '100803300646', 'BLUSA s/m con cierre - 50216', 1, 12, 4, 16, 38, 4, 1, 8, 33),
(647, '100902000647', 'BLUSA LYNETTE COD 245605', 1, 59, 21, 11, 9, 4, 1, 9, 20),
(648, '100902000648', 'BLUSA LYNETTE COD 245605', 0, 59, 21, 11, 6, 4, 1, 9, 20),
(649, '100902000649', 'BLUSA LYNETTE COD 245605', 1, 59, 21, 11, 8, 4, 1, 9, 20),
(650, '100902000650', 'BLUSA DANISA COD245613', 1, 59, 3, 6, 7, 4, 1, 9, 20),
(651, '100902000651', 'BLUSA DANISA COD245613', 1, 59, 3, 6, 9, 4, 1, 9, 20),
(652, '100902000652', 'BERMUDA SONYA COD245532', 1, 23, 12, 1, 6, 4, 1, 9, 20),
(653, '100902000653', 'BERMUDA SONYA COD245532', 1, 23, 12, 1, 7, 4, 1, 9, 20),
(654, '100902000654', 'BERMUDA INGRID COD245533', 1, 23, 14, 1, 10, 4, 1, 9, 20),
(655, '100902000655', 'BERMUDA INGRID COD245533', 1, 23, 14, 1, 5, 4, 1, 9, 20),
(656, '100902000656', 'BERMUDA MIRANDA COD 245530', 1, 23, 14, 1, 7, 4, 1, 9, 20),
(657, '100902000657', 'BERMUDA MIRANDA COD 245530', 1, 23, 14, 1, 8, 4, 1, 9, 20),
(658, '100902000658', 'BERMUDA MIRANDA COD 245530', 1, 23, 14, 1, 9, 4, 1, 9, 20),
(659, '100902000659', 'BERMUDA MIRANDA COD 245530', 1, 23, 14, 1, 6, 4, 1, 9, 20),
(660, '100908500660', 'JEANS CHUPIN TIRO ALTO COD.2354', 1, 53, 22, 1, 4, 4, 1, 9, 85),
(661, '100908500661', 'JEANS CHUPIN TIRO ALTO COD.2354', 1, 53, 22, 1, 3, 4, 1, 9, 85),
(662, '100908500662', 'JEANS CHUPIN TIRO ALTO COD.2354', 1, 53, 22, 1, 2, 4, 1, 9, 85),
(663, '100908500663', 'JEANS CHUPIN TIRO BAJO COD.2357', 1, 22, 16, 1, 1, 4, 1, 9, 85),
(664, '100908500664', 'JEANS CHUPIN TIRO BAJO COD.2357', 1, 22, 16, 1, 3, 4, 1, 9, 85),
(665, '100908500665', 'JEANS CHUPIN TIRO BAJO COD.2357', 1, 22, 16, 1, 4, 4, 1, 9, 85),
(666, '100908500666', 'JEANS CHUPIN TIRO BAJO COD.2357', 1, 22, 16, 1, 2, 4, 1, 9, 85),
(667, '100908500667', 'JEANS CHUPIN TIRO BAJO COD.2357', 1, 22, 16, 1, 4, 4, 1, 9, 85),
(668, '100908500668', 'JEANS CHUPIN TIRO BAJO COD.2357', 1, 22, 16, 1, 6, 4, 1, 9, 85),
(669, '100908500669', 'JEANS CHUPIN TIRO BAJO COD.2357', 1, 22, 16, 1, 5, 4, 1, 9, 85),
(670, '100902000670', 'CHALECO DEGRADE MUNA - COD.246591', 1, 1, 9, 1, 29, 4, 1, 9, 20),
(671, '100902000671', 'CHALECO anahi - COD.222591', 1, 1, 14, 1, 29, 4, 1, 9, 20),
(672, '100803100672', 'CHALECO', 1, 22, 14, 1, 5, 4, 1, 8, 31),
(673, '100902000673', 'CAMISA LUISA COD246605', 1, 1, 14, 47, 6, 4, 1, 9, 20),
(674, '100902000674', 'CAMISA LUISA COD246605', 1, 1, 14, 47, 4, 4, 1, 9, 20),
(675, '100902000675', 'CAMISA LUISA COD246605', 1, 1, 14, 47, 3, 4, 1, 9, 20),
(676, '100902000676', 'CAMISA LUISA COD246605', 1, 1, 14, 47, 5, 4, 1, 9, 20),
(679, '100902000677', 'CAMISA M/C MOIRA COD. 246603', 1, 31, 4, 24, 3, 4, 1, 9, 20),
(680, '100902000677', 'CAMISA M/C MOIRA COD. 246603', 0, 31, 4, 24, 3, 4, 1, 9, 20),
(681, '100808400681', 'JEANS CHUPIN TIRO MEDIO COD. 8202', 1, 71, 4, 1, 11, 4, 1, 8, 84),
(682, '100808400682', 'JEANS CHUPIN TIRO MEDIO COD. 8202', 1, 71, 4, 1, 9, 4, 1, 8, 84),
(683, '100808400683', 'JEANS CHUPIN TIRO MEDIO COD. 8202', 1, 71, 4, 1, 5, 4, 1, 8, 84),
(684, '100808400684', 'JEANS CHUPIN TIRO MEDIO COD. 8202', 1, 71, 4, 1, 3, 4, 1, 8, 84),
(685, '100808400685', 'JEANS CHUPIN TIRO MEDIO COD. 8202', 1, 71, 4, 1, 7, 4, 1, 8, 84),
(686, '100808400686', 'JEANS CHUPIN TIRO MEDIO COD. 8202', 1, 72, 4, 1, 10, 4, 1, 8, 84),
(687, '100808400687', 'JEANS CHUPIN TIRO MEDIO COD. 8202', 1, 72, 4, 1, 4, 4, 1, 8, 84),
(688, '100808400688', 'JEANS CHUPIN TIRO MEDIO COD. 8202', 1, 71, 4, 1, 6, 4, 1, 8, 84),
(689, '100808400689', 'JEANS CHUPIN TIRO MEDIO COD. 8202', 1, 72, 4, 1, 8, 4, 1, 8, 84),
(690, '100808400690', 'JEANS CHUPIN TIRO MEDIO COD. 8204', 1, 53, 14, 1, 11, 4, 1, 8, 84),
(691, '100808400691', 'JEANS CHUPIN TIRO MEDIO COD. 8204', 1, 53, 14, 1, 10, 4, 1, 8, 84),
(692, '100808400692', 'JEANS CHUPIN TIRO MEDIO COD. 8204', 1, 53, 14, 1, 6, 4, 1, 8, 84),
(693, '100808400693', 'JEANS CHUPIN TIRO MEDIO COD. 8204', 1, 53, 14, 1, 7, 4, 1, 8, 84),
(694, '100808400694', 'JEANS CHUPIN TIRO MEDIO COD. 8204', 1, 53, 14, 1, 9, 4, 1, 8, 84),
(695, '100808400695', 'JEANS CHUPIN TIRO MEDIO COD. 8204', 1, 53, 14, 1, 8, 4, 1, 8, 84),
(696, '100808400696', 'JEANS CHUPIN TIRO MEDIO COD. 8204', 1, 53, 14, 1, 5, 4, 1, 8, 84),
(697, '100902000697', 'REMERA M/C FLUORITA COD. 235319', 1, 1, 14, 12, 8, 4, 1, 9, 20),
(698, '100902000698', 'REMERA M/C FLUORITA COD. 235319', 1, 1, 14, 12, 9, 4, 1, 9, 20),
(699, '100902000699', 'REMERA M/C combinada gasa divine cod. 146318', 1, 38, 17, 12, 27, 4, 1, 9, 20),
(700, '100902000700', 'REMERA M/C combinada gasa divine cod. 146318', 1, 28, 17, 12, 29, 4, 1, 9, 20),
(701, '100902000701', 'REMERA S/M combinada gasa poison cod.146315', 1, 19, 14, 12, 29, 4, 1, 9, 20),
(702, '100902000702', 'REMERA S/M combinada gasa poison cod.146315', 1, 59, 14, 12, 26, 4, 1, 9, 20),
(703, '100902000703', 'REMERA S/M shock cod.146302', 1, 6, 17, 25, 28, 4, 1, 9, 20),
(704, '100902000704', 'REMERA S/M shock cod.146302', 1, 38, 17, 25, 26, 4, 1, 9, 20),
(705, '100902000705', 'REMERA S/M shock cod.146302', 1, 4, 17, 25, 27, 4, 1, 9, 20),
(706, '100902000706', 'blusa musculosa lila cod. 246620', 1, 59, 2, 6, 29, 4, 1, 9, 20),
(707, '100902000707', 'CAMISA M/C MOIRA COD. 246603', 1, 4, 4, 24, 29, 4, 1, 9, 20),
(708, '100808700708', 'blusa m/c DERECK', 1, 11, 3, 6, 38, 4, 1, 8, 87),
(709, '100808700709', 'blusa m/c DERECK', 1, 22, 3, 6, 38, 4, 1, 8, 87),
(710, '100601600710', 'camisaco Viscoso', 1, 10, 14, 20, 29, 4, 1, 6, 16),
(711, '100601600711', 'camisaco Viscoso', 1, 16, 14, 20, 28, 4, 1, 6, 16),
(712, '100601600712', 'sweater calado', 1, 44, 14, 9, 29, 4, 1, 6, 16),
(713, '100601600713', 'CAMISA AYLEN', 1, 44, 17, 20, 29, 4, 1, 6, 16),
(714, '100601600714', 'CAMISA AYLEN', 1, 38, 17, 20, 29, 4, 1, 6, 16),
(715, '100601600715', 'CAMISA PATCHWORK', 1, 34, 17, 20, 29, 4, 1, 6, 16),
(716, '100601600716', 'CAMISA PATCHWORK', 0, 38, 17, 20, 28, 4, 1, 6, 16),
(717, '100601600717', 'CAMISA PATCHWORK', 1, 44, 17, 20, 27, 4, 1, 6, 16),
(718, '100601600718', 'BLUSON', 1, 34, 14, 20, 30, 4, 1, 6, 16),
(719, '100601600719', 'CAMISA CANESU REDONDO', 1, 29, 14, 20, 27, 4, 1, 6, 16),
(720, '100601600720', 'CAMISA CANESU REDONDO', 1, 21, 14, 20, 29, 4, 1, 6, 16),
(721, '100601600721', 'CAMISA CANESU REDONDO', 1, 4, 14, 20, 28, 4, 1, 6, 16),
(722, '100601600722', 'CAMISA AYLEN', 1, 21, 17, 20, 27, 4, 1, 6, 16),
(723, '100601600723', 'CAMISA MANGAS 3/4 CON CORDON', 0, 38, 17, 20, 29, 4, 1, 6, 16),
(724, '100601600724', 'CAMISA MANGAS 3/4 CON CORDON', 1, 57, 17, 20, 29, 4, 1, 6, 16),
(725, '100601600725', 'CAMISA MANGAS 3/4 CON CORDON', 1, 29, 17, 20, 28, 4, 1, 6, 16),
(726, '100601600726', 'CAMISA FRANCIA', 1, 21, 14, 20, 28, 4, 1, 6, 16),
(727, '100601600727', 'CAMISA FRANCIA', 1, 21, 14, 20, 29, 4, 1, 6, 16),
(728, '100601600728', 'CAMISA FRANCIA', 1, 4, 14, 20, 29, 4, 1, 6, 16),
(729, '100601600729', 'CAMISA CUELLO CUADRADO', 1, 29, 14, 20, 27, 4, 1, 6, 16),
(730, '100601600730', 'CAMISA CUELLO CUADRADO', 1, 1, 14, 20, 28, 4, 1, 6, 16),
(731, '100601600731', 'CAMISA CUELLO CUADRADO', 1, 21, 14, 20, 29, 4, 1, 6, 16),
(732, '100601600732', 'CAMISA CON BOLSILLO', 1, 21, 14, 20, 27, 4, 1, 6, 16),
(733, '100601600733', 'CAMISA CON BOLSILLO', 1, 38, 14, 20, 28, 4, 1, 6, 16),
(734, '100601600734', 'CAMISA CON BOLSILLO', 1, 4, 14, 20, 29, 4, 1, 6, 16),
(735, '100601600735', 'CAMISOLA MONAGUILLO', 0, 4, 14, 20, 29, 4, 1, 6, 16),
(736, '100601600736', 'CAMISOLA MONAGUILLO', 0, 1, 14, 20, 27, 4, 1, 6, 16),
(737, '100601600737', 'CAMISOLA KIMONO', 1, 1, 14, 20, 27, 4, 1, 6, 16),
(738, '100601600738', 'CAMISOLA KIMONO', 1, 29, 14, 20, 28, 4, 1, 6, 16),
(739, '100601600739', 'CAMISOLA KIMONO', 1, 57, 14, 20, 29, 4, 1, 6, 16),
(740, '100601600740', 'CAMISA CARDIGAN VISCOSO CON ESTAMPE', 1, 4, 14, 20, 28, 4, 1, 6, 16),
(741, '100601600741', 'CAMISA CARDIGAN VISCOSO CON ESTAMPE', 1, 10, 14, 20, 29, 4, 1, 6, 16),
(742, '100601600742', 'CAMISA OJALITO CON ESTAMPE', 1, 44, 14, 20, 29, 4, 1, 6, 16),
(743, '100601600743', 'CAMISA OJALITO CON ESTAMPE', 1, 10, 14, 20, 27, 4, 1, 6, 16),
(744, '100601600744', 'CAMISA OJALITO CON ESTAMPE', 0, 4, 14, 20, 28, 4, 1, 6, 16),
(745, '100601600745', 'PANTALON PALAZO C/BOTONES', 1, 10, 14, 20, 30, 4, 1, 6, 16),
(746, '100809500746', 'BLUSA M 3/4 ALDY COD015102', 1, 15, 14, 47, 28, 4, 1, 8, 95),
(747, '100809500747', 'BLUSA M 3/4 ALDY COD015102', 1, 59, 4, 47, 27, 4, 1, 8, 95),
(748, '100802500748', 'REMERA M/C CON BOTONES COD6223', 1, 15, 1, 12, 30, 4, 1, 8, 25),
(749, '100802500749', 'REMERA M/C CON LAZOS COD 6104', 1, 65, 14, 12, 37, 4, 1, 8, 25),
(750, '100802500750', 'REMERA M/C CON BORDE BLANCO COD 4155', 1, 18, 14, 12, 37, 4, 1, 8, 25),
(751, '100802500751', 'REMERA M/C CON BOLSILLO COD 6108', 1, 43, 14, 12, 37, 4, 1, 8, 25),
(752, '100802500752', 'CAMISA M 3/4 COD 6404', 1, 17, 14, 11, 37, 4, 1, 8, 25),
(753, '100802500753', 'REMERA M 3/4 CUELLO CRUZADO COD 6218', 1, 50, 5, 4, 28, 4, 1, 8, 25),
(754, '100802500754', 'REMERA M/C CON LAZOS EN LA ESPALDA COD 6204', 1, 40, 30, 4, 30, 4, 1, 8, 25),
(755, '100802500755', 'REMERA M/C CON PUNTILLA COD 6214', 1, 18, 4, 12, 30, 4, 1, 8, 25),
(756, '100802500756', 'REMERA M/C COD 6109', 1, 67, 30, 24, 36, 4, 1, 8, 25),
(757, '100802500757', 'REMERA M 3/4 CUELLO CRUZADO COD 6130', 1, 6, 4, 4, 37, 4, 1, 8, 25),
(758, '100802500758', 'REMERA M 3/4 CUELLO EN V COD 6210  ', 1, 59, 31, 4, 30, 4, 1, 8, 25),
(759, '100802500759', 'REMERA M/C CUELLO CON PUNTILLA COD 6121', 1, 65, 14, 12, 36, 4, 1, 8, 25),
(760, '100809600760', 'REMERA M 3/4 COD 5709', 1, 19, 17, 12, 12, 4, 1, 8, 96),
(761, '100802500761', 'REMERA M 3/4 COD 6205', 1, 59, 25, 4, 27, 4, 1, 8, 25),
(762, '100809600762', 'REMERA M 3/4 COD 5710', 1, 40, 17, 12, 8, 4, 1, 8, 96),
(763, '100809600763', 'REMERA M 3/4 COD 5709', 1, 40, 17, 12, 9, 4, 1, 8, 96),
(764, '100807300764', 'REMERA M/C cod.7141', 1, 65, 14, 12, 37, 4, 1, 8, 73),
(765, '100807300765', 'REMERA M/C COD 7107', 1, 23, 1, 12, 37, 4, 1, 8, 73),
(766, '100808700766', 'CAMISA S/M CHIARA ', 1, 5, 12, 2, 29, 4, 1, 8, 87),
(767, '100808700767', 'CAMISA S/M CHIARA ', 1, 28, 12, 2, 27, 4, 1, 8, 87),
(768, '100808700768', 'REMERA S/M NIEVES COD 1391', 1, 6, 4, 12, 29, 4, 1, 8, 87),
(769, '100808700769', 'REMERA S/M NIEVES COD 1391', 1, 4, 4, 12, 27, 4, 1, 8, 87),
(770, '100808700770', 'REMERA M/C FUNNY COD 13550329', 1, 18, 17, 12, 28, 4, 1, 8, 87),
(771, '100808700771', 'REMERA M/C FUNNY COD 13550329[2]', 1, 65, 17, 12, 27, 4, 1, 8, 87),
(772, '100808700772', 'REMERA S/M AMIRA COD 13440429', 1, 17, 17, 12, 29, 4, 1, 8, 87),
(773, '100808700773', 'REMERA S/M AMIRA COD 13440429', 1, 65, 17, 12, 27, 4, 1, 8, 87),
(774, '100808700774', 'MUSCULOSA PRISCILA COD 1396', 1, 15, 1, 12, 29, 4, 1, 8, 87),
(775, '100808700775', 'MUSCULOSA ORIANA ', 1, 38, 12, 12, 26, 4, 1, 8, 87),
(776, '100808700776', 'MUSCULOSA ORIANA ', 1, 38, 12, 12, 28, 4, 1, 8, 87),
(777, '100808700777', 'CAPA M/C STEFANIA ', 1, 15, 17, 6, 26, 4, 1, 8, 87),
(778, '100808700778', 'CAPA M/C STEFANIA ', 1, 22, 17, 6, 27, 4, 1, 8, 87),
(779, '100808700779', 'REMERA MUSCULOSA ZOE COD1374', 1, 1, 28, 12, 26, 4, 1, 8, 87),
(780, '100808700780', 'MUSCULOSA DESSIRE COD 2005', 1, 15, 32, 6, 28, 4, 1, 8, 87),
(781, '100808700781', 'MUSCULOSA DESSIRE COD 2005', 1, 4, 32, 6, 29, 4, 1, 8, 87),
(782, '100902000782', 'REMERA M/C MYSTIC 146307', 1, 1, 19, 12, 28, 4, 1, 9, 20),
(783, '100801600783', 'CAMISA M/L ', 1, 1, 17, 47, 28, 3, 1, 8, 16),
(784, '100801600784', 'CAMISA M/L ', 1, 1, 17, 47, 28, 3, 1, 8, 16),
(785, '100801600785', 'BLUSON C/CINTA ', 1, 1, 14, 25, 35, 4, 1, 8, 16),
(786, '100601600786', 'BLUSA M/C DOBLE BOLSILLO', 1, 1, 14, 20, 29, 1, 1, 6, 16),
(787, '100601600787', 'BLUSA  M/C C/ SOLAPA Y PUNTILLA', 1, 1, 14, 20, 29, 1, 1, 6, 16),
(788, '100601600788', 'CAMISA SERENA M/L', 1, 1, 14, 20, 30, 4, 1, 6, 16),
(789, '100601600789', 'CAMISOLA MONAGUILLO', 1, 1, 14, 20, 29, 4, 1, 6, 16),
(790, '100808700790', 'JEANS LOLA BLACK', 1, 38, 14, 1, 3, 4, 1, 8, 87),
(791, '100808700791', 'JEANS LOLA BLACK', 1, 38, 14, 1, 44, 4, 1, 8, 87),
(792, '100808700792', 'JEANS LOLA BLACK', 1, 38, 14, 1, 2, 4, 1, 8, 87),
(793, '100808700793', 'JEANS LOLA BLACK', 1, 38, 14, 1, 43, 4, 1, 8, 87),
(794, '100808700794', 'JEANS LOLA BLACK', 1, 38, 14, 1, 45, 4, 1, 8, 87),
(795, '100808700795', 'JEANS LOLA BLACK', 1, 38, 14, 1, 1, 4, 1, 8, 87),
(796, '100808700796', 'MUSCULOSA PILAR COD 1383', 1, 28, 13, 12, 28, 4, 1, 8, 87),
(797, '100808700797', 'REMERA ANGELA COD 1388', 1, 29, 17, 12, 28, 4, 1, 8, 87),
(798, '100902000798', 'REMERA M/C GINGER COD 146304', 1, 4, 17, 12, 26, 4, 1, 9, 20),
(799, '100902000799', 'REMERA M/C GRANATE COD 235301', 1, 65, 14, 12, 7, 4, 1, 9, 20),
(800, '100902000800', 'REMERA M/C GRANATE COD 235301', 1, 24, 14, 12, 9, 4, 1, 9, 20),
(801, '100902000801', 'REMERA M/C  CITY COD 146300', 1, 9, 17, 12, 27, 4, 1, 9, 20),
(802, '100902000802', 'REMERA S/M PETUNIA COD236310', 1, 65, 17, 12, 27, 4, 1, 9, 20),
(803, '100902000803', 'REMERA M/C MYSTIC 146307', 1, 6, 19, 12, 27, 4, 1, 9, 20),
(804, '100802200804', 'REMERA M/L  CUELLO EN V COD 129607200020', 1, 1, 14, 12, 28, 4, 1, 8, 22),
(805, '100806000805', 'CAMISA M/L COD 13003121', 1, 1, 14, 2, 36, 3, 1, 8, 60),
(806, '100902000806', 'REMERA S/M PASSION COD 146308', 1, 1, 17, 12, 27, 4, 1, 9, 20),
(807, '100807600807', 'REMERA M/C TAYLOR COD 172', 1, 1, 17, 12, 27, 4, 1, 8, 76),
(808, '100802400808', 'CAMISOLA RAYON CON PUNTILLA COD 1629', 1, 28, 14, 24, 37, 3, 1, 8, 24),
(809, '100804200809', 'CAMISA M 3/4 TABLITAS', 1, 29, 14, 2, 33, 4, 1, 8, 42),
(810, '100807300810', 'REMERA S/M COD 7115', 1, 1, 12, 12, 37, 4, 1, 8, 73),
(811, '100802200811', 'REMERA M/C COD 175632782404', 1, 28, 32, 12, 28, 4, 1, 8, 22),
(812, '100801900812', 'MUSCULOSA SHAT', 2, 28, 17, 12, 33, 4, 1, 8, 19),
(813, '100802400813', 'CAMISA M 3/4 COD 7433', 1, 1, 14, 2, 34, 4, 1, 8, 24),
(814, '100807600814', 'REMERA M/C NINA FACE COD 181', 1, 29, 17, 25, 26, 4, 1, 8, 76),
(815, '100807600815', 'REMERA M/C NINA TAROT COD178', 1, 29, 17, 25, 27, 4, 1, 8, 76),
(816, '100807600816', 'REMERA M/C NINA COLLAGE COD 178', 1, 29, 17, 25, 27, 4, 1, 8, 76),
(817, '100807600817', 'REMERA M/C CUPID COD 158', 1, 29, 17, 25, 28, 4, 1, 8, 76),
(818, '100807600818', 'REMERA M 3/4 LOVE COD 116', 1, 29, 17, 12, 33, 4, 1, 8, 76),
(819, '101502600819', 'CAMISA M 3/4 VOILE COD 173017', 1, 59, 4, 11, 8, 4, 1, 15, 26),
(820, '101502600820', 'CAMISA M 3/4 VOILE COD 173017', 1, 6, 4, 11, 7, 4, 1, 15, 26),
(821, '100802200821', 'REMERA M 3/4 JALEA COD. 159111423011 ', 1, 29, 14, 12, 4, 4, 1, 8, 22),
(822, '100802200822', 'REMERA M/C CEBADA COD. 177000421013', 1, 29, 14, 12, 4, 4, 1, 8, 22),
(823, '100805900823', 'CAPA M/L 150', 1, 34, 14, 12, 33, 4, 1, 8, 59),
(824, '100805600824', 'CAMISACO JEANS', 1, 22, 14, 1, 39, 4, 1, 8, 56),
(825, '100801800825', 'CAMISA JEANS 4041', 1, 23, 11, 1, 27, 4, 1, 8, 18),
(826, '100808500826', 'CAMISA JEANS Y GASA 123', 1, 53, 14, 1, 28, 4, 1, 8, 85),
(827, '100804000827', 'CAMISA JEANS M/C', 1, 22, 14, 1, 39, 4, 1, 8, 40),
(828, '100803100828', 'CAMISA JEANS M/L', 1, 23, 14, 1, 4, 4, 1, 8, 31),
(829, '100802200829', 'CAMISA JEANS M/C', 1, 22, 14, 1, 5, 4, 1, 8, 22),
(830, '100801800830', 'CAMISA JEANS M/C', 1, 23, 12, 1, 28, 4, 1, 8, 18),
(831, '100808500831', 'CAMISA JEANS 125', 1, 22, 22, 1, 27, 4, 1, 8, 85),
(832, '100802200832', 'CARDIGAN POLAR', 1, 23, 1, 9, 5, 4, 1, 8, 22),
(833, '100802200833', 'REMERA M 3/4 INK', 1, 4, 14, 12, 27, 4, 1, 8, 22),
(834, '100807300834', 'REMERA M/C 7112', 1, 15, 4, 16, 38, 4, 1, 8, 73),
(835, '100802200835', 'REMERA M/C POLAR', 1, 4, 3, 9, 4, 4, 1, 8, 22),
(836, '100806500836', 'REMERA M/C LAS MOIRAS 106', 1, 4, 17, 12, 40, 4, 1, 8, 65),
(837, '100802200837', 'REMERA M/C INK', 1, 4, 17, 12, 27, 4, 1, 8, 22),
(838, '100805900838', 'REMERÓN M/C 370', 1, 41, 17, 13, 10, 4, 1, 8, 59),
(839, '100802200839', 'REMERA M/C 172200141007', 1, 75, 12, 12, 27, 4, 1, 8, 22),
(840, '100809600840', 'REMERA M/C 5709', 1, 4, 17, 12, 10, 4, 1, 8, 96),
(841, '100807300841', 'REMERA M/C 7131', 1, 23, 17, 12, 35, 4, 1, 8, 73),
(842, '100801500842', 'CAMISA M/C ', 1, 22, 14, 24, 40, 4, 1, 8, 15),
(843, '100806900843', 'REMERA M/C COD 4917', 1, 29, 19, 12, 30, 4, 1, 8, 69),
(844, '100807000844', 'SACO Y REMERA M/C COD 1408', 1, 22, 17, 12, 36, 4, 1, 8, 70),
(845, '100806500845', 'SACO M 3/4 Y REMERA COD 228', 1, 1, 9, 12, 38, 4, 1, 8, 65),
(846, '100807000846', 'REMERA M 3/4 COD 1358', 1, 22, 17, 12, 37, 4, 1, 8, 70),
(847, '101102200847', 'REMERA M 3/4 COD 174600443012', 1, 40, 17, 12, 25, 4, 1, 11, 22),
(848, '100807100848', 'REMERA M/L COD 5023', 1, 12, 17, 12, 29, 3, 1, 8, 71),
(849, '100802500849', 'REMERA M/C COD 4148', 1, 12, 27, 12, 37, 4, 1, 8, 25),
(850, '100806700850', 'REMERA M/C COD 2042', 1, 12, 21, 12, 8, 4, 1, 8, 67),
(851, '101102200851', 'REMERA M/L COD 175907963008', 1, 13, 23, 12, 27, 3, 1, 11, 22),
(852, '100801900852', 'REMERA MUSCULOSA BRETEL ANCHO COD 00092', 1, 8, 14, 12, 38, 4, 1, 8, 19),
(853, '100801900853', 'REMERA M/C COD 00087', 1, 58, 17, 4, 39, 4, 1, 8, 19),
(854, '100807300854', 'REMERA M/C COD 7107', 1, 8, 1, 12, 38, 4, 1, 8, 73),
(855, '100807000855', 'SACO Y REMERA M/C COD 1408', 1, 9, 17, 12, 38, 4, 1, 8, 70),
(856, '101102200856', 'REMERA M 3/4 COD 175711363009', 1, 9, 17, 12, 28, 3, 1, 11, 22),
(857, '100809600857', 'REMERA M/C COD 2313', 1, 12, 8, 12, 6, 4, 1, 8, 96),
(858, '100806900858', 'REMERA M/C CON HOMBRERAS  COD 4247', 1, 12, 21, 12, 28, 4, 1, 8, 69),
(859, '100809600859', 'REMERA M/C COD 5101', 1, 12, 14, 12, 12, 4, 1, 8, 96),
(860, '100802600860', 'REMERA M/C COD 18000', 1, 50, 17, 4, 37, 4, 1, 8, 26),
(861, '100802400861', 'CAMISA ESCOCESA 1615', 1, 6, 7, 2, 35, 4, 1, 8, 24),
(862, '100808500862', 'CAMISA JEANS 125', 1, 22, 22, 47, 27, 4, 1, 8, 85),
(863, '100808500863', 'CAMISA JEANS 127', 1, 22, 23, 1, 27, 4, 1, 8, 85),
(864, '100801800864', 'CAMISA JEANS 4041', 1, 23, 14, 1, 26, 4, 1, 8, 18),
(865, '100802200865', 'CARDIGAN 021105243011', 1, 4, 14, 9, 27, 4, 1, 8, 22),
(866, '100806700866', 'CAMPERA 6114', 1, 4, 14, 9, 36, 4, 1, 8, 67),
(867, '100807300867', 'REMERA 7106', 1, 4, 1, 12, 35, 4, 1, 8, 73),
(868, '100807000868', 'REMERA M/C 1458', 1, 4, 17, 12, 38, 4, 1, 8, 70),
(869, '100807300869', 'REMERA M/C 7139', 1, 4, 17, 12, 38, 4, 1, 8, 73),
(870, '100807300870', 'REMERA M/C 7149', 1, 5, 1, 12, 35, 4, 1, 8, 73),
(871, '100806900871', 'REMERA M/C 3468', 1, 9, 12, 25, 30, 4, 1, 8, 69),
(872, '101501600872', 'CAMISA M/L ', 1, 10, 14, 25, 28, 4, 1, 15, 16),
(873, '101501600873', 'camisa m/l ', 1, 10, 14, 25, 29, 4, 1, 15, 16),
(874, '100807000874', 'REMERA M/C 1377', 1, 10, 17, 12, 39, 4, 1, 8, 70),
(875, '100802400875', 'CAMISA M/L 1363', 1, 9, 14, 12, 36, 4, 1, 8, 24),
(876, '100807000876', 'REMERA M 3/4 1404', 1, 44, 17, 12, 40, 4, 1, 8, 70),
(877, '100805900877', 'REMERÓN M 3/4 120', 1, 2, 31, 12, 6, 4, 1, 8, 59),
(878, '100805900878', 'REMERÓN M 3/4 120', 1, 3, 31, 6, 12, 4, 1, 8, 59),
(879, '102605900879', 'REMERÓN M 3/4 120', 1, 2, 31, 12, 11, 4, 1, 26, 59),
(880, '100802200880', 'JEANS CHUPÍN C/CIERRE 032302745001', 1, 76, 14, 1, 1, 4, 1, 8, 22),
(881, '100802200881', 'JEANS CHUPÍN C/CIERRE 032302745001', 1, 76, 14, 1, 2, 4, 1, 8, 22),
(882, '100802200882', 'JEANS CHUPÍN C/CIERRE 032302745001', 1, 76, 14, 1, 3, 4, 1, 8, 22),
(883, '100802200883', 'JEANS CHUPÍN C/CIERRE 032302745001', 1, 76, 14, 1, 4, 4, 1, 8, 22),
(884, '100802200884', 'JEANS CHUPÍN C/CIERRE 032302745001', 1, 76, 14, 1, 6, 4, 1, 8, 22),
(885, '100802200885', 'JEANS CHUPÍN C/CIERRE 032302745001', 1, 76, 14, 1, 5, 4, 1, 8, 22),
(886, '100802200886', 'JEANS CHUPIN 02950236401026', 1, 77, 14, 38, 4, 4, 1, 8, 22),
(887, '100802200887', 'JEANS CHUPIN 02950236401026', 1, 77, 14, 38, 1, 4, 1, 8, 22),
(888, '100802200888', 'JEANS CHUPIN 02950236401026', 1, 77, 14, 38, 5, 4, 1, 8, 22),
(889, '100802200889', 'JEANS CHUPIN 02950236401026', 1, 77, 14, 38, 3, 4, 1, 8, 22),
(890, '100802200890', 'JEANS CHUPIN 02950236401026', 1, 77, 14, 38, 4, 4, 1, 8, 22),
(891, '100802200891', 'JEANS CHUPIN 02950236401026', 1, 77, 14, 38, 6, 4, 1, 8, 22),
(892, '101102200892', 'JEANS CHUPIN TIRO MEDIO COD 027902700080', 1, 38, 14, 38, 5, 4, 1, 11, 22),
(893, '101102200893', 'JEANS CHUPIN TIRO MEDIO COD 027902700080', 1, 38, 14, 38, 4, 4, 1, 11, 22),
(894, '101102200894', 'JEANS CHUPIN TIRO MEDIO COD 027902700080', 1, 38, 14, 38, 6, 4, 1, 11, 22),
(895, '101102200895', 'JEANS CHUPIN TIRO MEDIO COD 027902700080', 1, 38, 14, 38, 7, 4, 1, 11, 22),
(896, '101102200896', 'MOCHILA 000108723016', 1, 9, 25, 2, 33, 4, 1, 11, 22),
(897, '101102200897', 'MUSCULOSA COD 070207261010', 1, 12, 14, 12, 30, 4, 1, 11, 22),
(898, '101102200898', 'calza panta oxf 0792004430138', 1, 4, 4, 12, 26, 4, 1, 11, 22),
(899, '101102200899', 'calza panta oxf 0792004430138', 1, 4, 4, 12, 28, 4, 1, 11, 22),
(900, '101102200900', 'REMER M/C 182911382404', 1, 29, 17, 42, 29, 4, 1, 11, 22),
(901, '101102200901', 'REMER M/C 182911382404', 1, 29, 17, 42, 26, 4, 1, 11, 22),
(902, '101102200902', 'REMER M/C 182911382404', 1, 29, 17, 42, 27, 4, 1, 11, 22),
(903, '101102200903', 'CARTERA 028108764010', 1, 6, 21, 2, 33, 4, 1, 11, 22),
(904, '101102200904', 'CARTERA 027808742012', 1, 33, 21, 2, 33, 4, 1, 11, 22),
(905, '101102200905', 'CARTERA 028008741008', 1, 19, 21, 2, 33, 4, 1, 11, 22),
(906, '101102200906', 'CARTERA 028608743013', 1, 4, 21, 2, 33, 4, 1, 11, 22),
(907, '101102200907', 'CARTERA 0284408736006', 1, 19, 21, 2, 33, 4, 1, 11, 22),
(908, '101102200908', 'CARTERA 0284408736006', 1, 19, 21, 2, 33, 4, 1, 11, 22),
(909, '101102200909', 'CARTERA 027908735010', 1, 19, 8, 2, 33, 4, 1, 11, 22),
(910, '101102200910', 'CARTERA 028308765012', 1, 1, 21, 2, 33, 4, 1, 11, 22),
(911, '100802200911', 'JEANS CHUPIN TIRO MEDIO COD. 027902700080026', 1, 38, 14, 38, 4, 4, 1, 8, 22),
(912, '100802200912', 'JEANS CHUPIN TIRO MEDIO COD. 027902700080026 ', 1, 38, 14, 38, 5, 4, 1, 8, 22),
(913, '101102200913', 'JEANS CHUPIN skynny TIRO MEDIO COD. 026202745001', 1, 76, 16, 1, 7, 4, 1, 11, 22),
(914, '101102200914', 'JEANS CHUPIN skynny TIRO MEDIO COD. 026202745001', 1, 76, 16, 1, 5, 4, 1, 11, 22),
(915, '101102200915', 'JEANS CHUPIN skynny TIRO MEDIO COD. 026202745001', 1, 76, 16, 1, 9, 4, 1, 11, 22),
(916, '101102200916', 'JEANS CHUPIN skynny TIRO MEDIO COD. 026202745001', 1, 76, 16, 1, 8, 4, 1, 11, 22),
(917, '101102200917', 'JEANS CHUPIN skynny TIRO MEDIO COD. 026202745001', 1, 76, 16, 1, 4, 4, 1, 11, 22),
(918, '101102200918', 'JEANS CHUPIN skynny TIRO MEDIO COD. 026202745001', 1, 76, 16, 1, 6, 4, 1, 11, 22),
(919, '100802200919', 'FALDA COD.0535004650', 1, 79, 4, 12, 28, 4, 1, 8, 22),
(920, '100802200920', 'FALDA COD.0535004650', 1, 79, 4, 12, 5, 4, 1, 8, 22),
(921, '100802200921', 'CAMPERA COD.0362021410', 1, 80, 14, 2, 27, 4, 1, 8, 22),
(922, '100802200922', 'CAMPERA COD.0362021410', 1, 80, 14, 2, 29, 4, 1, 8, 22),
(923, '100802200923', 'CAMPERA COD.0362021410', 1, 44, 14, 2, 5, 4, 1, 8, 22),
(924, '100802200924', 'CAMPERA COD.0362021410', 1, 44, 14, 2, 28, 4, 1, 8, 22),
(925, '101102200925', 'JEANS CHUPIN low rise TIRO MEDIO COD. 029502335010', 1, 81, 16, 2, 6, 4, 1, 11, 22),
(926, '101102200926', 'JEANS CHUPIN low rise TIRO MEDIO COD. 029502335010', 1, 81, 16, 2, 8, 4, 1, 11, 22),
(927, '101102200927', 'JEANS CHUPIN low rise TIRO MEDIO COD. 029502335010', 1, 81, 16, 2, 4, 4, 1, 11, 22),
(928, '101102200928', 'JEANS CHUPIN low rise TIRO MEDIO COD. 029502335010', 1, 81, 16, 2, 5, 4, 1, 11, 22),
(929, '101102200929', 'JEANS CHUPIN low rise TIRO MEDIO COD. 029502335010', 1, 81, 16, 2, 3, 4, 1, 11, 22),
(930, '101102200930', 'JEANS CHUPIN low rise TIRO MEDIO COD. 029502335010', 1, 81, 16, 2, 7, 4, 1, 11, 22),
(931, '101102200931', 'cardigan sin boton 049211382404', 1, 82, 14, 42, 28, 4, 1, 11, 22),
(932, '101102200932', 'cardigan sin boton 049211382404', 1, 82, 14, 42, 26, 4, 1, 11, 22),
(933, '101102200933', 'cardigan sin boton 049210945001', 1, 76, 1, 42, 27, 4, 1, 11, 22),
(934, '101102200934', 'cardigan sin boton 049210945001', 1, 76, 1, 42, 29, 4, 1, 11, 22),
(935, '101102200935', 'CAMISA MANGAS 3/4 060705035010', 1, 81, 4, 47, 27, 4, 1, 11, 22),
(936, '101102200936', 'REMERA M/C 024107900080', 1, 38, 33, 25, 25, 4, 1, 11, 22),
(937, '101102200937', 'REMERA M/C 024107900080', 1, 38, 33, 25, 29, 4, 1, 11, 22),
(938, '101102200938', 'REMERA M/C 024107900080', 1, 38, 33, 25, 26, 4, 1, 11, 22),
(939, '101102200939', 'REMERA M/C 024107900080', 1, 38, 33, 25, 27, 4, 1, 11, 22),
(940, '101102200940', 'REMERA M/C 024107900080', 1, 38, 33, 25, 28, 4, 1, 11, 22),
(941, '101102200941', 'REMERA M/C 024107900080', 1, 38, 33, 25, 30, 4, 1, 11, 22),
(942, '101102200942', 'REMERA M/C 024107910120', 1, 83, 33, 25, 26, 4, 1, 11, 22),
(943, '101102200943', 'REMERA M/C 024107910120', 1, 83, 33, 25, 30, 4, 1, 11, 22),
(944, '101102200944', 'REMERA M/C 024107910120', 1, 83, 33, 25, 28, 4, 1, 11, 22),
(945, '101102200945', 'REMERA M/C 024107910120', 1, 83, 33, 25, 29, 4, 1, 11, 22),
(946, '101102200946', 'REMERA M/C 024107910120', 1, 83, 33, 25, 25, 4, 1, 11, 22),
(947, '101102200947', 'REMERA M/C 024107936007', 1, 83, 33, 25, 25, 4, 1, 11, 22),
(948, '101102200948', 'REMERA M/C 024107936007', 1, 83, 33, 25, 29, 4, 1, 11, 22),
(949, '101102200949', 'REMERA M/C 024107936007', 1, 83, 33, 25, 27, 4, 1, 11, 22),
(950, '101102200950', 'REMERA M/C 024107961010', 1, 85, 33, 25, 28, 4, 1, 11, 22),
(951, '101102200951', 'REMERA M/C 024107961010', 1, 85, 33, 25, 30, 4, 1, 11, 22),
(952, '101102200952', 'REMERA M/C 024107961010', 1, 85, 33, 25, 26, 4, 1, 11, 22),
(953, '101102200953', 'REMERA M/3/4 185211341008', 1, 86, 4, 25, 28, 4, 1, 11, 22),
(954, '101102200954', 'REMERA M/3/4 185211341008', 1, 86, 4, 25, 27, 4, 1, 11, 22),
(955, '101102200955', 'CAMISA MANGAS 3/4 060705035010', 1, 81, 4, 47, 29, 4, 1, 11, 22),
(956, '101102200956', 'CAMISA MANGAS 3/4 060705035010', 1, 81, 4, 47, 25, 4, 1, 11, 22),
(957, '101102200957', 'REMERA M/3/4 185211341008', 1, 86, 4, 25, 26, 4, 1, 11, 22),
(958, '101102200958', 'REMERA M/3/4 189600432011', 1, 87, 4, 25, 29, 4, 1, 11, 22),
(959, '101102200959', 'REMERA M/3/4 189600432011', 1, 87, 4, 25, 28, 4, 1, 11, 22),
(960, '100801800960', 'TAPADO CORTO JASPEADO', 1, 26, 26, 22, 29, 3, 1, 8, 18),
(961, '101102200961', 'TAPADO LARGO CRUZADO', 1, 21, 26, 22, 28, 3, 1, 11, 22),
(962, '100803300962', 'TRAJE COD.90303', 1, 44, 26, 21, 37, 3, 1, 8, 33),
(963, '100803300963', 'TRAJE COD.40302', 1, 2, 26, 21, 33, 3, 1, 8, 33),
(964, '100801500964', 'BLAZER M/L', 1, 44, 7, 22, 39, 3, 1, 8, 15),
(965, '102505900965', 'TAPADO LARGO CRUZADO', 1, 44, 14, 22, 9, 3, 1, 25, 59),
(966, '100806400966', 'tapado corto cruzado', 1, 38, 14, 22, 35, 3, 1, 8, 64),
(967, '100806400967', 'TAPADO CORTO CRUZADO', 1, 38, 14, 22, 40, 3, 1, 8, 64),
(968, '100802000968', 'CAMPERA GRISEL COD. 222596', 1, 1, 14, 1, 3, 4, 1, 8, 20),
(969, '100802000969', 'SWEATER ELEFANT COD. 142727', 1, 44, 32, 8, 5, 3, 1, 8, 20),
(970, '100807100970', 'SWEATER MARSALA COD. 3985', 1, 31, 34, 8, 27, 3, 1, 8, 71),
(971, '100807100971', 'SWEATER COD.3995', 1, 38, 25, 8, 29, 3, 1, 8, 71),
(972, '100807100972', 'campera cod.3935', 1, 6, 27, 8, 26, 3, 1, 8, 71),
(973, '100809800973', 'SACÓN COD.6018', 1, 44, 14, 8, 34, 3, 1, 8, 98),
(974, '100802200974', 'CAMPERA VER COD.0209052340', 1, 7, 14, 9, 28, 3, 1, 8, 22),
(975, '101507400975', 'TWISET COD. 5882', 1, 2, 14, 8, 33, 3, 1, 15, 74),
(976, '100802200976', 'CARDIGAN 462028410', 1, 80, 32, 8, 29, 3, 1, 8, 22),
(977, '100809900977', 'sweater cod.8514', 1, 2, 14, 8, 37, 3, 1, 8, 99),
(978, '100802200978', 'SWEATER 0180029430', 1, 88, 14, 8, 27, 3, 1, 8, 22),
(979, '100802000979', 'SWEATER LEAH COD.142765', 1, 46, 1, 8, 34, 3, 1, 8, 20),
(980, '100801600980', 'CAMPERON BOHO COTTON', 1, 7, 1, 8, 29, 3, 1, 8, 16),
(981, '100801500981', 'TAPADO CORTO TRAMADO', 1, 38, 14, 22, 42, 3, 1, 8, 15),
(982, '100806400982', 'tapado corto cruzado', 1, 38, 14, 22, 33, 3, 1, 8, 64),
(983, '100806400983', 'tapado corto cruzado CON LAZO', 1, 6, 14, 22, 34, 3, 1, 8, 64),
(984, '100801500984', 'TAPADO CORTO CON PIEL MONTGOMERY', 1, 44, 14, 50, 42, 3, 1, 8, 15),
(985, '101102200985', 'TAPADO CON CIERRE CORTO COD.016701543011', 1, 4, 14, 23, 29, 3, 1, 11, 22),
(986, '100801900986', 'TAPADO CAPA CON CAPUCHA', 1, 23, 14, 22, 41, 3, 1, 8, 19),
(987, '100810000987', 'TWINSET 1925', 1, 38, 14, 8, 36, 3, 1, 8, 100),
(988, '100802200988', 'cardigan cod. 448095184', 1, 6, 17, 8, 27, 3, 1, 8, 22),
(989, '100807100989', 'SWEATER COD.3985', 1, 6, 34, 8, 29, 3, 1, 8, 71),
(990, '100801900990', 'camperón', 1, 61, 14, 8, 29, 3, 1, 8, 19),
(991, '100810000991', 'CHALECO', 1, 44, 14, 8, 34, 3, 1, 8, 100),
(992, '100802200992', 'CARDIGAN COD.0481318000', 1, 38, 17, 8, 27, 3, 1, 8, 22),
(993, '100802200993', 'CARDIGAN COD.0481318000', 1, 38, 17, 8, 27, 3, 1, 8, 22),
(994, '100802200994', 'CARDIGAN COD.046102330 ', 1, 17, 17, 9, 26, 4, 1, 8, 22),
(995, '100802200995', 'CARDIGAN COD.046102330 ', 1, 17, 17, 9, 28, 4, 1, 8, 22),
(996, '101102200996', 'PANTALON COD 074802123013', 1, 89, 17, 2, 25, 4, 1, 11, 22),
(997, '101102200997', 'PANTALON COD 074802123013', 1, 89, 17, 2, 27, 4, 1, 11, 22),
(998, '101102200998', 'PANTALON COD 074802123013', 1, 89, 17, 2, 28, 4, 1, 11, 22),
(999, '101102200999', 'MUSCULOSA CUELLO V COD O3380700080', 1, 38, 14, 12, 30, 4, 1, 11, 22),
(1000, '101102201000', 'MUSCULOSA CUELLO V COD O3380700080', 1, 38, 14, 12, 25, 4, 1, 11, 22),
(1001, '101102201001', 'MUSCULOSA CUELLO V COD O3380700080', 1, 38, 14, 12, 26, 4, 1, 11, 22),
(1002, '101102201002', 'MUSCULOSA CUELLO V COD O3380700080', 1, 38, 14, 12, 28, 4, 1, 11, 22),
(1003, '101102201003', 'MUSCULOSA CUELLO V COD O3380700080', 1, 38, 14, 12, 29, 4, 1, 11, 22),
(1004, '101102201004', 'MUSCULOSA CUELLO V COD O3380700080', 1, 38, 14, 12, 27, 4, 1, 11, 22),
(1005, '101102201005', 'MUSCULOSA CUELLO V COD O33807018410', 1, 90, 14, 12, 26, 4, 1, 11, 22),
(1006, '101102201006', 'MUSCULOSA CUELLO V COD O33807018410', 1, 90, 14, 12, 25, 4, 1, 11, 22),
(1007, '101102201007', 'MUSCULOSA CUELLO V COD O33807018410', 1, 90, 14, 12, 29, 4, 1, 11, 22),
(1008, '101102201008', 'MUSCULOSA CUELLO V COD O33807018410', 1, 90, 14, 12, 27, 4, 1, 11, 22),
(1009, '101102201009', 'MUSCULOSA CUELLO V COD O33807018410', 1, 90, 14, 12, 28, 4, 1, 11, 22),
(1010, '101102201010', 'REMERA M/C COD 186411383101', 1, 15, 32, 12, 27, 4, 1, 11, 22),
(1011, '101102201011', 'REMERA M/C COD 186411383101', 1, 15, 32, 12, 29, 4, 1, 11, 22),
(1012, '101102201012', 'REMERA M/C COD 186411383101', 1, 15, 32, 12, 25, 4, 1, 11, 22),
(1013, '101102201013', 'REMERA M/C COD 186905700080', 1, 59, 31, 12, 27, 4, 1, 11, 22),
(1014, '101102201014', 'REMERA M/C COD 186905700080', 1, 59, 31, 12, 29, 4, 1, 11, 22),
(1015, '101102201015', 'REMERA M/C COD 187910918410', 1, 59, 1, 25, 27, 4, 1, 11, 22),
(1016, '101102201016', 'REMERA M/C COD 187910918410', 1, 59, 1, 25, 29, 4, 1, 11, 22),
(1017, '101102201017', 'REMERA M/C COD 187910918410', 1, 59, 1, 25, 26, 4, 1, 11, 22),
(1018, '101102201018', 'REMERA M/C COD 187910918410', 1, 59, 1, 25, 28, 4, 1, 11, 22),
(1019, '101102201019', 'REMERA M/C COD 187910918410', 1, 59, 1, 25, 25, 4, 1, 11, 22),
(1020, '101102201020', 'REMERA M/C COD 187300118410', 1, 90, 21, 12, 26, 4, 1, 11, 22),
(1021, '101102201021', 'REMERA M/C COD 187300118410', 1, 90, 21, 12, 30, 4, 1, 11, 22),
(1022, '101102201022', 'REMERA M/C COD 187300118410', 1, 90, 21, 12, 28, 4, 1, 11, 22),
(1023, '101102201023', 'REMERA M/C COD 187300100080', 1, 38, 21, 12, 27, 4, 1, 11, 22),
(1024, '101102201024', 'REMERA M/C COD 187300100080', 1, 38, 21, 12, 25, 4, 1, 11, 22),
(1025, '101102201025', 'REMERA M/C COD 187300100080', 1, 38, 21, 12, 30, 4, 1, 11, 22),
(1026, '101102201026', 'REMERA M/C COD 182511300020', 1, 1, 17, 12, 29, 4, 1, 11, 22),
(1027, '101102201027', 'REMERA M/C COD 182511300020', 1, 1, 17, 12, 26, 4, 1, 11, 22),
(1028, '101102201028', 'REMERA M/C COD 182511300020', 1, 1, 17, 12, 27, 4, 1, 11, 22),
(1029, '101102201029', 'REMERA M/C COD 182511300020', 1, 1, 17, 12, 25, 4, 1, 11, 22),
(1030, '101102201030', 'REMERA M/C COD 183208400080', 1, 38, 21, 12, 29, 4, 1, 11, 22),
(1031, '101102201031', 'REMERA M/C COD 183208400080', 1, 38, 21, 12, 27, 4, 1, 11, 22),
(1032, '101102201032', 'REMERA M/C COD 183208410120', 1, 15, 21, 12, 28, 4, 1, 11, 22),
(1033, '101102201033', 'REMERA M/C COD 183208410120', 1, 15, 21, 12, 26, 4, 1, 11, 22),
(1034, '101102201034', 'REMERA M/C COD 184510900080', 1, 59, 1, 12, 26, 4, 1, 11, 22),
(1035, '101102201035', 'REMERA M/C COD 184510900080', 1, 59, 1, 12, 28, 4, 1, 11, 22),
(1036, '101102201036', 'REMERA M/C COD 184510935010', 1, 6, 1, 12, 25, 4, 1, 11, 22),
(1037, '101102201037', 'REMERA M/C COD 18451093501', 1, 6, 1, 12, 27, 4, 1, 11, 22),
(1038, '101102201038', 'REMERA M/C COD 182030100080', 1, 38, 31, 16, 28, 4, 1, 11, 22),
(1039, '101102201039', 'REMERA M/C COD 182030100080', 1, 38, 31, 16, 25, 4, 1, 11, 22),
(1040, '101102201040', 'REMERA S/M COD 070207972007', 1, 31, 14, 12, 30, 4, 1, 11, 22),
(1041, '101102201041', 'REMERA S/M COD 070207972007', 1, 31, 14, 12, 28, 4, 1, 11, 22),
(1042, '101102201042', 'REMERA S/M COD 070207972007', 1, 31, 14, 12, 26, 4, 1, 11, 22),
(1043, '101102201043', 'REMERA S/M COD 070207900080', 1, 38, 14, 12, 25, 4, 1, 11, 22),
(1044, '101102201044', 'REMERA S/M COD 070207900080', 1, 38, 14, 12, 29, 4, 1, 11, 22),
(1045, '101102201045', 'REMERA S/M COD 070207900080', 1, 38, 14, 12, 26, 4, 1, 11, 22),
(1046, '101102201046', 'REMERA S/M COD 070207900080', 1, 38, 14, 12, 30, 4, 1, 11, 22),
(1047, '101102201047', 'REMERA S/M COD 070207900080', 1, 38, 14, 12, 27, 4, 1, 11, 22),
(1048, '101102201048', 'REMERA S/M COD 070207900080', 1, 38, 14, 12, 28, 4, 1, 11, 22),
(1049, '101102201049', 'REMERA M/C COD 182311300080', 1, 38, 14, 12, 26, 4, 1, 11, 22),
(1050, '101102201050', 'REMERA M/C COD 182311300080', 1, 38, 14, 12, 28, 4, 1, 11, 22),
(1051, '100806401051', 'TRENCH C/BOT. CRUZADO C/LAZO', 1, 29, 14, 48, 36, 4, 1, 8, 64),
(1052, '100806401052', 'TRENCH C/BOT. CRUZADO C/LAZO', 1, 6, 14, 48, 37, 4, 1, 8, 64),
(1053, '100804501053', 'JEANS RECTO TIRO ALTO', 1, 38, 14, 2, 8, 4, 1, 8, 45),
(1054, '100805201054', 'CAMISA M/L ', 1, 38, 3, 6, 37, 4, 1, 8, 52),
(1055, '100804501055', 'TRENCH C/BOT. CRUZADO C/LAZO', 1, 6, 14, 48, 39, 4, 1, 8, 45),
(1056, '100804501056', 'TRENCH C/BOT. CRUZADO C/LAZO', 1, 8, 14, 48, 39, 4, 1, 8, 45),
(1057, '100801901057', 'BLUSA LARGA CON MANGA REGULABLE', 2, 19, 14, 20, 28, 4, 1, 8, 19),
(1058, '100801901058', 'BLUSA LARGA CON MANGA REGULABLE', 1, 29, 14, 20, 26, 4, 1, 8, 19),
(1059, '100801901059', 'BLUSA SIN MANGAS CON PIEDRAS EN CUELLO', 1, 38, 14, 6, 35, 4, 1, 8, 19),
(1060, '100801901060', 'BLUSA MANGAS LARGAS', 1, 52, 19, 24, 36, 4, 1, 8, 19),
(1061, '100803701061', 'REMERA M/3/4 ANCHAS', 1, 27, 17, 12, 38, 4, 1, 8, 37),
(1062, '100803701062', 'REMERA M/3/4 ANCHAS', 1, 28, 17, 12, 38, 4, 1, 8, 37),
(1063, '100803701063', 'REMERA M/3/4 ANCHAS', 2, 15, 17, 12, 38, 4, 1, 8, 37),
(1064, '100809401064', 'BLAZER M/3/4 puño combinado-ADELA', 1, 70, 14, 2, 26, 4, 1, 8, 94),
(1065, '100809401065', 'BLAZER M/3/4 puño combinado-ADELA', 1, 19, 14, 35, 29, 4, 1, 8, 94),
(1066, '100809401066', 'BLAZER M/3/4 puño combinado-ADELA', 1, 38, 14, 35, 29, 4, 1, 8, 94),
(1067, '100809401067', 'BLAZER M/3/4 puño combinado-ADELA', 1, 19, 14, 35, 30, 4, 1, 8, 94),
(1068, '100809401068', 'BLAZER M/3/4 puño combinado-APOLO', 1, 70, 14, 2, 29, 4, 1, 8, 94),
(1069, '100809401069', 'BLAZER M/3/4 puño combinado-APOLO', 1, 15, 14, 2, 29, 4, 1, 8, 94),
(1070, '100809401070', 'BLAZER M/l puño combinado-Moreno', 1, 17, 14, 35, 29, 4, 1, 8, 94),
(1071, '100809401071', 'BLAZER M/3/4 puño combinado-callao', 1, 70, 14, 35, 30, 4, 1, 8, 94),
(1072, '100809401072', 'BLAZER M/L QUINTAN', 1, 59, 17, 2, 29, 4, 1, 8, 94),
(1073, '100809401073', 'VESTIDO CORTO SIN MANGAS PAEZ', 1, 62, 14, 36, 28, 4, 1, 8, 94),
(1074, '100809401074', 'VESTIDO CORTO SIN MANGAS PAEZ', 1, 38, 14, 36, 29, 4, 1, 8, 94),
(1075, '100809401075', 'BLUSA MUSCU CON PIEDRAS', 1, 1, 14, 16, 27, 4, 1, 8, 94),
(1076, '100809401076', 'BLUSA MUSCU CON PIEDRAS', 1, 18, 14, 16, 26, 4, 1, 8, 94),
(1077, '100809401077', 'BLUSA S/M MATACO', 1, 1, 21, 47, 29, 4, 1, 8, 94),
(1078, '100809401078', 'BLUSA M/C PASEO COLON', 1, 19, 14, 16, 29, 4, 1, 8, 94),
(1079, '100809401079', 'BLUSA S/M LIBERTADOR', 1, 8, 14, 16, 29, 4, 1, 8, 94),
(1080, '100809401080', 'CAMISA M/ 3/4 COMBINADA CON FLORES ODISEO', 1, 1, 14, 47, 29, 4, 1, 8, 94),
(1081, '100809401081', 'VESTIDO CORTO CON ENCAJE-CORRIENTE', 1, 38, 14, 6, 29, 4, 1, 8, 94),
(1082, '100809401082', 'VESTIDO CORTO M/C CON LAZO-EMILIO', 1, 40, 27, 6, 27, 4, 1, 8, 94),
(1083, '100809401083', 'VESTIDO CORTO M/C CON LAZO-EMILIO', 1, 45, 23, 6, 29, 4, 1, 8, 94),
(1084, '100809401084', 'VESTIDO CORTO M/C CON LAZO-EMILIO', 1, 19, 23, 6, 26, 4, 1, 8, 94),
(1085, '100803901085', 'CAMISAS M/L REGULABLE CON TACHAS', 1, 28, 2, 24, 38, 4, 1, 8, 39),
(1086, '100803901086', 'CAMISAS M/L REGULABLE CON TACHAS', 1, 59, 2, 24, 38, 4, 1, 8, 39),
(1087, '100803901087', 'CAMISAS M/L REGULABLE CON TACHAS', 1, 59, 2, 24, 40, 4, 1, 8, 39),
(1088, '100803901088', 'BLAZER M/L SIN FORRAR', 1, 1, 4, 2, 36, 4, 1, 8, 39),
(1089, '100803901089', 'BLAZER M/L SIN FORRAR', 1, 1, 3, 2, 36, 4, 1, 8, 39),
(1090, '100803901090', 'BLAZER M/L ', 1, 59, 2, 2, 39, 4, 1, 8, 39),
(1091, '100803901091', 'PANTALON RECTO TIRO MEDIO', 1, 23, 14, 7, 36, 4, 1, 8, 39),
(1092, '100803901092', 'PANTALON RECTO TIRO MEDIO', 1, 38, 14, 7, 35, 4, 1, 8, 39),
(1093, '100803901093', 'PANTALON RECTO TIRO MEDIO', 1, 38, 14, 7, 36, 4, 1, 8, 39),
(1094, '100803901094', 'PANTALON RECTO TIRO MEDIO', 1, 38, 14, 7, 40, 4, 1, 8, 39),
(1095, '100803901095', 'PANTALON RECTO TIRO MEDIO[2]', 1, 38, 14, 7, 33, 4, 1, 8, 39),
(1096, '100801901096', 'REMERA M/C', 1, 29, 17, 12, 33, 4, 1, 8, 19),
(1097, '100801901097', 'REMERA M/C', 1, 2, 17, 12, 35, 4, 1, 8, 19),
(1098, '100801901098', 'POLLERA LARGA MODAL', 1, 38, 14, 12, 33, 4, 1, 8, 19),
(1099, '100802101099', 'CAMISA M/L REGULABLE', 1, 19, 14, 47, 4, 4, 1, 8, 21),
(1100, '100802101100', 'BLUSA S/M CON CANUTILLOS Y BRODERI CP-302', 1, 1, 14, 24, 4, 4, 1, 8, 21),
(1101, '100802101101', 'BLUSA M/C CON BRODERI SP-004', 1, 1, 14, 24, 3, 4, 1, 8, 21),
(1102, '100802101102', 'BLUSA M/C CON BRODERI SP-004', 1, 18, 14, 24, 4, 4, 1, 8, 21),
(1103, '100802101103', 'BLUSA M/L REGULABLE V4K-053', 1, 65, 14, 24, 5, 4, 1, 8, 21),
(1104, '100802101104', 'BLAZER M 3/4 C-001', 1, 15, 14, 25, 4, 4, 1, 8, 21),
(1105, '100802101105', 'BLAZER M/L V4N-037', 1, 65, 14, 35, 3, 4, 1, 8, 21),
(1106, '100803101106', 'JEANS ANNGOSTO COD 0200', 1, 12, 22, 1, 6, 4, 1, 8, 31),
(1107, '100803101107', 'JEANS ANNGOSTO COD 0200', 1, 12, 22, 1, 5, 4, 1, 8, 31),
(1108, '100803101108', 'JEANS ANNGOSTO COD 0200', 1, 12, 22, 1, 7, 4, 1, 8, 31),
(1109, '100803101109', 'JEANS ANNGOSTO COD 0200', 1, 12, 22, 1, 4, 4, 1, 8, 31),
(1110, '100803101110', 'JEANS ANGOSTO COD 0200', 1, 12, 22, 1, 3, 4, 1, 8, 31),
(1111, '100803101111', 'JEANS ANGOSTO COD 0200', 1, 12, 22, 1, 2, 4, 1, 8, 31),
(1112, '100802901112', 'CAMISA M/C ', 1, 59, 1, 47, 34, 4, 1, 8, 29),
(1113, '100802901113', 'CAMISA M/C CON BOLSILLOS', 1, 1, 14, 47, 33, 4, 1, 8, 29),
(1114, '100803101114', 'JEANS CHUPIN TIRO MEDIO COD 2200', 1, 53, 15, 1, 3, 4, 1, 8, 31),
(1115, '100803101115', 'JEANS CHUPIN TIRO MEDIO COD 2200', 1, 53, 15, 1, 4, 4, 1, 8, 31),
(1116, '100803101116', 'JEANS CHUPIN TIRO MEDIO COD 2200', 1, 53, 15, 1, 5, 4, 1, 8, 31),
(1117, '100803101117', 'JEANS RECTO TIRO MEDIO cod 8760', 1, 53, 15, 1, 6, 4, 1, 8, 31),
(1118, '100803101118', 'JEANS RECTO TIRO MEDIO cod 8760', 1, 53, 15, 1, 7, 4, 1, 8, 31),
(1119, '100803101119', 'JEANS CHUPIN TIRO MEDIO DOBLE BOTON COD 4860', 1, 53, 15, 1, 8, 4, 1, 8, 31),
(1120, '100803101120', 'JEANS CHUPIN TIRO MEDIO COD 0362', 1, 22, 20, 1, 5, 4, 1, 8, 31),
(1121, '100803101121', 'JEANS CHUPIN TIRO MEDIO COD 0362', 1, 22, 20, 1, 4, 4, 1, 8, 31),
(1122, '100803101122', 'JEANS CHUPIN TIRO MEDIO COD 0362', 1, 22, 20, 1, 3, 4, 1, 8, 31),
(1123, '100803101123', 'JEANS CHUPIN TIRO MEDIO COD 0362', 1, 22, 20, 1, 2, 4, 1, 8, 31),
(1124, '100803101124', 'JEANS CHUPIN TIRO MEDIO COD 0362', 1, 22, 20, 1, 2, 4, 1, 8, 31),
(1125, '100803101125', 'JEANS CHUPIN TIRO MEDIO COD 0362', 1, 22, 20, 1, 6, 4, 1, 8, 31),
(1126, '100803101126', 'JEANS RECTO TIRO MEDIO COD 8760', 1, 22, 15, 1, 5, 4, 1, 8, 31),
(1127, '100803101127', 'JEANS CHUPIN TIRO MEDIO COD 0300', 1, 22, 15, 1, 1, 4, 1, 8, 31),
(1128, '100803101128', 'JEANS RECTO TIRO MEDIO COD 4600', 1, 53, 22, 1, 7, 4, 1, 8, 31),
(1129, '100803101129', 'JEANS RECTO TIRO MEDIO COD 4600', 1, 53, 22, 1, 6, 4, 1, 8, 31),
(1130, '100803101130', 'JEANS RECTO TIRO MEDIO COD 4600', 1, 53, 22, 1, 5, 4, 1, 8, 31),
(1131, '100803101131', 'JEANS CHUPIN TIRO MEDIO COD 7202', 1, 53, 15, 1, 4, 4, 1, 8, 31),
(1132, '100803101132', 'JEANS CHUPIN TIRO MEDIO COD 7202', 1, 53, 15, 1, 3, 4, 1, 8, 31),
(1133, '100805201133', 'vestido JAQUI S/M RASO C/ENCAJE', 1, 59, 14, 7, 35, 4, 1, 8, 52),
(1134, '100805201134', 'CAMISA M/3/4', 1, 59, 3, 6, 38, 4, 1, 8, 52),
(1135, '100801901135', 'REMERA M/C', 1, 29, 4, 10, 37, 4, 1, 8, 19),
(1136, '100801901136', 'ESPOLVERINO ', 1, 26, 3, 6, 41, 4, 1, 8, 19),
(1137, '100801901137', 'CAMISA con volado', 1, 71, 6, 6, 39, 4, 1, 8, 19),
(1138, '100808401138', 'JEANS OXFORD TIRO ALTO COD. 8210', 0, 22, 14, 1, 8, 4, 1, 8, 84),
(1139, '100808401139', 'JEANS OXFORD TIRO ALTO COD. 8210', 1, 22, 14, 1, 9, 4, 1, 8, 84),
(1140, '100808401140', 'JEANS OXFORD TIRO ALTO COD. 8210', 1, 22, 14, 1, 10, 4, 1, 8, 84),
(1141, '100808401141', 'JEANS OXFORD TIRO ALTO COD. 8210', 1, 22, 14, 1, 11, 4, 1, 8, 84),
(1142, '100808401142', 'JEANS OXFORD TIRO ALTO COD. 8210', 1, 22, 14, 1, 5, 4, 1, 8, 84),
(1143, '100808401143', 'JEANS OXFORD TIRO ALTO COD. 8210', 1, 22, 14, 1, 6, 4, 1, 8, 84),
(1144, '100808401144', 'JEANS OXFORD TIRO ALTO COD. 8210', 1, 22, 14, 1, 7, 4, 1, 8, 84),
(1145, '100808401145', 'JEANS OXFORD TIRO ALTO COD. 8210', 1, 22, 14, 1, 4, 4, 1, 8, 84),
(1146, '100807701146', 'JEANS TIRO MEDIO RECTO', 1, 41, 14, 1, 9, 4, 1, 8, 77),
(1147, '100807701147', 'JEANS TIRO MEDIO RECTO', 1, 41, 14, 1, 5, 4, 1, 8, 77),
(1148, '100807701148', 'JEANS TIRO ALTO RECTO', 1, 53, 14, 1, 9, 4, 1, 8, 77),
(1149, '100807701149', 'JEANS TIRO ALTO RECTO', 1, 53, 14, 1, 5, 4, 1, 8, 77),
(1150, '100807701150', 'JEANS TIRO ALTO RECTO', 1, 53, 14, 1, 7, 4, 1, 8, 77),
(1151, '100807701151', 'JEANS TIRO ALTO RECTO', 1, 53, 14, 1, 6, 4, 1, 8, 77),
(1152, '100807701152', 'PANTALÓN TIRO MEDIO RECTO', 1, 29, 14, 38, 7, 4, 1, 8, 77),
(1153, '100801701153', 'JEANS RECTO TIRO MEDIO', 1, 29, 14, 38, 6, 4, 1, 8, 17),
(1154, '100801701154', 'JEANS RECTO TIRO MEDIO', 1, 29, 14, 38, 5, 4, 1, 8, 17),
(1155, '100801701155', 'JEANS RECTO TIRO MEDIO', 1, 29, 14, 38, 7, 4, 1, 8, 17),
(1156, '100801701156', 'JEANS RECTO TIRO MEDIO', 1, 29, 14, 38, 8, 4, 1, 8, 17),
(1157, '100801701157', 'JEANS RECTO TIRO MEDIO', 1, 29, 14, 38, 9, 4, 1, 8, 17),
(1158, '100803301158', 'REMERA M/C', 1, 8, 4, 12, 38, 4, 1, 8, 33),
(1159, '100803301159', 'REMERA M/C', 1, 6, 1, 12, 36, 4, 1, 8, 33),
(1160, '100803301160', 'REMERA M/C', 1, 19, 1, 12, 38, 4, 1, 8, 33),
(1161, '100803301161', 'REMERA M/C', 1, 15, 17, 12, 37, 4, 1, 8, 33),
(1162, '100803301162', 'REMERA M/C', 1, 19, 3, 12, 36, 4, 1, 8, 33),
(1163, '100803301163', 'REMERA M/C', 1, 4, 4, 4, 38, 4, 1, 8, 33),
(1164, '100803301164', 'REMERA M/C', 1, 41, 4, 4, 37, 4, 1, 8, 33),
(1165, '100803301165', 'PANTALÓN TIRO MEDIO RECTO COD.50114', 1, 65, 4, 38, 36, 4, 1, 8, 33),
(1166, '100803301166', 'PANTALÓN TIRO MEDIO RECTO COD.50114', 1, 65, 4, 38, 35, 4, 1, 8, 33),
(1167, '100803301167', 'REMERA M/C COD.50215', 1, 11, 14, 16, 30, 4, 1, 8, 33),
(1168, '100803301168', 'REMERA M/C COD.50231', 1, 8, 14, 16, 38, 4, 1, 8, 33),
(1169, '100804001169', 'CAMISA JEANS M/C', 1, 23, 14, 1, 38, 4, 1, 8, 40),
(1170, '100601601170', 'CAMISOLA MONAGUILLO', 1, 1, 14, 20, 28, 4, 1, 6, 16),
(1171, '100601601171', 'CAMISOLA MONAGUILLO', 1, 29, 14, 20, 29, 4, 1, 6, 16),
(1172, '100601601172', 'CAMISOLA MONAGUILLO', 1, 29, 14, 20, 28, 4, 1, 6, 16),
(1173, '100601601173', 'CAMISOLA MONAGUILLO', 1, 29, 14, 20, 27, 4, 1, 6, 16),
(1174, '100601601174', 'CAMISA FRANCIA', 1, 1, 14, 20, 29, 4, 1, 6, 16),
(1175, '100601601175', 'CAMISA FRANCIA', 1, 1, 14, 20, 27, 4, 1, 6, 16),
(1176, '100601601176', 'CAMISA FRANCIA', 1, 1, 14, 20, 28, 4, 1, 6, 16),
(1177, '100601601177', 'camisola manga con cordon', 1, 1, 14, 20, 29, 4, 1, 6, 16),
(1178, '100601601178', 'camisola manga con cordon', 1, 1, 14, 20, 28, 4, 1, 6, 16),
(1179, '100601601179', 'camisola manga con cordon', 1, 1, 14, 20, 27, 4, 1, 6, 16),
(1180, '100601601180', 'CAMISA MANGAS 3/4 CON CORDON', 1, 4, 17, 20, 28, 4, 1, 6, 16),
(1181, '100809001181', 'REMERA M/C', 1, 38, 14, 4, 35, 4, 1, 8, 90),
(1182, '100808701182', 'blusa TAMES', 1, 39, 19, 16, 28, 4, 1, 8, 87),
(1183, '100802001183', 'BLUSA KISSABLE COD.145611', 1, 38, 14, 6, 8, 4, 1, 8, 20),
(1184, '100802001184', 'BLUSA KISSABLE COD.145611', 1, 38, 14, 6, 8, 4, 1, 8, 20),
(1185, '100802501185', 'REMERA M/C COD. 2163', 1, 29, 1, 12, 37, 4, 1, 8, 25),
(1186, '100807301186', 'BLUSA COD.7136', 1, 59, 2, 6, 37, 4, 1, 8, 73),
(1187, '100808701187', 'BLUSA LIBIA ', 1, 6, 32, 6, 33, 4, 1, 8, 87),
(1188, '100801901188', 'BLUSA', 1, 2, 3, 6, 27, 4, 1, 8, 19),
(1189, '100801901189', 'CAPA M. 3/4', 1, 38, 14, 6, 37, 4, 1, 8, 19),
(1190, '100801901190', 'CAPA M/C', 1, 38, 14, 6, 37, 4, 1, 8, 19),
(1191, '100801801191', 'CAMISA M/L COD.4047', 1, 33, 19, 6, 29, 4, 1, 8, 18),
(1192, '100801901192', 'camisa M/C', 1, 65, 14, 6, 34, 4, 1, 8, 19),
(1193, '102602001193', 'CAMISA LOEWE COD.145610', 1, 59, 31, 6, 7, 4, 1, 26, 20),
(1194, '100807301194', 'CAMISA M/L COD.7101', 1, 38, 4, 6, 39, 4, 1, 8, 73),
(1195, '102607301195', 'CAMISA M/L COD.7128', 1, 38, 4, 6, 35, 4, 1, 26, 73),
(1196, '100801901196', 'CAMISA S/M', 1, 19, 10, 6, 35, 4, 1, 8, 19),
(1197, '102101601197', 'CAMISOLA CON PRESILLA ', 1, 1, 14, 25, 29, 4, 1, 21, 16),
(1198, '102101601198', 'CAMISOLA CON PRESILLA ', 1, 1, 14, 25, 28, 4, 1, 21, 16),
(1199, '100601601199', 'BLUSA GUSTAVINA', 1, 1, 14, 20, 27, 1, 1, 6, 16),
(1200, '100601601200', 'BLUSON', 1, 1, 14, 20, 29, 4, 1, 6, 16),
(1201, '100601601201', 'CAMISA OJALITO CON ESTAMPE', 1, 44, 14, 20, 29, 4, 1, 6, 16),
(1202, '100601601202', 'CAMISA OJALITO CON ESTAMPE', 1, 44, 14, 20, 27, 4, 1, 6, 16),
(1203, '100601601203', 'CAMISOLA KIMONO', 1, 29, 14, 20, 28, 4, 1, 6, 16),
(1204, '100601601204', 'BLUSA  M/C C/ SOLAPA Y PUNTILLA', 1, 29, 14, 20, 29, 1, 1, 6, 16),
(1205, '100801601205', 'BLUSON C/CINTA ', 1, 27, 14, 25, 35, 4, 1, 8, 16),
(1206, '101102201206', 'REMERA M/L COD 129000343012', 1, 91, 14, 25, 26, 3, 1, 11, 22),
(1207, '101102201207', 'REMERA M/L COD 129000343012', 1, 91, 14, 25, 27, 3, 1, 11, 22),
(1208, '101102201208', 'REMERA M/L COD 129000343008', 1, 91, 14, 25, 26, 3, 1, 11, 22),
(1209, '101102201209', 'REMERA M/L ECOTE V TABLAS COD.1296072 43012', 1, 91, 14, 12, 26, 3, 1, 11, 22),
(1210, '101102201210', 'REMERA M/L ECOTE V TABLAS COD.1296072 43012', 1, 91, 14, 12, 25, 3, 1, 11, 22),
(1211, '101102201211', 'REMERA M/L ECOTE V TABLAS COD.1296072 43012', 1, 91, 14, 12, 27, 3, 1, 11, 22),
(1212, '101102201212', 'REMERA M/L CHOMBA 1269072 81101', 1, 93, 14, 12, 27, 1, 1, 11, 22),
(1213, '101102201213', 'REMERA M/L CHOMBA 1269072 34011', 1, 94, 14, 12, 29, 1, 1, 11, 22),
(1214, '101102201214', 'REMERA M/L CHOMBA 1269072 34011', 1, 94, 14, 12, 26, 1, 1, 11, 22),
(1215, '101102201215', 'REMERA M/L ECOTE V TABLAS COD.1296072 34011', 1, 94, 14, 12, 25, 3, 1, 11, 22),
(1216, '101102201216', 'REMERA M/L ECOTE V TABLAS COD.1296072 34011', 1, 94, 14, 12, 26, 3, 1, 11, 22),
(1217, '101102201217', 'REMERA M/L ECOTE V TABLAS COD.1296072 34011', 1, 94, 14, 12, 29, 3, 1, 11, 22),
(1218, '101102201218', 'REMERA M/L ECOTE V TABLAS COD.1296072 64009', 1, 92, 14, 12, 29, 3, 1, 11, 22),
(1219, '101102201219', 'REMERA M/L ECOTE V TABLAS COD.1296072 00080', 1, 38, 14, 12, 25, 3, 1, 11, 22),
(1220, '100802201220', 'PANTALÓN CARGO BABUCHA COD.0665021 23010', 1, 29, 14, 34, 26, 4, 1, 8, 22),
(1221, '100802201221', 'PANTALON CARGO COD.0689118 21006', 1, 30, 14, 34, 25, 4, 1, 8, 22),
(1222, '100802201222', 'PANTALON CARGO COD.0689118 21006', 1, 30, 14, 34, 29, 4, 1, 8, 22),
(1223, '100802201223', 'PANTALÓN CARGO BABUCHA COD.0665021 23010', 1, 95, 14, 34, 25, 4, 1, 8, 22),
(1224, '100802201224', 'PANTALÓN CARGO BABUCHA COD.0665021 00080', 1, 95, 14, 34, 26, 4, 1, 8, 22),
(1225, '100802201225', 'PANTALÓN CARGO BABUCHA COD.0659118 23010', 1, 9, 14, 34, 25, 4, 1, 8, 22),
(1226, '100802201226', 'PANTALON CARGO COD.0689118 23010', 1, 95, 14, 34, 27, 4, 1, 8, 22),
(1227, '100802201227', 'PANTALON CARGO COD.0689118 23010', 1, 95, 14, 34, 25, 4, 1, 8, 22),
(1228, '100802201228', 'PANTALON CARGO COD.0689118 23010', 1, 95, 14, 34, 29, 4, 1, 8, 22),
(1229, '100802201229', 'PANTALON CARGO COD.0689118 23010', 1, 95, 14, 34, 28, 4, 1, 8, 22),
(1230, '100802201230', 'PANTALON CARGO COD.0689118 23010', 1, 95, 14, 34, 27, 4, 1, 8, 22),
(1231, '100802201231', 'PANTALON CARGO COD.0689118 23010', 1, 95, 14, 34, 26, 4, 1, 8, 22),
(1232, '100802201232', 'PANTALON CARGO COD.0670021 23008', 1, 96, 14, 34, 27, 4, 1, 8, 22),
(1233, '100802201233', 'PANTALON CARGO COD.0689118 23008', 1, 96, 14, 34, 27, 4, 1, 8, 22),
(1234, '100803301234', 'PANTALON CARGO COD.10127', 1, 9, 14, 34, 38, 4, 1, 8, 33),
(1235, '100803301235', 'PANTALON CARGO COD.80143', 1, 27, 14, 34, 34, 4, 1, 8, 33),
(1236, '100803301236', 'PANTALON CARGO COD.80111', 1, 29, 14, 34, 37, 4, 1, 8, 33),
(1237, '100803301237', 'PANTALON CARGO COD.10127', 1, 29, 14, 34, 39, 4, 1, 8, 33),
(1238, '100801801238', 'PANTALON BABUCHA COD.3515', 1, 29, 14, 34, 7, 4, 1, 8, 18),
(1239, '100802201239', 'PANTALON CARGO', 1, 29, 14, 34, 7, 4, 1, 8, 22),
(1240, '100810201240', 'PANTALON BABUCHA 6 BOTONES', 1, 38, 14, 2, 46, 4, 1, 8, 102),
(1241, '100810201241', 'PANTALON BABUCHA 6 BOTONES', 1, 29, 14, 2, 3, 4, 1, 8, 102),
(1242, '100810201242', 'PANTALON BABUCHA 6 BOTONES', 1, 2, 14, 2, 2, 4, 1, 8, 102),
(1243, '100807801243', 'PANTALON CHUPIN PINZADO', 1, 9, 14, 2, 2, 4, 1, 8, 78),
(1244, '100807801244', 'PANTALON CHUPIN CON PINZAS', 1, 4, 14, 1, 5, 4, 1, 8, 78),
(1245, '100803301245', 'CAMISA M/L COD.20210', 1, 7, 4, 6, 38, 4, 1, 8, 33),
(1246, '100801901246', 'BLUSA S/M', 1, 16, 4, 6, 39, 4, 1, 8, 19),
(1247, '100803301247', 'PANTALON RECTO TIRO MEDIO COD.40124', 1, 38, 14, 7, 38, 4, 1, 8, 33),
(1248, '100803301248', 'PANTALON RECTO TIRO MEDIO COD.40124', 1, 38, 14, 7, 36, 4, 1, 8, 33);
INSERT INTO `prenda` (`idPrenda`, `codigoPrenda`, `detallePrenda`, `cantidadPrenda`, `idColorPrenda`, `idEstampadoPrenda`, `idTelaPrenda`, `idTallePrenda`, `idEstacionPrenda`, `idEmpresaPrenda`, `idProveedorPrenda`, `idMarcaPrenda`) VALUES
(1249, '100803301249', 'PANTALON RECTO TIRO MEDIO COD.40124', 1, 38, 14, 7, 37, 4, 1, 8, 33),
(1250, '100803301250', 'PANTALON RECTO TIRO MEDIO COD.20116', 1, 38, 14, 7, 34, 4, 1, 8, 33),
(1251, '100803301251', 'PANTALON RECTO TIRO MEDIO COD.20116', 1, 38, 14, 7, 34, 4, 1, 8, 33),
(1252, '100803301252', 'PANTALON RECTO TIRO MEDIO COD.10126', 1, 38, 14, 7, 33, 4, 1, 8, 33),
(1253, '100802901253', 'PANTALON RECTO TIRO MEDIO CON BRILLO', 1, 38, 14, 2, 35, 4, 1, 8, 29),
(1254, '100802901254', 'PANTALON RECTO TIRO MEDIO CON BRILLO', 1, 38, 14, 2, 36, 4, 1, 8, 29),
(1255, '100802901255', 'PANTALON RECTO TIRO MEDIO CON BRILLO', 1, 29, 14, 2, 36, 4, 1, 8, 29),
(1256, '100802901256', 'PANTALON RECTO TIRO MEDIO CON BRILLO', 1, 38, 14, 2, 37, 4, 1, 8, 29),
(1257, '100802901257', 'PANTALON RECTO TIRO MEDIO CON BRILLO', 1, 29, 14, 2, 37, 4, 1, 8, 29),
(1258, '100802901258', 'PANTALON RECTO TIRO MEDIO CON BRILLO', 1, 29, 14, 2, 38, 4, 1, 8, 29),
(1259, '100802901259', 'PANTALON RECTO TIRO MEDIO CON BRILLO', 1, 29, 14, 2, 39, 4, 1, 8, 29),
(1260, '100802901260', 'BLAZER M/L', 1, 38, 14, 2, 35, 4, 1, 8, 29),
(1261, '100802901261', 'PANTALON VESTIR RECTO CON TAPITA', 1, 29, 14, 35, 36, 3, 1, 8, 29),
(1262, '100802901262', 'PANTALON VESTIR RECTO CON TAPITA', 1, 38, 14, 35, 37, 3, 1, 8, 29),
(1263, '100802901263', 'PANTALON CHUPIN ', 1, 38, 14, 2, 37, 4, 1, 8, 29),
(1264, '100802901264', 'PANTALON CHUPIN ', 1, 29, 14, 2, 36, 4, 1, 8, 29),
(1265, '100802901265', 'PANTALON CHUPIN ', 1, 38, 14, 2, 36, 4, 1, 8, 29),
(1266, '100802901266', 'PANTALON CHUPIN ', 1, 29, 14, 2, 35, 4, 1, 8, 29),
(1267, '100802901267', 'PANTALON CHUPIN ', 1, 29, 14, 2, 34, 4, 1, 8, 29),
(1268, '100802901268', 'PANTALON CHUPIN ', 1, 29, 14, 2, 33, 4, 1, 8, 29),
(1269, '100802901269', 'PANTALON CHUPIN ', 1, 38, 14, 2, 35, 4, 1, 8, 29),
(1270, '100808401270', 'JEANS CHUPIN TIRO ALTO COD 8209', 1, 22, 14, 1, 6, 4, 1, 8, 84),
(1271, '100808401271', 'JEANS CHUPIN TIRO ALTO COD 8209', 1, 22, 14, 1, 7, 4, 1, 8, 84),
(1272, '100808401272', 'JEANS CHUPIN TIRO ALTO COD 8209', 1, 22, 14, 1, 5, 4, 1, 8, 84),
(1273, '100808401273', 'JEANS CHUPIN TIRO ALTO COD 8209', 1, 22, 14, 1, 10, 4, 1, 8, 84),
(1274, '100808401274', 'JEANS CHUPIN TIRO ALTO COD 8209', 1, 22, 14, 1, 9, 4, 1, 8, 84),
(1275, '100808401275', 'JEANS CHUPIN TIRO ALTO COD 8209', 1, 22, 14, 1, 8, 4, 1, 8, 84),
(1276, '100808401276', 'JEANS CHUPIN COD.8207', 1, 22, 14, 1, 5, 4, 1, 8, 84),
(1277, '100808401277', 'JEANS CHUPIN COD.8207', 1, 22, 14, 1, 3, 4, 1, 8, 84),
(1278, '100808401278', 'JEANS CHUPIN COD.8207', 1, 22, 14, 1, 4, 4, 1, 8, 84),
(1279, '100801901279', 'CAPITA S/M', 1, 15, 17, 6, 29, 4, 1, 8, 19),
(1280, '100802001280', 'CAMISA M/L COD.146613', 1, 19, 7, 6, 28, 4, 1, 8, 20),
(1281, '100801901281', 'CAMISA M/C', 1, 15, 12, 6, 40, 4, 1, 8, 19),
(1282, '100801901282', 'MUSCULOSA', 1, 19, 14, 6, 27, 4, 1, 8, 19),
(1283, '100806501283', 'BLUSA M/C COD.227', 1, 7, 17, 6, 10, 4, 1, 8, 65),
(1284, '100802001284', 'CAMISA KISSABLE COD.145611', 1, 19, 14, 6, 9, 4, 1, 8, 20),
(1285, '100801901285', 'CAMISA M/C', 1, 6, 14, 6, 38, 4, 1, 8, 19),
(1286, '100803301286', 'REMERA M/DOLMAN', 1, 6, 30, 4, 29, 4, 1, 8, 33),
(1287, '100802001287', 'REMERA M/C COD.145307', 1, 6, 12, 16, 9, 4, 1, 8, 20),
(1288, '100803301288', 'CAMISA S/M COD.30212', 1, 11, 14, 16, 33, 4, 1, 8, 33),
(1289, '100801901289', 'CAMISA S/M', 1, 8, 17, 6, 40, 4, 1, 8, 19),
(1290, '100801901290', 'camisa M/C', 1, 24, 14, 6, 35, 4, 1, 8, 19),
(1291, '100801901291', 'CAMISA M/C', 1, 65, 12, 6, 41, 4, 1, 8, 19),
(1292, '100802001292', 'CAMISA M/L  COD.146608', 1, 39, 14, 6, 26, 4, 1, 8, 20),
(1293, '100805901293', 'BLUSA COD.320', 1, 4, 17, 6, 39, 4, 1, 8, 59),
(1294, '100808701294', 'BLUSA COD.171902', 1, 11, 17, 6, 34, 4, 1, 8, 87),
(1295, '100806601295', 'BLUSA M/L', 1, 5, 14, 6, 6, 4, 1, 8, 66),
(1296, '100802001296', 'CAMISA M/L COD.146617', 1, 4, 32, 6, 29, 4, 1, 8, 20),
(1297, '100801901297', 'TWINSET', 1, 5, 17, 6, 29, 4, 1, 8, 19),
(1298, '100801901298', 'CAMISA S/M', 1, 4, 14, 6, 28, 4, 1, 8, 19),
(1299, '102602001299', 'CAMISA M/L COD.146610', 1, 4, 14, 6, 26, 4, 1, 26, 20),
(1300, '100808701300', 'BLUSA JENNIFER', 1, 2, 17, 16, 29, 4, 1, 8, 87),
(1301, '100808701301', 'BLUSA JENNIFER', 1, 2, 17, 16, 27, 4, 1, 8, 87),
(1302, '100808401302', 'JEANS CHUPIN COD.8207', 1, 22, 14, 1, 6, 4, 1, 8, 84),
(1303, '100802501303', 'REMERA M/C CUELLO CON PUNTILLA COD 6121', 1, 4, 14, 12, 36, 4, 1, 8, 25),
(1304, '100802501304', 'REMERA M/C CON BOLSILLO COD 6108', 1, 17, 14, 12, 35, 4, 1, 8, 25),
(1305, '100802501305', 'REMERA M/C CON BOLSILLO COD 6108', 1, 1, 14, 12, 37, 4, 1, 8, 25),
(1306, '100802501306', 'REMERA M/C CON BOLSILLO COD 6108', 1, 19, 14, 12, 36, 4, 1, 8, 25),
(1307, '100802501307', 'REMERA M/C CON BOLSILLO COD 6108', 1, 31, 14, 12, 36, 4, 1, 8, 25),
(1308, '100802501308', 'REMERA M/C CON tachas COD 6206', 1, 28, 14, 12, 29, 4, 1, 8, 25),
(1309, '100802501309', 'REMERA M/C CON tachas COD 6206', 1, 38, 14, 12, 30, 4, 1, 8, 25),
(1310, '100802501310', 'REMERA s/m con frunce cod. 6116', 1, 65, 14, 12, 36, 4, 1, 8, 25),
(1311, '100802501311', 'REMERA s/m con frunce cod. 6116', 1, 17, 14, 12, 37, 4, 1, 8, 25),
(1312, '100802501312', 'REMERA s/m COMBINADA COD.6110', 1, 55, 14, 10, 35, 4, 1, 8, 25),
(1313, '100802501313', 'REMERA s/m COMBINADA COD.6110', 1, 52, 14, 10, 37, 4, 1, 8, 25),
(1314, '100802501314', 'REMERA s/m CON FAJA Y ENCAJE COD.6115', 1, 29, 14, 12, 35, 4, 1, 8, 25),
(1315, '100802501315', 'REMERA s/m CON FAJA Y ENCAJE COD.6115', 1, 29, 14, 12, 37, 4, 1, 8, 25),
(1316, '100802501316', 'REMERA M/C CON BOTON EN MANGA COD 6208', 1, 4, 14, 12, 30, 4, 1, 8, 25),
(1317, '100802501317', 'REMERA s/m CON LENTEJUELAS COD.6107', 1, 38, 14, 4, 37, 4, 1, 8, 25),
(1318, '100802501318', 'REMERA s/m CON LENTEJUELAS COD.6107', 1, 38, 14, 4, 35, 4, 1, 8, 25),
(1319, '100802501319', 'REMERA s/m CON LENTEJUELAS COD.6106', 1, 38, 28, 4, 37, 4, 1, 8, 25),
(1320, '100802501320', 'REMERA s/m CON LENTEJUELAS COD.6106', 1, 61, 28, 4, 37, 4, 1, 8, 25),
(1321, '100802501321', 'REMERA M/C CON brillo COD 6140', 1, 8, 17, 12, 36, 4, 1, 8, 25),
(1322, '100803101322', 'JEANS CLASICO COD. 4510', 1, 23, 14, 1, 3, 4, 1, 8, 31),
(1323, '100802501323', 'REMERA S/M CUELLO CON PUNTILLA COD 6113', 1, 18, 14, 12, 35, 4, 1, 8, 25),
(1324, '100802501324', 'REMERA S/M CUELLO CON PUNTILLA COD 6113', 1, 1, 14, 12, 37, 4, 1, 8, 25),
(1325, '100802501325', 'REMERA M/C COMBINADA COD 6215', 1, 97, 5, 12, 29, 4, 1, 8, 25),
(1326, '100802501326', 'REMERA M/C CON tachas COD 6213', 1, 57, 14, 12, 29, 4, 1, 8, 25),
(1327, '100802501327', 'REMERA M/C CON tachas COD 6213', 1, 19, 14, 12, 28, 4, 1, 8, 25),
(1328, '100802501328', 'BLUSA M/3/4 REGULABLE', 1, 56, 5, 24, 36, 4, 1, 8, 25),
(1329, '100802501329', 'SACO MODAL ABIERTO M 3/4 COD. 6302', 1, 29, 14, 12, 29, 4, 1, 8, 25),
(1330, '100802501330', 'SACO MODAL ABIERTO M 3/4 COD. 6302', 1, 1, 14, 12, 28, 4, 1, 8, 25),
(1331, '100802501331', 'SACO MODAL ABIERTO M 3/4 COD. 6302', 1, 38, 14, 12, 27, 4, 1, 8, 25),
(1332, '100802501332', 'SACO MODAL ABIERTO M 3/4 COD. 4312', 1, 38, 14, 51, 29, 4, 1, 8, 25),
(1333, '100802501333', 'PANTALON ANGOSTO CON TACHAS COD. 6810', 1, 1, 14, 35, 5, 4, 1, 8, 25),
(1334, '100802501334', 'PANTALON ANGOSTO CON BOLSILLO  COD. 3802', 1, 20, 14, 35, 9, 4, 1, 8, 25),
(1335, '100802501335', 'PANTALON ANGOSTO CON TACHAS COD. 6810', 1, 1, 14, 35, 7, 4, 1, 8, 25),
(1336, '100802501336', 'PANTALON ANGOSTO CON TACHAS COD. 6810', 1, 1, 14, 35, 8, 4, 1, 8, 25),
(1337, '100802501337', 'PANTALON ANGOSTO CON TACHAS COD. 6810', 1, 1, 14, 35, 10, 4, 1, 8, 25),
(1338, '100802501338', 'PANTALON ANGOSTO CON TACHAS COD. 6810', 1, 1, 14, 35, 11, 4, 1, 8, 25),
(1339, '101102201339', 'CARDIGAN LARGO CON BOTONES COD.0462028 41007', 0, 98, 32, 8, 29, 3, 1, 11, 22),
(1340, '100802401340', 'VESTIDO MODAL M/L CUELLO BUCHE COD. 1430', 1, 7, 14, 12, 35, 3, 1, 8, 24),
(1341, '100801901341', 'VESTIDO MODAL M/L FUTURA MAMA MIA MA', 1, 7, 14, 12, 35, 3, 1, 8, 19),
(1342, '101102201342', 'POLERA COD.0314004 34012', 1, 7, 4, 25, 27, 3, 1, 11, 22),
(1343, '101102201343', 'POLERA COD.0266017 63008', 1, 92, 14, 12, 29, 3, 1, 11, 22),
(1344, '101102201344', 'POLERA COD.0266017 43011', 1, 88, 14, 12, 29, 3, 1, 11, 22),
(1345, '101102201345', 'POLERA COD.0266017 ', 1, 7, 14, 12, 26, 3, 1, 11, 22),
(1346, '100802401346', 'VESTIDO MODAL M/L CUELLO BUCHE COD. 1352', 1, 25, 14, 12, 34, 3, 1, 8, 24),
(1347, '101102201347', 'POLERA COD.0314004 34012', 1, 7, 4, 25, 25, 3, 1, 11, 22),
(1348, '101102201348', 'POLERA COD.0303004 41005', 1, 52, 4, 25, 26, 3, 1, 11, 22),
(1349, '101102201349', 'REMERA M/l BASICA COD.00008003 72005', 1, 7, 14, 25, 25, 3, 1, 11, 22),
(1350, '101102201350', 'REMERA M/l BASICA COD.00008003 72005', 1, 7, 14, 25, 29, 3, 1, 11, 22),
(1351, '100806601351', 'musculosa fiesta', 1, 38, 12, 6, 9, 4, 1, 8, 66),
(1352, '100801901352', 'CAMISA M/L ', 1, 38, 14, 16, 37, 4, 1, 8, 19),
(1353, '100801901353', 'CAMISA M/L ', 1, 38, 3, 10, 36, 4, 1, 8, 19),
(1354, '100802201354', 'REMERA M/C cod.173308400080', 1, 38, 28, 12, 27, 4, 1, 8, 22),
(1355, '100802201355', 'topxx cod.68212200080', 1, 31, 4, 16, 26, 4, 1, 8, 22),
(1356, '100802201356', 'topxx cod.68212200080', 1, 31, 4, 16, 25, 4, 1, 8, 22),
(1357, '100802201357', 'topxx cod.68212200080', 1, 31, 4, 16, 27, 4, 1, 8, 22),
(1358, '100802001358', 'CAMISA MILO', 1, 59, 14, 16, 26, 4, 1, 8, 20),
(1359, '100806601359', 'REMERA M/C', 1, 38, 14, 16, 9, 4, 1, 8, 66),
(1360, '100801901360', 'CAMISA M/L ', 1, 59, 1, 6, 28, 4, 1, 8, 19),
(1361, '100808701361', 'CAMISA LIBIA', 1, 38, 32, 6, 33, 4, 1, 8, 87),
(1362, '100801901362', 'camisa m/l ', 1, 28, 17, 6, 35, 4, 1, 8, 19),
(1363, '100807301363', 'REMERA M/C', 1, 38, 17, 12, 38, 4, 1, 8, 73),
(1364, '101302201364', 'REMERA M/C COD.73308400080', 1, 38, 14, 12, 25, 4, 1, 13, 22),
(1365, '100801901365', 'CAMISA M/C', 1, 38, 25, 6, 34, 4, 1, 8, 19),
(1366, '100802001366', 'CAMISA ANASTASIA', 1, 28, 14, 6, 27, 4, 1, 8, 20),
(1367, '100802201367', 'CAMISA M/L ', 1, 28, 14, 6, 27, 4, 1, 8, 22),
(1368, '100803301368', 'CAMISA M/L ', 1, 34, 3, 6, 34, 4, 1, 8, 33),
(1369, '100807301369', 'REMERA M/C cod.7141', 1, 17, 14, 12, 37, 4, 1, 8, 73),
(1370, '100801901370', 'BLUSA CUELLO EN V 001', 1, 15, 14, 47, 37, 4, 1, 8, 19),
(1371, '101102201371', 'REMERA M 3/4 COD 174810934011', 1, 29, 1, 12, 29, 3, 1, 11, 22),
(1372, '100809601372', 'REMERA M/C COD 5101', 1, 6, 14, 12, 9, 4, 1, 8, 96),
(1373, '100809601373', 'REMERA M/C COD 5101', 1, 17, 14, 12, 10, 4, 1, 8, 96),
(1374, '100801901374', 'MUSCU BASICA TIRA FINA', 1, 38, 14, 12, 37, 4, 1, 8, 19),
(1375, '100801901375', 'MUSCU BASICA TIRA FINA', 2, 38, 14, 12, 36, 4, 1, 8, 19),
(1376, '100808801376', 'CARDIGAN C/CIERRE c/ojales', 1, 29, 14, 9, 38, 4, 1, 8, 88),
(1377, '100808801377', 'CARDIGAN C/1 BOTON COMBINADO', 1, 59, 14, 9, 37, 4, 1, 8, 88),
(1378, '100808801378', 'SACO ABIERTO', 1, 38, 14, 9, 39, 4, 1, 8, 88),
(1379, '100802101379', 'CAMISA S/M', 1, 1, 21, 18, 4, 4, 1, 8, 21),
(1380, '100802101380', 'CAMISA S/M', 1, 1, 21, 18, 5, 4, 1, 8, 21),
(1381, '100802101381', 'REMERA M/C cod.IN-060', 1, 1, 17, 25, 27, 4, 1, 8, 21),
(1382, '100802101382', 'REMERA M/C cod.MN-037', 1, 1, 17, 25, 27, 4, 1, 8, 21),
(1383, '100802101383', 'REMERA TOP M/C cod.IN-035', 1, 1, 4, 25, 27, 4, 1, 8, 21),
(1384, '100802101384', 'REMERA S/M cod.IN-065', 1, 1, 17, 25, 27, 4, 1, 8, 21),
(1385, '100802101385', 'REMERA M/C cod.I-009', 1, 1, 17, 25, 27, 4, 1, 8, 21),
(1386, '100802101386', 'REMERA M/C cod.I-009', 1, 1, 17, 25, 27, 4, 1, 8, 21),
(1387, '100802101387', 'REMERA M/C cod.I-008', 1, 1, 17, 25, 27, 4, 1, 8, 21),
(1388, '100802101388', 'REMERA M/3/4 cod.I-027', 1, 52, 1, 25, 27, 4, 1, 8, 21),
(1389, '100802101389', 'REMERA M/3/4 cod.I-027', 1, 6, 1, 25, 26, 4, 1, 8, 21),
(1390, '100802101390', 'REMERA M/3/4 cod.I-027', 1, 59, 1, 25, 27, 4, 1, 8, 21),
(1391, '100802101391', 'MONO LARGO S/M CRUZADO COD.TP-037', 1, 52, 5, 24, 5, 4, 1, 8, 21),
(1392, '100802101392', 'MONO LARGO S/M CON CIERRE Y METAL COD.TP-017', 1, 38, 14, 24, 4, 4, 1, 8, 21),
(1393, '100802101393', 'SOLERA GASA COD. MP-004', 1, 97, 4, 6, 3, 4, 1, 8, 21),
(1394, '100802101394', 'BLUSA GASA CON VUELOS Y LAZO COD.SP-015', 1, 15, 14, 6, 5, 4, 1, 8, 21),
(1395, '100802101395', 'BLUSA GASA CON VUELOS Y LAZO COD.SP-015', 1, 18, 14, 6, 2, 4, 1, 8, 21),
(1396, '100802101396', 'BLUSA S/M ENCAJE Y PLUMETI COD.SP-016', 1, 1, 14, 24, 5, 4, 1, 8, 21),
(1397, '100802101397', 'BLUSA S/M BORDADA COD.MP-012', 1, 1, 14, 6, 5, 4, 1, 8, 21),
(1398, '100802101398', 'BLUSA S/M CON LAZO COD.TP-029', 1, 19, 14, 16, 2, 4, 1, 8, 21),
(1399, '100802101399', 'BLUSA S/M CON LAZO COD.TP-029', 1, 4, 14, 16, 2, 4, 1, 8, 21),
(1400, '100802101400', 'BLUSA S/M CON LAZO COD.TP-029', 1, 38, 14, 16, 3, 4, 1, 8, 21),
(1401, '100802101401', 'BLUSA S/M CON LAZO COD.TP-029', 1, 18, 14, 16, 4, 4, 1, 8, 21),
(1402, '100802101402', 'BLAZER M 3/4 CON PUÑO ESTAMPADO COD.C-001', 1, 1, 14, 25, 2, 4, 1, 8, 21),
(1403, '100802101403', 'BLAZER M 3/4 CON PUÑO ESTAMPADO COD.C-001[2]', 1, 22, 14, 25, 3, 4, 1, 8, 21),
(1404, '100802101404', 'BLUSA S/M CON LAZO COD.TP-029', 1, 19, 14, 16, 3, 4, 1, 8, 21),
(1405, '100809401405', 'BLUSA M/3/4  COD. BL-S102', 1, 1, 4, 24, 28, 4, 1, 8, 94),
(1406, '100809401406', 'pollera corta acampanada-DOBLAS', 1, 17, 14, 10, 28, 4, 1, 8, 94),
(1407, '100809401407', 'BLAZER M 3/4 CON PUÑO ESTAMPADO GAONA', 1, 36, 1, 37, 26, 4, 1, 8, 94),
(1408, '100809401408', 'BLAZER M/3/4 puño combinado-APOLO', 1, 57, 14, 2, 28, 4, 1, 8, 94),
(1409, '100809401409', 'BLAZER M/3/4 puño combinado-ADELA', 1, 19, 14, 35, 30, 4, 1, 8, 94),
(1410, '100809401410', 'BLAZER M/3/4 puño combinado-callao', 1, 1, 14, 35, 30, 4, 1, 8, 94),
(1411, '100809401411', 'BLAZER M/3/4 puño combinado-ALVEAR', 1, 8, 14, 35, 30, 4, 1, 8, 94),
(1412, '100809401412', 'BLAZER M/l puño combinado-Moreno', 1, 41, 14, 35, 30, 4, 1, 8, 94),
(1413, '100809401413', 'BLAZER M/l puño combinado-Moreno', 1, 65, 14, 35, 30, 4, 1, 8, 94),
(1414, '100803101414', 'JEANS TIRO MEDIO RECTO COD 4703', 1, 53, 22, 1, 10, 4, 1, 8, 31),
(1415, '100803101415', 'JEANS TIRO MEDIO RECTO COD 4703', 1, 53, 22, 1, 8, 4, 1, 8, 31),
(1416, '100803101416', 'JEANS TIRO MEDIO RECTO COD 4703', 1, 53, 22, 1, 9, 4, 1, 8, 31),
(1417, '100802101417', 'BLAZER M 3/4 CON PUÑO ESTAMPADO COD.C-001', 1, 23, 14, 25, 4, 4, 1, 8, 21),
(1418, '100809401418', 'BLAZER M/3/4 puño combinado-APOLO', 1, 12, 4, 2, 28, 4, 1, 8, 94),
(1419, '100803301419', 'PANTALÓN TIRO MEDIO RECTO COD.50114', 1, 65, 4, 38, 35, 4, 1, 8, 33),
(1420, '100804001420', 'CAMISA JEANS M/C', 1, 23, 14, 1, 39, 4, 1, 8, 40),
(1421, '100804001421', 'CAMISA JEANS M/C', 1, 23, 14, 1, 40, 4, 1, 8, 40),
(1422, '100804501422', 'BLAZER M/l puño combinado', 1, 38, 14, 2, 38, 4, 1, 8, 45),
(1423, '100804501423', 'camisa M 3/4', 1, 19, 6, 24, 39, 4, 1, 8, 45),
(1424, '100804501424', 'PANTALON RECTO TIRO ALTO ANGOSTO T.10', 1, 38, 14, 35, 15, 4, 1, 8, 45),
(1425, '100804501425', 'PANTALON RECTO TIRO ALTO ANGOSTO T.9', 1, 38, 14, 35, 14, 4, 1, 8, 45),
(1426, '100804501426', 'PANTALON RECTO TIRO ALTO ANGOSTO T.8', 1, 38, 14, 35, 13, 4, 1, 8, 45),
(1427, '100804501427', 'JEANS RECTO TIRO ALTO', 1, 6, 14, 38, 14, 4, 1, 8, 45),
(1428, '100804501428', 'pollera recta con /lazo t.8', 1, 38, 14, 35, 13, 4, 1, 8, 45),
(1429, '100804501429', 'pollera recta con /lazo t.7', 1, 38, 14, 35, 12, 4, 1, 8, 45),
(1430, '100804501430', 'pollera recta con /lazo t.6', 1, 38, 14, 35, 11, 4, 1, 8, 45),
(1431, '100803901431', 'pollera recta con /lazo t.7', 1, 38, 14, 7, 9, 4, 1, 8, 39),
(1432, '100803901432', 'pollera recta con /lazo t.6', 1, 38, 14, 7, 8, 4, 1, 8, 39),
(1433, '100803901433', 'pollera recta con /lazo t.3', 1, 38, 14, 7, 5, 4, 1, 8, 39),
(1434, '100803901434', 'pollera recta con /lazo t.2', 0, 38, 14, 7, 4, 4, 1, 8, 39),
(1435, '100803901435', 'pollera recta con /lazo t.8', 5, 38, 14, 7, 10, 4, 1, 8, 39);

-- --------------------------------------------------------

--
-- Estructura de tabla para la tabla `proveedor`
--

CREATE TABLE IF NOT EXISTS `proveedor` (
  `idProveedor` int(11) NOT NULL AUTO_INCREMENT,
  `nombreProveedor` varchar(45) DEFAULT NULL,
  `cuitProveedor` varchar(13) NOT NULL,
  `condIvaProveedor` varchar(50) NOT NULL,
  `direccionProveedor` varchar(150) DEFAULT NULL,
  `localidadProveedor` varchar(11) NOT NULL,
  `telefonoProveedor` varchar(45) DEFAULT NULL,
  `contactoProveedor` varchar(100) NOT NULL,
  `bancoProveedor` varchar(100) NOT NULL,
  `cbuProveedor` varchar(100) NOT NULL,
  `emailProveedor` varchar(100) NOT NULL,
  PRIMARY KEY (`idProveedor`)
) ENGINE=InnoDB  DEFAULT CHARSET=utf8 AUTO_INCREMENT=31 ;

--
-- Volcado de datos para la tabla `proveedor`
--

INSERT INTO `proveedor` (`idProveedor`, `nombreProveedor`, `cuitProveedor`, `condIvaProveedor`, `direccionProveedor`, `localidadProveedor`, `telefonoProveedor`, `contactoProveedor`, `bancoProveedor`, `cbuProveedor`, `emailProveedor`) VALUES
(2, 'TEXTIL XA S.A.', '30-70987864-2', 'RI', 'ARGERICH 586', 'BUENOS AIRE', '--', 'X-AGE', '--', '--', ''),
(3, 'KIM SOON BUN', '27-94023251-7', 'RI', 'ARANGUREN 3228', 'FLORES-BUEN', '01146379436', 'MASKA', '--', '--', ''),
(4, 'KIM KYUNG MI', '27-92795815-0', 'RI', 'CUENCA 443', 'FLORES-BUEN', '--', 'ESSENCE', '--', '--', ''),
(5, 'KIM SOON HWA', '27-92838004-7', 'RI', 'CUENCA 450-LOC.1', 'FLORES-BUEN', '--', 'NEANE', '--', '--', ''),
(6, 'TZOLKIN S.R.L.', '30-71071438-6', 'RI', 'SAN GERONIMO 380 - B° CENTRO', 'CORDOBA', '--', 'BOHO', '--', '--', ''),
(7, 'KIM EDUARDO', '20-37342472-3', 'RI', 'AVELLANEDA 3335', 'FLORES-BUEN', '011-46716114', 'VICKY', '--', '--', ''),
(8, 'BA', '--', '--', '--', '--', '--', '--', '--', '--', ''),
(9, 'DARIO MANDIROLA', '23-24419858-9', 'RI', 'CORONEL DOMINGUEZ 763', 'SANTA CLARA', '--', 'KURBASH', '--', '--', ''),
(10, 'KAPITU S.A.', '30-71257270-8', 'RI', 'AVELLANEDA 3269', 'BUENOS AIRE', '--', 'CAPITU', '--', '--', ''),
(11, 'TOPYED S.A.', '33-54208245-9', 'RI', 'PERU 1031', 'FLORIDA', '--', 'VER', '--', '--', ''),
(12, 'DUX SRL', '30-56561294-4', 'RI', 'CALLE 33 NRO. 1050', 'LA PLATA', '--', 'GIUS', '--', '--', ''),
(13, 'CONFEMAT SRL', '30-70801135-1', 'RI', 'ARGERICH 551', 'BUENOS AIRE', '011-46136664', 'QUE SERA', '--', '--', ''),
(14, 'LEE EUN JOO', '27-92725285-1', 'RI', 'CAMPANA 480', 'BUENOS AIRE', '--', 'DOLCHE', '--', '--', ''),
(15, 'MARIA TERESITA POGGI', '--', 'RI', '--', '--', '--', 'TITO', '--', '--', ''),
(16, 'ASENCIA MONASTERIO MAMANI', '27-93006218-4', 'RI', 'E.LAMARCA 330', 'FLORES-BUEN', '--', 'GAVEL B', '--', '--', ''),
(17, 'YA KWANG II Y KIM YUN YOUNG SH', '30-70820394-3', 'RI', 'ARANGUREN 3274', 'FLORES-BUEN', '011-46370861', 'ING-CO', '--', '--', ''),
(18, 'SUNG WOOK HYUN', '20-92331447-5', 'RI', 'CONCORDIA 375', 'FLORES-BUEN', '--', 'CRISTAL', '--', '--', ''),
(19, 'CARLOS BONIFACIO', '20-17153384-9', 'RI', 'E.LAMARCA 326', 'FLORES-BUEN', '011-46122546', 'ILUSION', '--', '--', ''),
(20, 'L EMSEMBLE SRL', '30-70948980-8', 'RI', 'CUENCA 451', 'FLORES-BUEN', '--', 'SUZANNEL', '--', '--', ''),
(21, 'OSCAR ALBERTO COHEN', '20-12228202-4', 'RI', 'AVELLANEDA 3465', 'FLORES-BUEN', '011-46745943', 'TARYM', '--', '--', ''),
(22, 'AHN OUNG JOON', '20-92883357-8', 'RI', 'ARANGUREN 3272', 'FLORES-BUEN', '--', 'FASHION 25', '--', '--', ''),
(23, 'BLUE FACTORY S.A.', '30-71171556-4', 'RI', 'AVELLANEDA 3347', 'FLORES-BUEN', '011-46729748', 'VERONICA', '--', '--', ''),
(24, 'ALL DENIM SA', '30-70956837-6', 'RI', 'AVELLANEDA ', 'FLORES-BUEN', '--', 'NAHANA', '--', '--', ''),
(25, 'MARIA ANTONIA BUAON', '27-23797277-0', 'RI', '25 DE MAYO 338', 'JUNIN-BS AS', '02364444916', 'BENDITA DIFERENCIA', '--', '--', ''),
(26, 'PATRICIA RAFAELA', '00', '00', '00', '00', '00', '00', '00', '00', ''),
(27, 'ANDREA MURINA', '--', '--', '--', '--', '--', '--', '--', '--', ''),
(28, 'SHAPLE-MIN YEON SOOK', '27-94012913-9', 'RI', 'AVELLANEDA 3221', 'BUENOS AIRE', '01146745026', 'BA', '--', '--', 'shaplejeans@ho'),
(29, 'MAITRY-PARK SUNG WON', '20-92737015-9', 'RI', 'CAMPANA 457', 'BUENOS AIRE', '011-46370232', 'MAITRY', '--', '--', 'MAITRYJEANS@HOTMAIL.COM'),
(30, 'NATASHA - CHOI SEUNG WOOK', '20-92341019-9', 'RI', 'AVELLANEDA 3313', 'BUENOS AIRE', '--', 'NATASHA', '--', '--', 'MARYSOL@HOTMAIL.COM');

-- --------------------------------------------------------

--
-- Estructura de tabla para la tabla `talle`
--

CREATE TABLE IF NOT EXISTS `talle` (
  `idTalle` int(11) NOT NULL AUTO_INCREMENT,
  `detalleTalle` varchar(45) DEFAULT NULL,
  PRIMARY KEY (`idTalle`)
) ENGINE=InnoDB  DEFAULT CHARSET=utf8 AUTO_INCREMENT=47 ;

--
-- Volcado de datos para la tabla `talle`
--

INSERT INTO `talle` (`idTalle`, `detalleTalle`) VALUES
(1, '34'),
(2, '36'),
(3, '38'),
(4, '40'),
(5, '42'),
(6, '44'),
(7, '46'),
(8, '48'),
(9, '50'),
(10, '52'),
(11, '54'),
(12, '56'),
(13, '58'),
(14, '60'),
(15, '62'),
(16, '64'),
(17, '66'),
(18, '68'),
(19, '70'),
(20, '72'),
(21, '74'),
(22, '76'),
(23, '78'),
(24, '80'),
(25, 'XS'),
(26, 'S'),
(27, 'M'),
(28, 'L'),
(29, 'XL'),
(30, 'XXL'),
(31, 'XXXL'),
(32, 'XXXXL'),
(33, '1'),
(34, '2'),
(35, '3'),
(36, '4'),
(37, '5'),
(38, '6'),
(39, '7'),
(40, '8'),
(41, '9'),
(42, '10'),
(43, '27'),
(44, '29'),
(45, '25'),
(46, '24');

-- --------------------------------------------------------

--
-- Estructura de tabla para la tabla `tela`
--

CREATE TABLE IF NOT EXISTS `tela` (
  `idTela` int(11) NOT NULL AUTO_INCREMENT,
  `detalleTela` varchar(45) DEFAULT NULL,
  PRIMARY KEY (`idTela`)
) ENGINE=InnoDB  DEFAULT CHARSET=utf8 AUTO_INCREMENT=52 ;

--
-- Volcado de datos para la tabla `tela`
--

INSERT INTO `tela` (`idTela`, `detalleTela`) VALUES
(1, 'JEANS'),
(2, 'GABARDINA COMUN'),
(3, 'LANA FRIA'),
(4, 'SEDA FRIA'),
(5, 'CLOQUE'),
(6, 'GASA'),
(7, 'RASO'),
(8, 'LANA'),
(9, 'HILO'),
(10, 'ENCAJE'),
(11, 'BRODERI'),
(12, 'MODAL'),
(13, 'FLAME'),
(14, 'ACETATO'),
(15, 'FRIZA'),
(16, 'SEDA  '),
(17, 'CHIFON'),
(18, 'TUL'),
(19, 'MECANICA'),
(20, 'BAMBULA'),
(21, 'SARGA'),
(22, 'PAÑO'),
(23, 'VELOUR'),
(24, 'FIBRANA'),
(25, 'ALGODÓN'),
(26, 'PIE DE POOL'),
(27, 'POLIESTER'),
(28, 'TERCIOPELO'),
(29, 'LENTEJUELAS'),
(30, 'ESCOSES'),
(31, 'LINO'),
(32, 'RAYON'),
(33, 'TWOWAY'),
(34, 'POPLIN'),
(35, 'GABARDINA SATINADA'),
(36, 'PUNTO ROMA'),
(37, 'BROCATO'),
(38, 'GABARDINA JEANS'),
(39, 'CORDEROI'),
(40, 'CREPE'),
(41, 'LANA FINA'),
(42, 'LANILLA'),
(43, 'LANILLA Y GASA'),
(44, 'PIEL'),
(45, 'lentejuelas'),
(46, 'tul elastizado-lentejuelas'),
(47, 'CAMISERA'),
(48, 'IMPERMEABLE'),
(49, 'SHANTU'),
(50, 'GAMUZA'),
(51, 'JACQUARD ALGODON');

-- --------------------------------------------------------

--
-- Estructura de tabla para la tabla `tipoventa`
--

CREATE TABLE IF NOT EXISTS `tipoventa` (
  `idTipoVenta` int(11) NOT NULL AUTO_INCREMENT,
  `detalleTipoVenta` varchar(45) DEFAULT NULL,
  `grupoTipoVenta` int(11) DEFAULT NULL,
  `porcentajeTipoVenta` int(2) NOT NULL,
  `operacionTipoVenta` int(1) NOT NULL,
  PRIMARY KEY (`idTipoVenta`)
) ENGINE=InnoDB  DEFAULT CHARSET=utf8 AUTO_INCREMENT=7 ;

--
-- Volcado de datos para la tabla `tipoventa`
--

INSERT INTO `tipoventa` (`idTipoVenta`, `detalleTipoVenta`, `grupoTipoVenta`, `porcentajeTipoVenta`, `operacionTipoVenta`) VALUES
(1, 'Cont. Efectivo', 1, 0, 0),
(2, 'Cont 10%', 1, 10, 1),
(3, 'Cont 20%', 1, 20, 1),
(4, 'Cta. Cte', 2, 15, 2),
(5, 'Tarjeta', 2, 15, 2),
(6, 'Promo', 3, 50, 1);

-- --------------------------------------------------------

--
-- Estructura de tabla para la tabla `tipoventa_prenda`
--

CREATE TABLE IF NOT EXISTS `tipoventa_prenda` (
  `idTipoVenta_Prenda` int(11) NOT NULL AUTO_INCREMENT,
  `valor` decimal(6,2) NOT NULL,
  `idTipoVenta` int(11) NOT NULL,
  `idPrenda` int(11) NOT NULL,
  PRIMARY KEY (`idTipoVenta_Prenda`,`idTipoVenta`,`idPrenda`),
  KEY `fk_TipoVent_TipoVenta1_idx` (`idTipoVenta`),
  KEY `fk_TipoVent_Prenda1_idx` (`idPrenda`)
) ENGINE=InnoDB  DEFAULT CHARSET=utf8 AUTO_INCREMENT=8611 ;

--
-- Volcado de datos para la tabla `tipoventa_prenda`
--

INSERT INTO `tipoventa_prenda` (`idTipoVenta_Prenda`, `valor`, `idTipoVenta`, `idPrenda`) VALUES
(19, '100.00', 1, 4),
(20, '90.00', 2, 4),
(21, '80.00', 3, 4),
(22, '115.00', 4, 4),
(23, '110.00', 5, 4),
(24, '100.00', 6, 4),
(25, '99.00', 1, 5),
(26, '99.00', 2, 5),
(27, '99.00', 3, 5),
(28, '99.00', 4, 5),
(29, '99.00', 5, 5),
(30, '99.00', 6, 5),
(31, '99.00', 1, 6),
(32, '99.00', 2, 6),
(33, '99.00', 3, 6),
(34, '99.00', 4, 6),
(35, '99.00', 5, 6),
(36, '99.00', 6, 6),
(37, '99.00', 1, 7),
(38, '99.00', 2, 7),
(39, '99.00', 3, 7),
(40, '99.00', 4, 7),
(41, '99.00', 5, 7),
(42, '99.00', 6, 7),
(43, '260.00', 1, 8),
(44, '234.00', 2, 8),
(45, '208.00', 3, 8),
(46, '299.00', 4, 8),
(47, '299.00', 5, 8),
(48, '130.00', 6, 8),
(49, '99.00', 1, 9),
(50, '99.00', 2, 9),
(51, '99.00', 3, 9),
(52, '99.00', 4, 9),
(53, '99.00', 5, 9),
(54, '99.00', 6, 9),
(55, '99.00', 1, 10),
(56, '99.00', 2, 10),
(57, '99.00', 3, 10),
(58, '99.00', 4, 10),
(59, '99.00', 5, 10),
(60, '99.00', 6, 10),
(61, '99.00', 1, 11),
(62, '99.00', 2, 11),
(63, '99.00', 3, 11),
(64, '99.00', 4, 11),
(65, '99.00', 5, 11),
(66, '99.00', 6, 11),
(67, '99.00', 1, 12),
(68, '99.00', 2, 12),
(69, '99.00', 3, 12),
(70, '99.00', 4, 12),
(71, '99.00', 5, 12),
(72, '99.00', 6, 12),
(73, '99.00', 1, 13),
(74, '99.00', 2, 13),
(75, '99.00', 3, 13),
(76, '99.00', 4, 13),
(77, '99.00', 5, 13),
(78, '99.00', 6, 13),
(79, '99.00', 1, 14),
(80, '99.00', 2, 14),
(81, '99.00', 3, 14),
(82, '99.00', 4, 14),
(83, '99.00', 5, 14),
(84, '99.00', 6, 14),
(85, '250.00', 1, 15),
(86, '225.00', 2, 15),
(87, '200.00', 3, 15),
(88, '287.00', 4, 15),
(89, '287.00', 5, 15),
(90, '125.00', 6, 15),
(91, '99.00', 1, 16),
(92, '99.00', 2, 16),
(93, '99.00', 3, 16),
(94, '99.00', 4, 16),
(95, '99.00', 5, 16),
(96, '99.00', 6, 16),
(97, '99.00', 1, 17),
(98, '99.00', 2, 17),
(99, '99.00', 3, 17),
(100, '99.00', 4, 17),
(101, '99.00', 5, 17),
(102, '99.00', 6, 17),
(103, '99.00', 1, 18),
(104, '99.00', 2, 18),
(105, '99.00', 3, 18),
(106, '99.00', 4, 18),
(107, '99.00', 5, 18),
(108, '99.00', 6, 18),
(109, '250.00', 1, 19),
(110, '225.00', 2, 19),
(111, '200.00', 3, 19),
(112, '287.00', 4, 19),
(113, '287.00', 5, 19),
(114, '125.00', 6, 19),
(115, '99.00', 1, 20),
(116, '99.00', 2, 20),
(117, '99.00', 3, 20),
(118, '99.00', 4, 20),
(119, '99.00', 5, 20),
(120, '99.00', 6, 20),
(121, '99.00', 1, 21),
(122, '99.00', 2, 21),
(123, '99.00', 3, 21),
(124, '99.00', 4, 21),
(125, '99.00', 5, 21),
(126, '99.00', 6, 21),
(127, '99.00', 1, 22),
(128, '99.00', 2, 22),
(129, '99.00', 3, 22),
(130, '99.00', 4, 22),
(131, '99.00', 5, 22),
(132, '99.00', 6, 22),
(133, '99.00', 1, 23),
(134, '99.00', 2, 23),
(135, '99.00', 3, 23),
(136, '99.00', 4, 23),
(137, '99.00', 5, 23),
(138, '99.00', 6, 23),
(139, '99.00', 1, 24),
(140, '99.00', 2, 24),
(141, '99.00', 3, 24),
(142, '99.00', 4, 24),
(143, '99.00', 5, 24),
(144, '99.00', 6, 24),
(145, '99.00', 1, 25),
(146, '99.00', 2, 25),
(147, '99.00', 3, 25),
(148, '99.00', 4, 25),
(149, '99.00', 5, 25),
(150, '99.00', 6, 25),
(151, '270.00', 1, 26),
(152, '243.00', 2, 26),
(153, '216.00', 3, 26),
(154, '310.00', 4, 26),
(155, '310.00', 5, 26),
(156, '135.00', 6, 26),
(157, '99.00', 1, 27),
(158, '99.00', 2, 27),
(159, '99.00', 3, 27),
(160, '99.00', 4, 27),
(161, '99.00', 5, 27),
(162, '99.00', 6, 27),
(163, '420.00', 1, 28),
(164, '0.00', 2, 28),
(165, '0.00', 3, 28),
(166, '483.00', 4, 28),
(167, '483.00', 5, 28),
(168, '0.00', 6, 28),
(169, '420.00', 1, 29),
(170, '0.00', 2, 29),
(171, '0.00', 3, 29),
(172, '483.00', 4, 29),
(173, '483.00', 5, 29),
(174, '0.00', 6, 29),
(175, '390.00', 1, 30),
(176, '0.00', 2, 30),
(177, '0.00', 3, 30),
(178, '448.00', 4, 30),
(179, '448.00', 5, 30),
(180, '0.00', 6, 30),
(181, '390.00', 1, 31),
(182, '0.00', 2, 31),
(183, '0.00', 3, 31),
(184, '448.00', 4, 31),
(185, '448.00', 5, 31),
(186, '0.00', 6, 31),
(187, '390.00', 1, 32),
(188, '0.00', 2, 32),
(189, '0.00', 3, 32),
(190, '448.00', 4, 32),
(191, '448.00', 5, 32),
(192, '0.00', 6, 32),
(193, '390.00', 1, 33),
(194, '0.00', 2, 33),
(195, '0.00', 3, 33),
(196, '448.00', 4, 33),
(197, '448.00', 5, 33),
(198, '0.00', 6, 33),
(199, '390.00', 1, 34),
(200, '0.00', 2, 34),
(201, '0.00', 3, 34),
(202, '448.00', 4, 34),
(203, '448.00', 5, 34),
(204, '0.00', 6, 34),
(205, '390.00', 1, 35),
(206, '0.00', 2, 35),
(207, '0.00', 3, 35),
(208, '448.00', 4, 35),
(209, '448.00', 5, 35),
(210, '0.00', 6, 35),
(211, '440.00', 1, 36),
(212, '0.00', 2, 36),
(213, '0.00', 3, 36),
(214, '506.00', 4, 36),
(215, '506.00', 5, 36),
(216, '0.00', 6, 36),
(217, '390.00', 1, 37),
(218, '0.00', 2, 37),
(219, '0.00', 3, 37),
(220, '448.00', 4, 37),
(221, '448.00', 5, 37),
(222, '0.00', 6, 37),
(223, '390.00', 1, 38),
(224, '0.00', 2, 38),
(225, '0.00', 3, 38),
(226, '448.00', 4, 38),
(227, '448.00', 5, 38),
(228, '0.00', 6, 38),
(229, '204.00', 1, 39),
(230, '0.00', 2, 39),
(231, '0.00', 3, 39),
(232, '234.00', 4, 39),
(233, '234.00', 5, 39),
(234, '0.00', 6, 39),
(235, '357.00', 1, 40),
(236, '0.00', 2, 40),
(237, '0.00', 3, 40),
(238, '410.00', 4, 40),
(239, '410.00', 5, 40),
(240, '0.00', 6, 40),
(241, '498.00', 1, 41),
(242, '0.00', 2, 41),
(243, '0.00', 3, 41),
(244, '572.00', 4, 41),
(245, '572.00', 5, 41),
(246, '0.00', 6, 41),
(247, '180.00', 1, 42),
(248, '0.00', 2, 42),
(249, '0.00', 3, 42),
(250, '207.00', 4, 42),
(251, '207.00', 5, 42),
(252, '0.00', 6, 42),
(253, '298.00', 1, 43),
(254, '0.00', 2, 43),
(255, '0.00', 3, 43),
(256, '342.00', 4, 43),
(257, '342.00', 5, 43),
(258, '0.00', 6, 43),
(259, '174.00', 1, 44),
(260, '0.00', 2, 44),
(261, '0.00', 3, 44),
(262, '200.00', 4, 44),
(263, '200.00', 5, 44),
(264, '0.00', 6, 44),
(265, '220.00', 1, 45),
(266, '0.00', 2, 45),
(267, '0.00', 3, 45),
(268, '253.00', 4, 45),
(269, '253.00', 5, 45),
(270, '0.00', 6, 45),
(271, '350.00', 1, 46),
(272, '0.00', 2, 46),
(273, '0.00', 3, 46),
(274, '402.00', 4, 46),
(275, '350.00', 5, 46),
(276, '0.00', 6, 46),
(277, '318.00', 1, 47),
(278, '0.00', 2, 47),
(279, '0.00', 3, 47),
(280, '365.00', 4, 47),
(281, '365.00', 5, 47),
(282, '0.00', 6, 47),
(283, '220.00', 1, 48),
(284, '0.00', 2, 48),
(285, '0.00', 3, 48),
(286, '253.00', 4, 48),
(287, '253.00', 5, 48),
(288, '0.00', 6, 48),
(289, '298.00', 1, 49),
(290, '0.00', 2, 49),
(291, '0.00', 3, 49),
(292, '342.00', 4, 49),
(293, '342.00', 5, 49),
(294, '0.00', 6, 49),
(295, '298.00', 1, 50),
(296, '0.00', 2, 50),
(297, '0.00', 3, 50),
(298, '342.00', 4, 50),
(299, '342.00', 5, 50),
(300, '0.00', 6, 50),
(301, '180.00', 1, 51),
(302, '0.00', 2, 51),
(303, '0.00', 3, 51),
(304, '207.00', 4, 51),
(305, '207.00', 5, 51),
(306, '0.00', 6, 51),
(307, '160.00', 1, 52),
(308, '0.00', 2, 52),
(309, '0.00', 3, 52),
(310, '184.00', 4, 52),
(311, '184.00', 5, 52),
(312, '0.00', 6, 52),
(313, '320.00', 1, 53),
(314, '0.00', 2, 53),
(315, '0.00', 3, 53),
(316, '368.00', 4, 53),
(317, '368.00', 5, 53),
(318, '0.00', 6, 53),
(319, '350.00', 1, 54),
(320, '0.00', 2, 54),
(321, '0.00', 3, 54),
(322, '402.00', 4, 54),
(323, '402.00', 5, 54),
(324, '0.00', 6, 54),
(325, '240.00', 1, 55),
(326, '0.00', 2, 55),
(327, '0.00', 3, 55),
(328, '276.00', 4, 55),
(329, '240.00', 5, 55),
(330, '0.00', 6, 55),
(331, '398.00', 1, 56),
(332, '0.00', 2, 56),
(333, '0.00', 3, 56),
(334, '457.00', 4, 56),
(335, '457.00', 5, 56),
(336, '0.00', 6, 56),
(337, '398.00', 1, 57),
(338, '0.00', 2, 57),
(339, '0.00', 3, 57),
(340, '457.00', 4, 57),
(341, '457.00', 5, 57),
(342, '0.00', 6, 57),
(343, '398.00', 1, 58),
(344, '0.00', 2, 58),
(345, '0.00', 3, 58),
(346, '457.00', 4, 58),
(347, '457.00', 5, 58),
(348, '0.00', 6, 58),
(349, '398.00', 1, 59),
(350, '0.00', 2, 59),
(351, '0.00', 3, 59),
(352, '457.00', 4, 59),
(353, '457.00', 5, 59),
(354, '0.00', 6, 59),
(355, '398.00', 1, 60),
(356, '0.00', 2, 60),
(357, '0.00', 3, 60),
(358, '457.00', 4, 60),
(359, '457.00', 5, 60),
(360, '0.00', 6, 60),
(361, '398.00', 1, 61),
(362, '0.00', 2, 61),
(363, '0.00', 3, 61),
(364, '457.00', 4, 61),
(365, '457.00', 5, 61),
(366, '0.00', 6, 61),
(367, '398.00', 1, 62),
(368, '0.00', 2, 62),
(369, '0.00', 3, 62),
(370, '457.00', 4, 62),
(371, '457.00', 5, 62),
(372, '0.00', 6, 62),
(373, '290.00', 1, 63),
(374, '0.00', 2, 63),
(375, '0.00', 3, 63),
(376, '333.00', 4, 63),
(377, '333.00', 5, 63),
(378, '0.00', 6, 63),
(379, '360.00', 1, 64),
(380, '0.00', 2, 64),
(381, '0.00', 3, 64),
(382, '414.00', 4, 64),
(383, '414.00', 5, 64),
(384, '0.00', 6, 64),
(385, '260.00', 1, 65),
(386, '0.00', 2, 65),
(387, '0.00', 3, 65),
(388, '299.00', 4, 65),
(389, '299.00', 5, 65),
(390, '0.00', 6, 65),
(391, '450.00', 1, 66),
(392, '0.00', 2, 66),
(393, '0.00', 3, 66),
(394, '517.00', 4, 66),
(395, '517.00', 5, 66),
(396, '0.00', 6, 66),
(397, '320.00', 1, 67),
(398, '0.00', 2, 67),
(399, '0.00', 3, 67),
(400, '368.00', 4, 67),
(401, '368.00', 5, 67),
(402, '0.00', 6, 67),
(403, '440.00', 1, 68),
(404, '0.00', 2, 68),
(405, '0.00', 3, 68),
(406, '506.00', 4, 68),
(407, '506.00', 5, 68),
(408, '0.00', 6, 68),
(409, '440.00', 1, 69),
(410, '0.00', 2, 69),
(411, '0.00', 3, 69),
(412, '506.00', 4, 69),
(413, '506.00', 5, 69),
(414, '0.00', 6, 69),
(415, '396.00', 1, 70),
(416, '0.00', 2, 70),
(417, '0.00', 3, 70),
(418, '455.00', 4, 70),
(419, '455.00', 5, 70),
(420, '0.00', 6, 70),
(421, '396.00', 1, 71),
(422, '0.00', 2, 71),
(423, '0.00', 3, 71),
(424, '455.00', 4, 71),
(425, '455.00', 5, 71),
(426, '0.00', 6, 71),
(427, '450.00', 1, 72),
(428, '0.00', 2, 72),
(429, '0.00', 3, 72),
(430, '517.00', 4, 72),
(431, '517.00', 5, 72),
(432, '0.00', 6, 72),
(433, '320.00', 1, 73),
(434, '0.00', 2, 73),
(435, '0.00', 3, 73),
(436, '368.00', 4, 73),
(437, '368.00', 5, 73),
(438, '0.00', 6, 73),
(439, '936.00', 1, 74),
(440, '0.00', 2, 74),
(441, '0.00', 3, 74),
(442, '1076.00', 4, 74),
(443, '1076.00', 5, 74),
(444, '0.00', 6, 74),
(445, '820.00', 1, 75),
(446, '0.00', 2, 75),
(447, '0.00', 3, 75),
(448, '943.00', 4, 75),
(449, '943.00', 5, 75),
(450, '0.00', 6, 75),
(451, '820.00', 1, 76),
(452, '0.00', 2, 76),
(453, '0.00', 3, 76),
(454, '943.00', 4, 76),
(455, '943.00', 5, 76),
(456, '0.00', 6, 76),
(457, '717.00', 1, 77),
(458, '0.00', 2, 77),
(459, '0.00', 3, 77),
(460, '824.00', 4, 77),
(461, '824.00', 5, 77),
(462, '0.00', 6, 77),
(463, '265.00', 1, 78),
(464, '0.00', 2, 78),
(465, '0.00', 3, 78),
(466, '304.00', 4, 78),
(467, '304.00', 5, 78),
(468, '0.00', 6, 78),
(469, '240.00', 1, 79),
(470, '0.00', 2, 79),
(471, '0.00', 3, 79),
(472, '276.00', 4, 79),
(473, '276.00', 5, 79),
(474, '0.00', 6, 79),
(475, '188.00', 1, 80),
(476, '0.00', 2, 80),
(477, '0.00', 3, 80),
(478, '216.00', 4, 80),
(479, '216.00', 5, 80),
(480, '0.00', 6, 80),
(481, '226.00', 1, 81),
(482, '0.00', 2, 81),
(483, '0.00', 3, 81),
(484, '260.00', 4, 81),
(485, '260.00', 5, 81),
(486, '0.00', 6, 81),
(487, '150.00', 1, 82),
(488, '0.00', 2, 82),
(489, '0.00', 3, 82),
(490, '172.00', 4, 82),
(491, '172.00', 5, 82),
(492, '0.00', 6, 82),
(493, '201.00', 1, 83),
(494, '0.00', 2, 83),
(495, '0.00', 3, 83),
(496, '231.00', 4, 83),
(497, '231.00', 5, 83),
(498, '0.00', 6, 83),
(499, '370.00', 1, 84),
(500, '0.00', 2, 84),
(501, '0.00', 3, 84),
(502, '425.00', 4, 84),
(503, '425.00', 5, 84),
(504, '0.00', 6, 84),
(505, '90.00', 1, 85),
(506, '0.00', 2, 85),
(507, '0.00', 3, 85),
(508, '103.00', 4, 85),
(509, '103.00', 5, 85),
(510, '0.00', 6, 85),
(511, '280.00', 1, 86),
(512, '0.00', 2, 86),
(513, '0.00', 3, 86),
(514, '322.00', 4, 86),
(515, '322.00', 5, 86),
(516, '0.00', 6, 86),
(517, '130.00', 1, 87),
(518, '0.00', 2, 87),
(519, '0.00', 3, 87),
(520, '149.00', 4, 87),
(521, '149.00', 5, 87),
(522, '0.00', 6, 87),
(523, '120.00', 1, 88),
(524, '0.00', 2, 88),
(525, '0.00', 3, 88),
(526, '138.00', 4, 88),
(527, '138.00', 5, 88),
(528, '0.00', 6, 88),
(529, '120.00', 1, 89),
(530, '0.00', 2, 89),
(531, '0.00', 3, 89),
(532, '138.00', 4, 89),
(533, '138.00', 5, 89),
(534, '0.00', 6, 89),
(535, '120.00', 1, 90),
(536, '0.00', 2, 90),
(537, '0.00', 3, 90),
(538, '138.00', 4, 90),
(539, '138.00', 5, 90),
(540, '0.00', 6, 90),
(541, '270.00', 1, 91),
(542, '0.00', 2, 91),
(543, '0.00', 3, 91),
(544, '310.00', 4, 91),
(545, '310.00', 5, 91),
(546, '0.00', 6, 91),
(547, '70.00', 1, 92),
(548, '0.00', 2, 92),
(549, '0.00', 3, 92),
(550, '80.00', 4, 92),
(551, '80.00', 5, 92),
(552, '0.00', 6, 92),
(553, '390.00', 1, 93),
(554, '0.00', 2, 93),
(555, '0.00', 3, 93),
(556, '448.00', 4, 93),
(557, '448.00', 5, 93),
(558, '0.00', 6, 93),
(559, '358.00', 1, 94),
(560, '0.00', 2, 94),
(561, '0.00', 3, 94),
(562, '411.00', 4, 94),
(563, '411.00', 5, 94),
(564, '0.00', 6, 94),
(565, '220.00', 1, 95),
(566, '0.00', 2, 95),
(567, '0.00', 3, 95),
(568, '253.00', 4, 95),
(569, '253.00', 5, 95),
(570, '0.00', 6, 95),
(571, '240.00', 1, 96),
(572, '0.00', 2, 96),
(573, '0.00', 3, 96),
(574, '276.00', 4, 96),
(575, '276.00', 5, 96),
(576, '0.00', 6, 96),
(577, '220.00', 1, 97),
(578, '0.00', 2, 97),
(579, '0.00', 3, 97),
(580, '253.00', 4, 97),
(581, '253.00', 5, 97),
(582, '0.00', 6, 97),
(583, '220.00', 1, 98),
(584, '0.00', 2, 98),
(585, '0.00', 3, 98),
(586, '253.00', 4, 98),
(587, '253.00', 5, 98),
(588, '0.00', 6, 98),
(589, '98.00', 1, 99),
(590, '0.00', 2, 99),
(591, '0.00', 3, 99),
(592, '112.00', 4, 99),
(593, '112.00', 5, 99),
(594, '0.00', 6, 99),
(595, '160.00', 1, 100),
(596, '0.00', 2, 100),
(597, '0.00', 3, 100),
(598, '184.00', 4, 100),
(599, '184.00', 5, 100),
(600, '0.00', 6, 100),
(601, '140.00', 1, 101),
(602, '0.00', 2, 101),
(603, '0.00', 3, 101),
(604, '160.00', 4, 101),
(605, '160.00', 5, 101),
(606, '0.00', 6, 101),
(607, '129.00', 1, 102),
(608, '0.00', 2, 102),
(609, '0.00', 3, 102),
(610, '149.00', 4, 102),
(611, '149.00', 5, 102),
(612, '0.00', 6, 102),
(613, '248.00', 1, 103),
(614, '0.00', 2, 103),
(615, '0.00', 3, 103),
(616, '285.00', 4, 103),
(617, '285.00', 5, 103),
(618, '0.00', 6, 103),
(619, '248.00', 1, 104),
(620, '0.00', 2, 104),
(621, '0.00', 3, 104),
(622, '285.00', 4, 104),
(623, '285.00', 5, 104),
(624, '0.00', 6, 104),
(625, '198.00', 1, 105),
(626, '0.00', 2, 105),
(627, '0.00', 3, 105),
(628, '227.00', 4, 105),
(629, '227.00', 5, 105),
(630, '0.00', 6, 105),
(631, '248.00', 1, 106),
(632, '0.00', 2, 106),
(633, '0.00', 3, 106),
(634, '285.00', 4, 106),
(635, '285.00', 5, 106),
(636, '0.00', 6, 106),
(637, '228.00', 1, 107),
(638, '0.00', 2, 107),
(639, '0.00', 3, 107),
(640, '262.00', 4, 107),
(641, '262.00', 5, 107),
(642, '0.00', 6, 107),
(643, '120.00', 1, 108),
(644, '0.00', 2, 108),
(645, '0.00', 3, 108),
(646, '138.00', 4, 108),
(647, '138.00', 5, 108),
(648, '0.00', 6, 108),
(649, '248.00', 1, 109),
(650, '0.00', 2, 109),
(651, '0.00', 3, 109),
(652, '285.00', 4, 109),
(653, '285.00', 5, 109),
(654, '0.00', 6, 109),
(655, '248.00', 1, 110),
(656, '0.00', 2, 110),
(657, '0.00', 3, 110),
(658, '285.00', 4, 110),
(659, '285.00', 5, 110),
(660, '0.00', 6, 110),
(661, '140.00', 1, 111),
(662, '0.00', 2, 111),
(663, '0.00', 3, 111),
(664, '160.00', 4, 111),
(665, '160.00', 5, 111),
(666, '0.00', 6, 111),
(667, '100.00', 1, 112),
(668, '0.00', 2, 112),
(669, '0.00', 3, 112),
(670, '115.00', 4, 112),
(671, '115.00', 5, 112),
(672, '0.00', 6, 112),
(673, '250.00', 1, 113),
(674, '0.00', 2, 113),
(675, '0.00', 3, 113),
(676, '287.00', 4, 113),
(677, '287.00', 5, 113),
(678, '0.00', 6, 113),
(679, '220.00', 1, 114),
(680, '0.00', 2, 114),
(681, '0.00', 3, 114),
(682, '253.00', 4, 114),
(683, '253.00', 5, 114),
(684, '0.00', 6, 114),
(685, '90.00', 1, 115),
(686, '0.00', 2, 115),
(687, '0.00', 3, 115),
(688, '100.00', 4, 115),
(689, '100.00', 5, 115),
(690, '0.00', 6, 115),
(691, '198.00', 1, 116),
(692, '0.00', 2, 116),
(693, '0.00', 3, 116),
(694, '227.00', 4, 116),
(695, '227.00', 5, 116),
(696, '0.00', 6, 116),
(697, '250.00', 1, 117),
(698, '0.00', 2, 117),
(699, '0.00', 3, 117),
(700, '287.00', 4, 117),
(701, '287.00', 5, 117),
(702, '0.00', 6, 117),
(703, '270.00', 1, 118),
(704, '0.00', 2, 118),
(705, '0.00', 3, 118),
(706, '310.00', 4, 118),
(707, '310.00', 5, 118),
(708, '0.00', 6, 118),
(709, '190.00', 1, 119),
(710, '0.00', 2, 119),
(711, '0.00', 3, 119),
(712, '218.00', 4, 119),
(713, '218.00', 5, 119),
(714, '0.00', 6, 119),
(715, '140.00', 1, 120),
(716, '0.00', 2, 120),
(717, '0.00', 3, 120),
(718, '160.00', 4, 120),
(719, '160.00', 5, 120),
(720, '0.00', 6, 120),
(721, '230.00', 1, 121),
(722, '0.00', 2, 121),
(723, '0.00', 3, 121),
(724, '264.00', 4, 121),
(725, '264.00', 5, 121),
(726, '0.00', 6, 121),
(727, '298.00', 1, 122),
(728, '0.00', 2, 122),
(729, '0.00', 3, 122),
(730, '342.00', 4, 122),
(731, '342.00', 5, 122),
(732, '0.00', 6, 122),
(733, '298.00', 1, 123),
(734, '0.00', 2, 123),
(735, '0.00', 3, 123),
(736, '342.00', 4, 123),
(737, '342.00', 5, 123),
(738, '0.00', 6, 123),
(739, '216.00', 1, 124),
(740, '0.00', 2, 124),
(741, '0.00', 3, 124),
(742, '248.00', 4, 124),
(743, '248.00', 5, 124),
(744, '0.00', 6, 124),
(745, '268.00', 1, 125),
(746, '0.00', 2, 125),
(747, '0.00', 3, 125),
(748, '308.00', 4, 125),
(749, '308.00', 5, 125),
(750, '0.00', 6, 125),
(751, '268.00', 1, 126),
(752, '0.00', 2, 126),
(753, '0.00', 3, 126),
(754, '308.00', 4, 126),
(755, '308.00', 5, 126),
(756, '0.00', 6, 126),
(757, '280.00', 1, 127),
(758, '0.00', 2, 127),
(759, '0.00', 3, 127),
(760, '322.00', 4, 127),
(761, '322.00', 5, 127),
(762, '0.00', 6, 127),
(763, '296.00', 1, 128),
(764, '0.00', 2, 128),
(765, '0.00', 3, 128),
(766, '340.00', 4, 128),
(767, '340.00', 5, 128),
(768, '0.00', 6, 128),
(769, '296.00', 1, 129),
(770, '0.00', 2, 129),
(771, '0.00', 3, 129),
(772, '340.00', 4, 129),
(773, '340.00', 5, 129),
(774, '0.00', 6, 129),
(775, '298.00', 1, 130),
(776, '0.00', 2, 130),
(777, '0.00', 3, 130),
(778, '342.00', 4, 130),
(779, '342.00', 5, 130),
(780, '0.00', 6, 130),
(781, '298.00', 1, 131),
(782, '0.00', 2, 131),
(783, '0.00', 3, 131),
(784, '342.00', 4, 131),
(785, '342.00', 5, 131),
(786, '0.00', 6, 131),
(787, '298.00', 1, 132),
(788, '0.00', 2, 132),
(789, '0.00', 3, 132),
(790, '342.00', 4, 132),
(791, '342.00', 5, 132),
(792, '0.00', 6, 132),
(793, '338.00', 1, 133),
(794, '0.00', 2, 133),
(795, '0.00', 3, 133),
(796, '388.00', 4, 133),
(797, '388.00', 5, 133),
(798, '0.00', 6, 133),
(799, '338.00', 1, 134),
(800, '0.00', 2, 134),
(801, '0.00', 3, 134),
(802, '388.00', 4, 134),
(803, '388.00', 5, 134),
(804, '0.00', 6, 134),
(805, '338.00', 1, 135),
(806, '0.00', 2, 135),
(807, '0.00', 3, 135),
(808, '388.00', 4, 135),
(809, '388.00', 5, 135),
(810, '0.00', 6, 135),
(811, '338.00', 1, 136),
(812, '0.00', 2, 136),
(813, '0.00', 3, 136),
(814, '388.00', 4, 136),
(815, '388.00', 5, 136),
(816, '0.00', 6, 136),
(817, '338.00', 1, 137),
(818, '0.00', 2, 137),
(819, '0.00', 3, 137),
(820, '388.00', 4, 137),
(821, '388.00', 5, 137),
(822, '0.00', 6, 137),
(823, '338.00', 1, 138),
(824, '0.00', 2, 138),
(825, '0.00', 3, 138),
(826, '388.00', 4, 138),
(827, '388.00', 5, 138),
(828, '0.00', 6, 138),
(829, '324.00', 1, 139),
(830, '0.00', 2, 139),
(831, '0.00', 3, 139),
(832, '372.00', 4, 139),
(833, '372.00', 5, 139),
(834, '0.00', 6, 139),
(835, '330.00', 1, 140),
(836, '0.00', 2, 140),
(837, '0.00', 3, 140),
(838, '379.00', 4, 140),
(839, '379.00', 5, 140),
(840, '0.00', 6, 140),
(841, '334.00', 1, 141),
(842, '0.00', 2, 141),
(843, '0.00', 3, 141),
(844, '384.00', 4, 141),
(845, '384.00', 5, 141),
(846, '0.00', 6, 141),
(847, '334.00', 1, 142),
(848, '0.00', 2, 142),
(849, '0.00', 3, 142),
(850, '384.00', 4, 142),
(851, '384.00', 5, 142),
(852, '0.00', 6, 142),
(853, '320.00', 1, 143),
(854, '0.00', 2, 143),
(855, '0.00', 3, 143),
(856, '368.00', 4, 143),
(857, '368.00', 5, 143),
(858, '0.00', 6, 143),
(859, '320.00', 1, 144),
(860, '0.00', 2, 144),
(861, '0.00', 3, 144),
(862, '368.00', 4, 144),
(863, '368.00', 5, 144),
(864, '0.00', 6, 144),
(865, '298.00', 1, 145),
(866, '0.00', 2, 145),
(867, '0.00', 3, 145),
(868, '342.00', 4, 145),
(869, '342.00', 5, 145),
(870, '0.00', 6, 145),
(871, '230.00', 1, 146),
(872, '0.00', 2, 146),
(873, '0.00', 3, 146),
(874, '264.00', 4, 146),
(875, '264.00', 5, 146),
(876, '0.00', 6, 146),
(877, '250.00', 1, 147),
(878, '0.00', 2, 147),
(879, '0.00', 3, 147),
(880, '287.00', 4, 147),
(881, '287.00', 5, 147),
(882, '0.00', 6, 147),
(883, '356.00', 1, 148),
(884, '0.00', 2, 148),
(885, '0.00', 3, 148),
(886, '409.00', 4, 148),
(887, '409.00', 5, 148),
(888, '0.00', 6, 148),
(889, '350.00', 1, 149),
(890, '0.00', 2, 149),
(891, '0.00', 3, 149),
(892, '400.00', 4, 149),
(893, '400.00', 5, 149),
(894, '0.00', 6, 149),
(895, '260.00', 1, 150),
(896, '0.00', 2, 150),
(897, '0.00', 3, 150),
(898, '299.00', 4, 150),
(899, '299.00', 5, 150),
(900, '0.00', 6, 150),
(901, '260.00', 1, 151),
(902, '0.00', 2, 151),
(903, '0.00', 3, 151),
(904, '299.00', 4, 151),
(905, '299.00', 5, 151),
(906, '0.00', 6, 151),
(907, '260.00', 1, 152),
(908, '0.00', 2, 152),
(909, '0.00', 3, 152),
(910, '299.00', 4, 152),
(911, '299.00', 5, 152),
(912, '0.00', 6, 152),
(913, '260.00', 1, 153),
(914, '0.00', 2, 153),
(915, '0.00', 3, 153),
(916, '299.00', 4, 153),
(917, '299.00', 5, 153),
(918, '0.00', 6, 153),
(919, '260.00', 1, 154),
(920, '0.00', 2, 154),
(921, '0.00', 3, 154),
(922, '299.00', 4, 154),
(923, '299.00', 5, 154),
(924, '0.00', 6, 154),
(925, '270.00', 1, 155),
(926, '0.00', 2, 155),
(927, '0.00', 3, 155),
(928, '310.00', 4, 155),
(929, '310.00', 5, 155),
(930, '0.00', 6, 155),
(931, '270.00', 1, 156),
(932, '0.00', 2, 156),
(933, '0.00', 3, 156),
(934, '310.00', 4, 156),
(935, '310.00', 5, 156),
(936, '0.00', 6, 156),
(937, '350.00', 1, 157),
(938, '0.00', 2, 157),
(939, '0.00', 3, 157),
(940, '402.00', 4, 157),
(941, '402.00', 5, 157),
(942, '0.00', 6, 157),
(943, '320.00', 1, 158),
(944, '0.00', 2, 158),
(945, '0.00', 3, 158),
(946, '368.00', 4, 158),
(947, '368.00', 5, 158),
(948, '0.00', 6, 158),
(949, '260.00', 1, 159),
(950, '0.00', 2, 159),
(951, '0.00', 3, 159),
(952, '299.00', 4, 159),
(953, '299.00', 5, 159),
(954, '0.00', 6, 159),
(955, '270.00', 1, 160),
(956, '0.00', 2, 160),
(957, '0.00', 3, 160),
(958, '310.00', 4, 160),
(959, '310.00', 5, 160),
(960, '0.00', 6, 160),
(961, '590.00', 1, 161),
(962, '0.00', 2, 161),
(963, '0.00', 3, 161),
(964, '678.00', 4, 161),
(965, '678.00', 5, 161),
(966, '0.00', 6, 161),
(967, '590.00', 1, 162),
(968, '0.00', 2, 162),
(969, '0.00', 3, 162),
(970, '678.00', 4, 162),
(971, '678.00', 5, 162),
(972, '0.00', 6, 162),
(973, '550.00', 1, 163),
(974, '0.00', 2, 163),
(975, '0.00', 3, 163),
(976, '632.00', 4, 163),
(977, '632.00', 5, 163),
(978, '0.00', 6, 163),
(979, '198.00', 1, 164),
(980, '0.00', 2, 164),
(981, '0.00', 3, 164),
(982, '227.00', 4, 164),
(983, '227.00', 5, 164),
(984, '0.00', 6, 164),
(985, '320.00', 1, 165),
(986, '288.00', 2, 165),
(987, '256.00', 3, 165),
(988, '368.00', 4, 165),
(989, '368.00', 5, 165),
(990, '195.00', 6, 165),
(991, '298.00', 1, 166),
(992, '0.00', 2, 166),
(993, '0.00', 3, 166),
(994, '342.00', 4, 166),
(995, '342.00', 5, 166),
(996, '0.00', 6, 166),
(997, '298.00', 1, 167),
(998, '0.00', 2, 167),
(999, '0.00', 3, 167),
(1000, '342.00', 4, 167),
(1001, '342.00', 5, 167),
(1002, '0.00', 6, 167),
(1003, '298.00', 1, 168),
(1004, '0.00', 2, 168),
(1005, '0.00', 3, 168),
(1006, '342.00', 4, 168),
(1007, '342.00', 5, 168),
(1008, '0.00', 6, 168),
(1009, '168.00', 1, 169),
(1010, '0.00', 2, 169),
(1011, '0.00', 3, 169),
(1012, '193.00', 4, 169),
(1013, '193.00', 5, 169),
(1014, '0.00', 6, 169),
(1015, '219.00', 1, 170),
(1016, '0.00', 2, 170),
(1017, '0.00', 3, 170),
(1018, '251.00', 4, 170),
(1019, '251.00', 5, 170),
(1020, '0.00', 6, 170),
(1021, '219.00', 1, 171),
(1022, '0.00', 2, 171),
(1023, '0.00', 3, 171),
(1024, '251.00', 4, 171),
(1025, '251.00', 5, 171),
(1026, '0.00', 6, 171),
(1027, '230.00', 1, 172),
(1028, '0.00', 2, 172),
(1029, '0.00', 3, 172),
(1030, '264.00', 4, 172),
(1031, '254.00', 5, 172),
(1032, '0.00', 6, 172),
(1033, '210.00', 1, 173),
(1034, '0.00', 2, 173),
(1035, '0.00', 3, 173),
(1036, '240.00', 4, 173),
(1037, '240.00', 5, 173),
(1038, '0.00', 6, 173),
(1039, '230.00', 1, 174),
(1040, '0.00', 2, 174),
(1041, '0.00', 3, 174),
(1042, '264.00', 4, 174),
(1043, '264.00', 5, 174),
(1044, '0.00', 6, 174),
(1045, '240.00', 1, 175),
(1046, '0.00', 2, 175),
(1047, '0.00', 3, 175),
(1048, '276.00', 4, 175),
(1049, '276.00', 5, 175),
(1050, '0.00', 6, 175),
(1051, '100.00', 1, 176),
(1052, '0.00', 2, 176),
(1053, '0.00', 3, 176),
(1054, '115.00', 4, 176),
(1055, '115.00', 5, 176),
(1056, '0.00', 6, 176),
(1057, '100.00', 1, 177),
(1058, '0.00', 2, 177),
(1059, '0.00', 3, 177),
(1060, '115.00', 4, 177),
(1061, '115.00', 5, 177),
(1062, '0.00', 6, 177),
(1063, '153.00', 1, 178),
(1064, '0.00', 2, 178),
(1065, '0.00', 3, 178),
(1066, '176.00', 4, 178),
(1067, '176.00', 5, 178),
(1068, '0.00', 6, 178),
(1069, '153.00', 1, 179),
(1070, '0.00', 2, 179),
(1071, '0.00', 3, 179),
(1072, '176.00', 4, 179),
(1073, '176.00', 5, 179),
(1074, '0.00', 6, 179),
(1075, '198.00', 1, 180),
(1076, '0.00', 2, 180),
(1077, '0.00', 3, 180),
(1078, '227.00', 4, 180),
(1079, '227.00', 5, 180),
(1080, '0.00', 6, 180),
(1081, '170.00', 1, 181),
(1082, '0.00', 2, 181),
(1083, '0.00', 3, 181),
(1084, '195.00', 4, 181),
(1085, '195.00', 5, 181),
(1086, '0.00', 6, 181),
(1087, '165.00', 1, 182),
(1088, '0.00', 2, 182),
(1089, '0.00', 3, 182),
(1090, '189.00', 4, 182),
(1091, '189.00', 5, 182),
(1092, '0.00', 6, 182),
(1093, '198.00', 1, 183),
(1094, '0.00', 2, 183),
(1095, '0.00', 3, 183),
(1096, '227.00', 4, 183),
(1097, '227.00', 5, 183),
(1098, '0.00', 6, 183),
(1099, '280.00', 1, 184),
(1100, '252.00', 2, 184),
(1101, '224.00', 3, 184),
(1102, '322.00', 4, 184),
(1103, '322.00', 5, 184),
(1104, '150.00', 6, 184),
(1105, '300.00', 1, 185),
(1106, '270.00', 2, 185),
(1107, '240.00', 3, 185),
(1108, '345.00', 4, 185),
(1109, '345.00', 5, 185),
(1110, '160.00', 6, 185),
(1111, '300.00', 1, 186),
(1112, '270.00', 2, 186),
(1113, '240.00', 3, 186),
(1114, '345.00', 4, 186),
(1115, '345.00', 5, 186),
(1116, '160.00', 6, 186),
(1117, '300.00', 1, 187),
(1118, '270.00', 2, 187),
(1119, '240.00', 3, 187),
(1120, '345.00', 4, 187),
(1121, '345.00', 5, 187),
(1122, '160.00', 6, 187),
(1123, '250.00', 1, 188),
(1124, '225.00', 2, 188),
(1125, '200.00', 3, 188),
(1126, '288.00', 4, 188),
(1127, '288.00', 5, 188),
(1128, '125.00', 6, 188),
(1129, '250.00', 1, 189),
(1130, '225.00', 2, 189),
(1131, '200.00', 3, 189),
(1132, '288.00', 4, 189),
(1133, '288.00', 5, 189),
(1134, '125.00', 6, 189),
(1135, '250.00', 1, 190),
(1136, '225.00', 2, 190),
(1137, '200.00', 3, 190),
(1138, '288.00', 4, 190),
(1139, '288.00', 5, 190),
(1140, '125.00', 6, 190),
(1141, '250.00', 1, 191),
(1142, '225.00', 2, 191),
(1143, '200.00', 3, 191),
(1144, '288.00', 4, 191),
(1145, '288.00', 5, 191),
(1146, '125.00', 6, 191),
(1147, '250.00', 1, 192),
(1148, '225.00', 2, 192),
(1149, '200.00', 3, 192),
(1150, '288.00', 4, 192),
(1151, '288.00', 5, 192),
(1152, '125.00', 6, 192),
(1153, '310.00', 1, 193),
(1154, '279.00', 2, 193),
(1155, '248.00', 3, 193),
(1156, '357.00', 4, 193),
(1157, '357.00', 5, 193),
(1158, '160.00', 6, 193),
(1159, '310.00', 1, 194),
(1160, '279.00', 2, 194),
(1161, '248.00', 3, 194),
(1162, '357.00', 4, 194),
(1163, '357.00', 5, 194),
(1164, '160.00', 6, 194),
(1165, '310.00', 1, 195),
(1166, '279.00', 2, 195),
(1167, '248.00', 3, 195),
(1168, '357.00', 4, 195),
(1169, '357.00', 5, 195),
(1170, '160.00', 6, 195),
(1171, '310.00', 1, 196),
(1172, '279.00', 2, 196),
(1173, '248.00', 3, 196),
(1174, '357.00', 4, 196),
(1175, '357.00', 5, 196),
(1176, '160.00', 6, 196),
(1177, '310.00', 1, 197),
(1178, '279.00', 2, 197),
(1179, '248.00', 3, 197),
(1180, '357.00', 4, 197),
(1181, '357.00', 5, 197),
(1182, '160.00', 6, 197),
(1183, '310.00', 1, 198),
(1184, '279.00', 2, 198),
(1185, '248.00', 3, 198),
(1186, '357.00', 4, 198),
(1187, '357.00', 5, 198),
(1188, '160.00', 6, 198),
(1189, '300.00', 1, 199),
(1190, '270.00', 2, 199),
(1191, '240.00', 3, 199),
(1192, '345.00', 4, 199),
(1193, '345.00', 5, 199),
(1194, '150.00', 6, 199),
(1195, '300.00', 1, 200),
(1196, '270.00', 2, 200),
(1197, '240.00', 3, 200),
(1198, '345.00', 4, 200),
(1199, '345.00', 5, 200),
(1200, '150.00', 6, 200),
(1201, '300.00', 1, 201),
(1202, '270.00', 2, 201),
(1203, '240.00', 3, 201),
(1204, '345.00', 4, 201),
(1205, '345.00', 5, 201),
(1206, '150.00', 6, 201),
(1207, '300.00', 1, 202),
(1208, '270.00', 2, 202),
(1209, '240.00', 3, 202),
(1210, '345.00', 4, 202),
(1211, '345.00', 5, 202),
(1212, '150.00', 6, 202),
(1213, '260.00', 1, 203),
(1214, '234.00', 2, 203),
(1215, '208.00', 3, 203),
(1216, '299.00', 4, 203),
(1217, '299.00', 5, 203),
(1218, '130.00', 6, 203),
(1219, '260.00', 1, 204),
(1220, '234.00', 2, 204),
(1221, '208.00', 3, 204),
(1222, '299.00', 4, 204),
(1223, '299.00', 5, 204),
(1224, '130.00', 6, 204),
(1225, '260.00', 1, 205),
(1226, '234.00', 2, 205),
(1227, '208.00', 3, 205),
(1228, '299.00', 4, 205),
(1229, '299.00', 5, 205),
(1230, '130.00', 6, 205),
(1231, '260.00', 1, 206),
(1232, '234.00', 2, 206),
(1233, '208.00', 3, 206),
(1234, '299.00', 4, 206),
(1235, '299.00', 5, 206),
(1236, '130.00', 6, 206),
(1237, '280.00', 1, 207),
(1238, '252.00', 2, 207),
(1239, '224.00', 3, 207),
(1240, '322.00', 4, 207),
(1241, '322.00', 5, 207),
(1242, '140.00', 6, 207),
(1243, '260.00', 1, 208),
(1244, '234.00', 2, 208),
(1245, '208.00', 3, 208),
(1246, '299.00', 4, 208),
(1247, '299.00', 5, 208),
(1248, '130.00', 6, 208),
(1249, '280.00', 1, 209),
(1250, '252.00', 2, 209),
(1251, '224.00', 3, 209),
(1252, '322.00', 4, 209),
(1253, '322.00', 5, 209),
(1254, '140.00', 6, 209),
(1255, '280.00', 1, 210),
(1256, '252.00', 2, 210),
(1257, '224.00', 3, 210),
(1258, '322.00', 4, 210),
(1259, '322.00', 5, 210),
(1260, '140.00', 6, 210),
(1261, '290.00', 1, 211),
(1262, '261.00', 2, 211),
(1263, '232.00', 3, 211),
(1264, '334.00', 4, 211),
(1265, '334.00', 5, 211),
(1266, '145.00', 6, 211),
(1267, '290.00', 1, 212),
(1268, '261.00', 2, 212),
(1269, '232.00', 3, 212),
(1270, '334.00', 4, 212),
(1271, '334.00', 5, 212),
(1272, '145.00', 6, 212),
(1273, '150.00', 1, 213),
(1274, '135.00', 2, 213),
(1275, '120.00', 3, 213),
(1276, '173.00', 4, 213),
(1277, '173.00', 5, 213),
(1278, '75.00', 6, 213),
(1279, '150.00', 1, 214),
(1280, '135.00', 2, 214),
(1281, '120.00', 3, 214),
(1282, '173.00', 4, 214),
(1283, '173.00', 5, 214),
(1284, '75.00', 6, 214),
(1285, '150.00', 1, 215),
(1286, '135.00', 2, 215),
(1287, '120.00', 3, 215),
(1288, '173.00', 4, 215),
(1289, '173.00', 5, 215),
(1290, '75.00', 6, 215),
(1291, '290.00', 1, 216),
(1292, '261.00', 2, 216),
(1293, '232.00', 3, 216),
(1294, '334.00', 4, 216),
(1295, '334.00', 5, 216),
(1296, '145.00', 6, 216),
(1297, '290.00', 1, 217),
(1298, '261.00', 2, 217),
(1299, '232.00', 3, 217),
(1300, '334.00', 4, 217),
(1301, '334.00', 5, 217),
(1302, '100.00', 6, 217),
(1303, '290.00', 1, 218),
(1304, '261.00', 2, 218),
(1305, '232.00', 3, 218),
(1306, '334.00', 4, 218),
(1307, '334.00', 5, 218),
(1308, '100.00', 6, 218),
(1309, '290.00', 1, 219),
(1310, '261.00', 2, 219),
(1311, '232.00', 3, 219),
(1312, '334.00', 4, 219),
(1313, '334.00', 5, 219),
(1314, '100.00', 6, 219),
(1315, '340.00', 1, 220),
(1316, '306.00', 2, 220),
(1317, '272.00', 3, 220),
(1318, '391.00', 4, 220),
(1319, '391.00', 5, 220),
(1320, '180.00', 6, 220),
(1321, '380.00', 1, 221),
(1322, '342.00', 2, 221),
(1323, '304.00', 3, 221),
(1324, '437.00', 4, 221),
(1325, '437.00', 5, 221),
(1326, '190.00', 6, 221),
(1327, '380.00', 1, 222),
(1328, '342.00', 2, 222),
(1329, '304.00', 3, 222),
(1330, '437.00', 4, 222),
(1331, '437.00', 5, 222),
(1332, '200.00', 6, 222),
(1333, '380.00', 1, 223),
(1334, '342.00', 2, 223),
(1335, '304.00', 3, 223),
(1336, '437.00', 4, 223),
(1337, '437.00', 5, 223),
(1338, '200.00', 6, 223),
(1339, '380.00', 1, 224),
(1340, '342.00', 2, 224),
(1341, '304.00', 3, 224),
(1342, '437.00', 4, 224),
(1343, '437.00', 5, 224),
(1344, '200.00', 6, 224),
(1345, '300.00', 1, 225),
(1346, '270.00', 2, 225),
(1347, '240.00', 3, 225),
(1348, '345.00', 4, 225),
(1349, '345.00', 5, 225),
(1350, '150.00', 6, 225),
(1351, '150.00', 1, 226),
(1352, '135.00', 2, 226),
(1353, '120.00', 3, 226),
(1354, '173.00', 4, 226),
(1355, '173.00', 5, 226),
(1356, '75.00', 6, 226),
(1357, '150.00', 1, 227),
(1358, '135.00', 2, 227),
(1359, '120.00', 3, 227),
(1360, '173.00', 4, 227),
(1361, '173.00', 5, 227),
(1362, '75.00', 6, 227),
(1363, '150.00', 1, 228),
(1364, '135.00', 2, 228),
(1365, '120.00', 3, 228),
(1366, '173.00', 4, 228),
(1367, '173.00', 5, 228),
(1368, '75.00', 6, 228),
(1369, '390.00', 1, 229),
(1370, '351.00', 2, 229),
(1371, '312.00', 3, 229),
(1372, '448.00', 4, 229),
(1373, '448.00', 5, 229),
(1374, '195.00', 6, 229),
(1375, '390.00', 1, 230),
(1376, '351.00', 2, 230),
(1377, '312.00', 3, 230),
(1378, '448.00', 4, 230),
(1379, '448.00', 5, 230),
(1380, '195.00', 6, 230),
(1381, '390.00', 1, 231),
(1382, '351.00', 2, 231),
(1383, '312.00', 3, 231),
(1384, '448.00', 4, 231),
(1385, '448.00', 5, 231),
(1386, '195.00', 6, 231),
(1387, '390.00', 1, 232),
(1388, '351.00', 2, 232),
(1389, '312.00', 3, 232),
(1390, '448.00', 4, 232),
(1391, '448.00', 5, 232),
(1392, '195.00', 6, 232),
(1393, '310.00', 1, 233),
(1394, '279.00', 2, 233),
(1395, '248.00', 3, 233),
(1396, '356.00', 4, 233),
(1397, '356.00', 5, 233),
(1398, '155.00', 6, 233),
(1399, '310.00', 1, 234),
(1400, '279.00', 2, 234),
(1401, '248.00', 3, 234),
(1402, '356.00', 4, 234),
(1403, '356.00', 5, 234),
(1404, '155.00', 6, 234),
(1405, '310.00', 1, 235),
(1406, '279.00', 2, 235),
(1407, '248.00', 3, 235),
(1408, '356.00', 4, 235),
(1409, '356.00', 5, 235),
(1410, '155.00', 6, 235),
(1411, '310.00', 1, 236),
(1412, '279.00', 2, 236),
(1413, '248.00', 3, 236),
(1414, '356.00', 4, 236),
(1415, '356.00', 5, 236),
(1416, '155.00', 6, 236),
(1417, '310.00', 1, 237),
(1418, '279.00', 2, 237),
(1419, '248.00', 3, 237),
(1420, '356.00', 4, 237),
(1421, '356.00', 5, 237),
(1422, '155.00', 6, 237),
(1423, '310.00', 1, 238),
(1424, '279.00', 2, 238),
(1425, '248.00', 3, 238),
(1426, '356.00', 4, 238),
(1427, '356.00', 5, 238),
(1428, '155.00', 6, 238),
(1429, '310.00', 1, 239),
(1430, '279.00', 2, 239),
(1431, '248.00', 3, 239),
(1432, '356.00', 4, 239),
(1433, '356.00', 5, 239),
(1434, '155.00', 6, 239),
(1435, '310.00', 1, 240),
(1436, '279.00', 2, 240),
(1437, '248.00', 3, 240),
(1438, '356.00', 4, 240),
(1439, '356.00', 5, 240),
(1440, '155.00', 6, 240),
(1441, '300.00', 1, 241),
(1442, '270.00', 2, 241),
(1443, '240.00', 3, 241),
(1444, '345.00', 4, 241),
(1445, '345.00', 5, 241),
(1446, '150.00', 6, 241),
(1447, '400.00', 1, 242),
(1448, '360.00', 2, 242),
(1449, '320.00', 3, 242),
(1450, '460.00', 4, 242),
(1451, '460.00', 5, 242),
(1452, '200.00', 6, 242),
(1453, '400.00', 1, 243),
(1454, '360.00', 2, 243),
(1455, '320.00', 3, 243),
(1456, '460.00', 4, 243),
(1457, '460.00', 5, 243),
(1458, '200.00', 6, 243),
(1459, '500.00', 1, 244),
(1460, '450.00', 2, 244),
(1461, '400.00', 3, 244),
(1462, '575.00', 4, 244),
(1463, '575.00', 5, 244),
(1464, '250.00', 6, 244),
(1465, '260.00', 1, 245),
(1466, '234.00', 2, 245),
(1467, '208.00', 3, 245),
(1468, '299.00', 4, 245),
(1469, '299.00', 5, 245),
(1470, '130.00', 6, 245),
(1471, '280.00', 1, 246),
(1472, '252.00', 2, 246),
(1473, '224.00', 3, 246),
(1474, '322.00', 4, 246),
(1475, '322.00', 5, 246),
(1476, '140.00', 6, 246),
(1477, '280.00', 1, 247),
(1478, '252.00', 2, 247),
(1479, '224.00', 3, 247),
(1480, '322.00', 4, 247),
(1481, '322.00', 5, 247),
(1482, '140.00', 6, 247),
(1483, '280.00', 1, 248),
(1484, '252.00', 2, 248),
(1485, '224.00', 3, 248),
(1486, '322.00', 4, 248),
(1487, '322.00', 5, 248),
(1488, '140.00', 6, 248),
(1489, '280.00', 1, 249),
(1490, '252.00', 2, 249),
(1491, '224.00', 3, 249),
(1492, '322.00', 4, 249),
(1493, '322.00', 5, 249),
(1494, '140.00', 6, 249),
(1495, '280.00', 1, 250),
(1496, '252.00', 2, 250),
(1497, '224.00', 3, 250),
(1498, '322.00', 4, 250),
(1499, '322.00', 5, 250),
(1500, '140.00', 6, 250),
(1501, '280.00', 1, 251),
(1502, '252.00', 2, 251),
(1503, '224.00', 3, 251),
(1504, '322.00', 4, 251),
(1505, '322.00', 5, 251),
(1506, '140.00', 6, 251),
(1507, '250.00', 1, 252),
(1508, '225.00', 2, 252),
(1509, '200.00', 3, 252),
(1510, '287.00', 4, 252),
(1511, '287.00', 5, 252),
(1512, '125.00', 6, 252),
(1513, '250.00', 1, 253),
(1514, '225.00', 2, 253),
(1515, '200.00', 3, 253),
(1516, '287.00', 4, 253),
(1517, '287.00', 5, 253),
(1518, '125.00', 6, 253),
(1519, '250.00', 1, 254),
(1520, '225.00', 2, 254),
(1521, '200.00', 3, 254),
(1522, '287.00', 4, 254),
(1523, '287.00', 5, 254),
(1524, '125.00', 6, 254),
(1525, '250.00', 1, 255),
(1526, '225.00', 2, 255),
(1527, '200.00', 3, 255),
(1528, '287.00', 4, 255),
(1529, '287.00', 5, 255),
(1530, '125.00', 6, 255),
(1531, '250.00', 1, 256),
(1532, '225.00', 2, 256),
(1533, '200.00', 3, 256),
(1534, '287.00', 4, 256),
(1535, '287.00', 5, 256),
(1536, '125.00', 6, 256),
(1537, '298.00', 1, 257),
(1538, '268.00', 2, 257),
(1539, '238.00', 3, 257),
(1540, '342.00', 4, 257),
(1541, '342.00', 5, 257),
(1542, '150.00', 6, 257),
(1543, '200.00', 1, 258),
(1544, '180.00', 2, 258),
(1545, '160.00', 3, 258),
(1546, '230.00', 4, 258),
(1547, '230.00', 5, 258),
(1548, '100.00', 6, 258),
(1549, '420.00', 1, 259),
(1550, '378.00', 2, 259),
(1551, '336.00', 3, 259),
(1552, '483.00', 4, 259),
(1553, '483.00', 5, 259),
(1554, '210.00', 6, 259),
(1555, '290.00', 1, 260),
(1556, '261.00', 2, 260),
(1557, '232.00', 3, 260),
(1558, '333.00', 4, 260),
(1559, '333.00', 5, 260),
(1560, '145.00', 6, 260),
(1561, '250.00', 1, 261),
(1562, '225.00', 2, 261),
(1563, '200.00', 3, 261),
(1564, '287.00', 4, 261),
(1565, '287.00', 5, 261),
(1566, '125.00', 6, 261),
(1567, '420.00', 1, 262),
(1568, '378.00', 2, 262),
(1569, '336.00', 3, 262),
(1570, '483.00', 4, 262),
(1571, '483.00', 5, 262),
(1572, '210.00', 6, 262),
(1573, '190.00', 1, 263),
(1574, '171.00', 2, 263),
(1575, '152.00', 3, 263),
(1576, '218.00', 4, 263),
(1577, '218.00', 5, 263),
(1578, '95.00', 6, 263),
(1579, '240.00', 1, 264),
(1580, '216.00', 2, 264),
(1581, '192.00', 3, 264),
(1582, '276.00', 4, 264),
(1583, '276.00', 5, 264),
(1584, '120.00', 6, 264),
(1585, '485.00', 1, 265),
(1586, '436.00', 2, 265),
(1587, '388.00', 3, 265),
(1588, '557.00', 4, 265),
(1589, '557.00', 5, 265),
(1590, '242.00', 6, 265),
(1591, '450.00', 1, 266),
(1592, '405.00', 2, 266),
(1593, '360.00', 3, 266),
(1594, '517.00', 4, 266),
(1595, '517.00', 5, 266),
(1596, '240.00', 6, 266),
(1597, '450.00', 1, 267),
(1598, '405.00', 2, 267),
(1599, '360.00', 3, 267),
(1600, '517.00', 4, 267),
(1601, '517.00', 5, 267),
(1602, '240.00', 6, 267),
(1603, '298.00', 1, 268),
(1604, '268.00', 2, 268),
(1605, '238.00', 3, 268),
(1606, '342.00', 4, 268),
(1607, '342.00', 5, 268),
(1608, '170.00', 6, 268),
(1609, '298.00', 1, 269),
(1610, '268.00', 2, 269),
(1611, '238.00', 3, 269),
(1612, '342.00', 4, 269),
(1613, '342.00', 5, 269),
(1614, '170.00', 6, 269),
(1615, '190.00', 1, 270),
(1616, '171.00', 2, 270),
(1617, '152.00', 3, 270),
(1618, '218.00', 4, 270),
(1619, '218.00', 5, 270),
(1620, '95.00', 6, 270),
(1621, '190.00', 1, 271),
(1622, '171.00', 2, 271),
(1623, '152.00', 3, 271),
(1624, '218.00', 4, 271),
(1625, '218.00', 5, 271),
(1626, '95.00', 6, 271),
(1627, '240.00', 1, 272),
(1628, '216.00', 2, 272),
(1629, '192.00', 3, 272),
(1630, '276.00', 4, 272),
(1631, '276.00', 5, 272),
(1632, '120.00', 6, 272),
(1633, '240.00', 1, 273),
(1634, '216.00', 2, 273),
(1635, '192.00', 3, 273),
(1636, '276.00', 4, 273),
(1637, '276.00', 5, 273),
(1638, '120.00', 6, 273),
(1639, '450.00', 1, 274),
(1640, '405.00', 2, 274),
(1641, '360.00', 3, 274),
(1642, '517.00', 4, 274),
(1643, '517.00', 5, 274),
(1644, '240.00', 6, 274),
(1645, '450.00', 1, 275),
(1646, '405.00', 2, 275),
(1647, '360.00', 3, 275),
(1648, '517.00', 4, 275),
(1649, '517.00', 5, 275),
(1650, '240.00', 6, 275),
(1651, '420.00', 1, 276),
(1652, '378.00', 2, 276),
(1653, '336.00', 3, 276),
(1654, '483.00', 4, 276),
(1655, '483.00', 5, 276),
(1656, '210.00', 6, 276),
(1657, '380.00', 1, 277),
(1658, '342.00', 2, 277),
(1659, '304.00', 3, 277),
(1660, '437.00', 4, 277),
(1661, '437.00', 5, 277),
(1662, '190.00', 6, 277),
(1663, '500.00', 1, 278),
(1664, '450.00', 2, 278),
(1665, '400.00', 3, 278),
(1666, '575.00', 4, 278),
(1667, '575.00', 5, 278),
(1668, '250.00', 6, 278),
(1669, '500.00', 1, 279),
(1670, '450.00', 2, 279),
(1671, '400.00', 3, 279),
(1672, '575.00', 4, 279),
(1673, '575.00', 5, 279),
(1674, '250.00', 6, 279),
(1675, '330.00', 1, 280),
(1676, '297.00', 2, 280),
(1677, '264.00', 3, 280),
(1678, '379.00', 4, 280),
(1679, '379.00', 5, 280),
(1680, '170.00', 6, 280),
(1681, '330.00', 1, 281),
(1682, '297.00', 2, 281),
(1683, '264.00', 3, 281),
(1684, '379.00', 4, 281),
(1685, '379.00', 5, 281),
(1686, '170.00', 6, 281),
(1687, '330.00', 1, 282),
(1688, '297.00', 2, 282),
(1689, '264.00', 3, 282),
(1690, '379.00', 4, 282),
(1691, '379.00', 5, 282),
(1692, '170.00', 6, 282),
(1693, '330.00', 1, 283),
(1694, '297.00', 2, 283),
(1695, '264.00', 3, 283),
(1696, '379.00', 4, 283),
(1697, '379.00', 5, 283),
(1698, '170.00', 6, 283),
(1699, '330.00', 1, 284),
(1700, '297.00', 2, 284),
(1701, '264.00', 3, 284),
(1702, '379.00', 4, 284),
(1703, '379.00', 5, 284),
(1704, '170.00', 6, 284),
(1705, '230.00', 1, 285),
(1706, '207.00', 2, 285),
(1707, '184.00', 3, 285),
(1708, '264.00', 4, 285),
(1709, '264.00', 5, 285),
(1710, '115.00', 6, 285),
(1711, '198.00', 1, 286),
(1712, '178.00', 2, 286),
(1713, '158.00', 3, 286),
(1714, '227.00', 4, 286),
(1715, '227.00', 5, 286),
(1716, '110.00', 6, 286),
(1717, '198.00', 1, 287),
(1718, '178.00', 2, 287),
(1719, '158.00', 3, 287),
(1720, '227.00', 4, 287),
(1721, '227.00', 5, 287),
(1722, '110.00', 6, 287),
(1723, '198.00', 1, 288),
(1724, '178.00', 2, 288),
(1725, '158.00', 3, 288),
(1726, '227.00', 4, 288),
(1727, '227.00', 5, 288),
(1728, '110.00', 6, 288),
(1729, '190.00', 1, 289),
(1730, '171.00', 2, 289),
(1731, '152.00', 3, 289),
(1732, '218.00', 4, 289),
(1733, '218.00', 5, 289),
(1734, '80.00', 6, 289),
(1735, '190.00', 1, 290),
(1736, '171.00', 2, 290),
(1737, '152.00', 3, 290),
(1738, '218.00', 4, 290),
(1739, '218.00', 5, 290),
(1740, '80.00', 6, 290),
(1741, '190.00', 1, 291),
(1742, '171.00', 2, 291),
(1743, '152.00', 3, 291),
(1744, '218.00', 4, 291),
(1745, '218.00', 5, 291),
(1746, '80.00', 6, 291),
(1747, '440.00', 1, 292),
(1748, '396.00', 2, 292),
(1749, '352.00', 3, 292),
(1750, '506.00', 4, 292),
(1751, '506.00', 5, 292),
(1752, '200.00', 6, 292),
(1753, '190.00', 1, 293),
(1754, '171.00', 2, 293),
(1755, '152.00', 3, 293),
(1756, '218.00', 4, 293),
(1757, '218.00', 5, 293),
(1758, '95.00', 6, 293),
(1759, '190.00', 1, 294),
(1760, '171.00', 2, 294),
(1761, '152.00', 3, 294),
(1762, '218.00', 4, 294),
(1763, '218.00', 5, 294),
(1764, '95.00', 6, 294),
(1765, '260.00', 1, 295),
(1766, '234.00', 2, 295),
(1767, '208.00', 3, 295),
(1768, '299.00', 4, 295),
(1769, '299.00', 5, 295),
(1770, '130.00', 6, 295),
(1771, '298.00', 1, 296),
(1772, '268.00', 2, 296),
(1773, '238.00', 3, 296),
(1774, '342.00', 4, 296),
(1775, '342.00', 5, 296),
(1776, '150.00', 6, 296),
(1777, '298.00', 1, 297),
(1778, '268.00', 2, 297),
(1779, '238.00', 3, 297),
(1780, '342.00', 4, 297),
(1781, '342.00', 5, 297),
(1782, '150.00', 6, 297),
(1783, '290.00', 1, 298),
(1784, '261.00', 2, 298),
(1785, '232.00', 3, 298),
(1786, '334.00', 4, 298),
(1787, '334.00', 5, 298),
(1788, '145.00', 6, 298),
(1789, '290.00', 1, 299),
(1790, '261.00', 2, 299),
(1791, '232.00', 3, 299),
(1792, '334.00', 4, 299),
(1793, '334.00', 5, 299),
(1794, '145.00', 6, 299),
(1795, '290.00', 1, 300),
(1796, '261.00', 2, 300),
(1797, '232.00', 3, 300),
(1798, '334.00', 4, 300),
(1799, '334.00', 5, 300),
(1800, '145.00', 6, 300),
(1801, '320.00', 1, 301),
(1802, '288.00', 2, 301),
(1803, '256.00', 3, 301),
(1804, '368.00', 4, 301),
(1805, '368.00', 5, 301),
(1806, '160.00', 6, 301),
(1807, '298.00', 1, 302),
(1808, '268.00', 2, 302),
(1809, '238.00', 3, 302),
(1810, '342.00', 4, 302),
(1811, '342.00', 5, 302),
(1812, '150.00', 6, 302),
(1813, '190.00', 1, 303),
(1814, '171.00', 2, 303),
(1815, '152.00', 3, 303),
(1816, '218.00', 4, 303),
(1817, '218.00', 5, 303),
(1818, '95.00', 6, 303),
(1819, '210.00', 1, 304),
(1820, '189.00', 2, 304),
(1821, '168.00', 3, 304),
(1822, '241.00', 4, 304),
(1823, '241.00', 5, 304),
(1824, '105.00', 6, 304),
(1825, '190.00', 1, 305),
(1826, '171.00', 2, 305),
(1827, '152.00', 3, 305),
(1828, '218.00', 4, 305),
(1829, '218.00', 5, 305),
(1830, '95.00', 6, 305),
(1831, '190.00', 1, 306),
(1832, '171.00', 2, 306),
(1833, '152.00', 3, 306),
(1834, '218.00', 4, 306),
(1835, '218.00', 5, 306),
(1836, '95.00', 6, 306),
(1837, '300.00', 1, 307),
(1838, '270.00', 2, 307),
(1839, '240.00', 3, 307),
(1840, '345.00', 4, 307),
(1841, '345.00', 5, 307),
(1842, '150.00', 6, 307),
(1843, '300.00', 1, 308),
(1844, '270.00', 2, 308),
(1845, '240.00', 3, 308),
(1846, '345.00', 4, 308),
(1847, '345.00', 5, 308),
(1848, '150.00', 6, 308),
(1849, '280.00', 1, 309),
(1850, '252.00', 2, 309),
(1851, '224.00', 3, 309),
(1852, '322.00', 4, 309),
(1853, '322.00', 5, 309),
(1854, '140.00', 6, 309),
(1855, '390.00', 1, 310),
(1856, '351.00', 2, 310),
(1857, '312.00', 3, 310),
(1858, '448.00', 4, 310),
(1859, '448.00', 5, 310),
(1860, '195.00', 6, 310),
(1861, '340.00', 1, 311),
(1862, '306.00', 2, 311),
(1863, '272.00', 3, 311),
(1864, '391.00', 4, 311),
(1865, '391.00', 5, 311),
(1866, '170.00', 6, 311),
(1867, '340.00', 1, 312),
(1868, '306.00', 2, 312),
(1869, '272.00', 3, 312),
(1870, '391.00', 4, 312),
(1871, '391.00', 5, 312),
(1872, '170.00', 6, 312),
(1873, '260.00', 1, 313),
(1874, '234.00', 2, 313),
(1875, '208.00', 3, 313),
(1876, '299.00', 4, 313),
(1877, '299.00', 5, 313),
(1878, '130.00', 6, 313),
(1879, '260.00', 1, 314),
(1880, '234.00', 2, 314),
(1881, '208.00', 3, 314),
(1882, '299.00', 4, 314),
(1883, '299.00', 5, 314),
(1884, '130.00', 6, 314),
(1885, '310.00', 1, 315),
(1886, '279.00', 2, 315),
(1887, '248.00', 3, 315),
(1888, '356.00', 4, 315),
(1889, '356.00', 5, 315),
(1890, '155.00', 6, 315),
(1891, '820.00', 1, 316),
(1892, '738.00', 2, 316),
(1893, '656.00', 3, 316),
(1894, '943.00', 4, 316),
(1895, '943.00', 5, 316),
(1896, '410.00', 6, 316),
(1897, '820.00', 1, 317),
(1898, '738.00', 2, 317),
(1899, '656.00', 3, 317),
(1900, '943.00', 4, 317),
(1901, '943.00', 5, 317),
(1902, '410.00', 6, 317),
(1903, '420.00', 1, 318),
(1904, '378.00', 2, 318),
(1905, '336.00', 3, 318),
(1906, '483.00', 4, 318),
(1907, '483.00', 5, 318),
(1908, '210.00', 6, 318),
(1909, '450.00', 1, 319),
(1910, '405.00', 2, 319),
(1911, '360.00', 3, 319),
(1912, '517.00', 4, 319),
(1913, '517.00', 5, 319),
(1914, '225.00', 6, 319),
(1915, '420.00', 1, 320),
(1916, '378.00', 2, 320),
(1917, '336.00', 3, 320),
(1918, '483.00', 4, 320),
(1919, '483.00', 5, 320),
(1920, '210.00', 6, 320),
(1921, '298.00', 1, 321),
(1922, '268.00', 2, 321),
(1923, '238.00', 3, 321),
(1924, '342.00', 4, 321),
(1925, '342.00', 5, 321),
(1926, '149.00', 6, 321),
(1927, '298.00', 1, 322),
(1928, '268.00', 2, 322),
(1929, '238.00', 3, 322),
(1930, '342.00', 4, 322),
(1931, '342.00', 5, 322),
(1932, '149.00', 6, 322),
(1933, '450.00', 1, 323),
(1934, '405.00', 2, 323),
(1935, '360.00', 3, 323),
(1936, '517.00', 4, 323),
(1937, '517.00', 5, 323),
(1938, '225.00', 6, 323),
(1939, '400.00', 1, 324),
(1940, '360.00', 2, 324),
(1941, '320.00', 3, 324),
(1942, '460.00', 4, 324),
(1943, '460.00', 5, 324),
(1944, '200.00', 6, 324),
(1945, '380.00', 1, 325),
(1946, '342.00', 2, 325),
(1947, '304.00', 3, 325),
(1948, '437.00', 4, 325),
(1949, '437.00', 5, 325),
(1950, '190.00', 6, 325),
(1951, '420.00', 1, 326),
(1952, '342.00', 2, 326),
(1953, '304.00', 3, 326),
(1954, '437.00', 4, 326),
(1955, '437.00', 5, 326),
(1956, '190.00', 6, 326),
(1957, '120.00', 1, 327),
(1958, '108.00', 2, 327),
(1959, '96.00', 3, 327),
(1960, '138.00', 4, 327),
(1961, '138.00', 5, 327),
(1962, '60.00', 6, 327),
(1963, '120.00', 1, 328),
(1964, '108.00', 2, 328),
(1965, '96.00', 3, 328),
(1966, '138.00', 4, 328),
(1967, '138.00', 5, 328),
(1968, '60.00', 6, 328),
(1969, '160.00', 1, 329),
(1970, '144.00', 2, 329),
(1971, '128.00', 3, 329),
(1972, '184.00', 4, 329),
(1973, '184.00', 5, 329),
(1974, '80.00', 6, 329),
(1975, '690.00', 1, 330),
(1976, '621.00', 2, 330),
(1977, '552.00', 3, 330),
(1978, '793.00', 4, 330),
(1979, '793.00', 5, 330),
(1980, '345.00', 6, 330),
(1981, '690.00', 1, 331),
(1982, '621.00', 2, 331),
(1983, '552.00', 3, 331),
(1984, '793.00', 4, 331),
(1985, '793.00', 5, 331),
(1986, '345.00', 6, 331),
(1987, '120.00', 1, 332),
(1988, '108.00', 2, 332),
(1989, '96.00', 3, 332),
(1990, '138.00', 4, 332),
(1991, '138.00', 5, 332),
(1992, '60.00', 6, 332),
(1993, '120.00', 1, 333),
(1994, '108.00', 2, 333),
(1995, '96.00', 3, 333),
(1996, '138.00', 4, 333),
(1997, '138.00', 5, 333),
(1998, '60.00', 6, 333),
(1999, '315.00', 1, 334),
(2000, '283.00', 2, 334),
(2001, '252.00', 3, 334),
(2002, '362.00', 4, 334),
(2003, '362.00', 5, 334),
(2004, '157.00', 6, 334),
(2005, '315.00', 1, 335),
(2006, '283.00', 2, 335),
(2007, '252.00', 3, 335),
(2008, '362.00', 4, 335),
(2009, '362.00', 5, 335),
(2010, '157.00', 6, 335),
(2011, '330.00', 1, 336),
(2012, '297.00', 2, 336),
(2013, '264.00', 3, 336),
(2014, '379.00', 4, 336),
(2015, '379.00', 5, 336),
(2016, '165.00', 6, 336),
(2017, '330.00', 1, 337),
(2018, '297.00', 2, 337),
(2019, '264.00', 3, 337),
(2020, '379.00', 4, 337),
(2021, '379.00', 5, 337),
(2022, '165.00', 6, 337),
(2023, '330.00', 1, 338),
(2024, '297.00', 2, 338),
(2025, '264.00', 3, 338),
(2026, '379.00', 4, 338),
(2027, '379.00', 5, 338),
(2028, '165.00', 6, 338),
(2029, '315.00', 1, 339),
(2030, '283.00', 2, 339),
(2031, '252.00', 3, 339),
(2032, '362.00', 4, 339),
(2033, '362.00', 5, 339),
(2034, '157.00', 6, 339),
(2035, '298.00', 1, 340),
(2036, '268.00', 2, 340),
(2037, '238.00', 3, 340),
(2038, '342.00', 4, 340),
(2039, '342.00', 5, 340),
(2040, '149.00', 6, 340),
(2041, '298.00', 1, 341),
(2042, '268.00', 2, 341),
(2043, '238.00', 3, 341),
(2044, '342.00', 4, 341),
(2045, '342.00', 5, 341),
(2046, '149.00', 6, 341),
(2047, '298.00', 1, 342),
(2048, '268.00', 2, 342),
(2049, '238.00', 3, 342),
(2050, '342.00', 4, 342),
(2051, '342.00', 5, 342),
(2052, '149.00', 6, 342),
(2053, '450.00', 1, 343),
(2054, '405.00', 2, 343),
(2055, '360.00', 3, 343),
(2056, '517.00', 4, 343),
(2057, '517.00', 5, 343),
(2058, '130.00', 6, 343),
(2059, '280.00', 1, 344),
(2060, '252.00', 2, 344),
(2061, '224.00', 3, 344),
(2062, '322.00', 4, 344),
(2063, '322.00', 5, 344),
(2064, '140.00', 6, 344),
(2065, '750.00', 1, 345),
(2066, '675.00', 2, 345),
(2067, '600.00', 3, 345),
(2068, '862.00', 4, 345),
(2069, '862.00', 5, 345),
(2070, '510.00', 6, 345),
(2071, '750.00', 1, 346),
(2072, '675.00', 2, 346),
(2073, '600.00', 3, 346),
(2074, '862.00', 4, 346),
(2075, '862.00', 5, 346),
(2076, '510.00', 6, 346),
(2077, '750.00', 1, 347),
(2078, '675.00', 2, 347),
(2079, '600.00', 3, 347),
(2080, '862.00', 4, 347),
(2081, '862.00', 5, 347),
(2082, '510.00', 6, 347),
(2083, '750.00', 1, 348),
(2084, '675.00', 2, 348),
(2085, '600.00', 3, 348),
(2086, '862.00', 4, 348),
(2087, '862.00', 5, 348),
(2088, '510.00', 6, 348),
(2089, '750.00', 1, 349),
(2090, '675.00', 2, 349),
(2091, '600.00', 3, 349),
(2092, '862.00', 4, 349),
(2093, '862.00', 5, 349),
(2094, '510.00', 6, 349),
(2095, '750.00', 1, 350),
(2096, '675.00', 2, 350),
(2097, '600.00', 3, 350),
(2098, '862.00', 4, 350),
(2099, '862.00', 5, 350),
(2100, '510.00', 6, 350),
(2101, '750.00', 1, 351),
(2102, '675.00', 2, 351),
(2103, '600.00', 3, 351),
(2104, '862.00', 4, 351),
(2105, '862.00', 5, 351),
(2106, '510.00', 6, 351),
(2107, '750.00', 1, 352),
(2108, '675.00', 2, 352),
(2109, '600.00', 3, 352),
(2110, '862.00', 4, 352),
(2111, '862.00', 5, 352),
(2112, '510.00', 6, 352),
(2113, '750.00', 1, 353),
(2114, '675.00', 2, 353),
(2115, '600.00', 3, 353),
(2116, '862.00', 4, 353),
(2117, '862.00', 5, 353),
(2118, '510.00', 6, 353),
(2119, '750.00', 1, 354),
(2120, '675.00', 2, 354),
(2121, '600.00', 3, 354),
(2122, '862.00', 4, 354),
(2123, '862.00', 5, 354),
(2124, '510.00', 6, 354),
(2125, '350.00', 1, 355),
(2126, '315.00', 2, 355),
(2127, '280.00', 3, 355),
(2128, '402.00', 4, 355),
(2129, '402.00', 5, 355),
(2130, '175.00', 6, 355),
(2131, '350.00', 1, 356),
(2132, '315.00', 2, 356),
(2133, '280.00', 3, 356),
(2134, '402.00', 4, 356),
(2135, '402.00', 5, 356),
(2136, '175.00', 6, 356),
(2137, '500.00', 1, 357),
(2138, '450.00', 2, 357),
(2139, '400.00', 3, 357),
(2140, '575.00', 4, 357),
(2141, '575.00', 5, 357),
(2142, '280.00', 6, 357),
(2143, '500.00', 1, 358),
(2144, '450.00', 2, 358),
(2145, '400.00', 3, 358),
(2146, '575.00', 4, 358),
(2147, '575.00', 5, 358),
(2148, '280.00', 6, 358),
(2149, '730.00', 1, 359),
(2150, '657.00', 2, 359),
(2151, '600.00', 3, 359),
(2152, '839.00', 4, 359),
(2153, '839.00', 5, 359),
(2154, '490.00', 6, 359),
(2155, '730.00', 1, 360),
(2156, '657.00', 2, 360),
(2157, '600.00', 3, 360),
(2158, '839.00', 4, 360),
(2159, '839.00', 5, 360),
(2160, '490.00', 6, 360),
(2161, '730.00', 1, 361),
(2162, '657.00', 2, 361),
(2163, '600.00', 3, 361),
(2164, '839.00', 4, 361),
(2165, '839.00', 5, 361),
(2166, '490.00', 6, 361),
(2167, '370.00', 1, 362),
(2168, '333.00', 2, 362),
(2169, '296.00', 3, 362),
(2170, '425.00', 4, 362),
(2171, '425.00', 5, 362),
(2172, '190.00', 6, 362),
(2173, '398.00', 1, 363),
(2174, '358.00', 2, 363),
(2175, '318.00', 3, 363),
(2176, '457.00', 4, 363),
(2177, '457.00', 5, 363),
(2178, '230.00', 6, 363),
(2179, '594.00', 1, 364),
(2180, '534.00', 2, 364),
(2181, '475.00', 3, 364),
(2182, '683.00', 4, 364),
(2183, '683.00', 5, 364),
(2184, '440.00', 6, 364),
(2185, '220.00', 1, 365),
(2186, '198.00', 2, 365),
(2187, '176.00', 3, 365),
(2188, '253.00', 4, 365),
(2189, '253.00', 5, 365),
(2190, '100.00', 6, 365),
(2191, '220.00', 1, 366),
(2192, '198.00', 2, 366),
(2193, '176.00', 3, 366),
(2194, '253.00', 4, 366),
(2195, '253.00', 5, 366),
(2196, '100.00', 6, 366),
(2197, '260.00', 1, 367),
(2198, '234.00', 2, 367),
(2199, '208.00', 3, 367),
(2200, '299.00', 4, 367),
(2201, '299.00', 5, 367),
(2202, '100.00', 6, 367),
(2203, '298.00', 1, 368),
(2204, '268.00', 2, 368),
(2205, '238.00', 3, 368),
(2206, '342.00', 4, 368),
(2207, '342.00', 5, 368),
(2208, '150.00', 6, 368),
(2209, '298.00', 1, 369),
(2210, '268.00', 2, 369),
(2211, '238.00', 3, 369);
INSERT INTO `tipoventa_prenda` (`idTipoVenta_Prenda`, `valor`, `idTipoVenta`, `idPrenda`) VALUES
(2212, '342.00', 4, 369),
(2213, '342.00', 5, 369),
(2214, '150.00', 6, 369),
(2215, '250.00', 1, 370),
(2216, '225.00', 2, 370),
(2217, '200.00', 3, 370),
(2218, '287.00', 4, 370),
(2219, '287.00', 5, 370),
(2220, '130.00', 6, 370),
(2221, '280.00', 1, 371),
(2222, '252.00', 2, 371),
(2223, '224.00', 3, 371),
(2224, '322.00', 4, 371),
(2225, '322.00', 5, 371),
(2226, '140.00', 6, 371),
(2227, '280.00', 1, 372),
(2228, '252.00', 2, 372),
(2229, '224.00', 3, 372),
(2230, '322.00', 4, 372),
(2231, '322.00', 5, 372),
(2232, '140.00', 6, 372),
(2233, '280.00', 1, 373),
(2234, '252.00', 2, 373),
(2235, '224.00', 3, 373),
(2236, '322.00', 4, 373),
(2237, '322.00', 5, 373),
(2238, '140.00', 6, 373),
(2239, '280.00', 1, 374),
(2240, '252.00', 2, 374),
(2241, '224.00', 3, 374),
(2242, '322.00', 4, 374),
(2243, '322.00', 5, 374),
(2244, '140.00', 6, 374),
(2245, '740.00', 1, 375),
(2246, '666.00', 2, 375),
(2247, '592.00', 3, 375),
(2248, '850.00', 4, 375),
(2249, '850.00', 5, 375),
(2250, '480.00', 6, 375),
(2251, '740.00', 1, 376),
(2252, '666.00', 2, 376),
(2253, '592.00', 3, 376),
(2254, '850.00', 4, 376),
(2255, '850.00', 5, 376),
(2256, '480.00', 6, 376),
(2257, '700.00', 1, 377),
(2258, '630.00', 2, 377),
(2259, '580.00', 3, 377),
(2260, '805.00', 4, 377),
(2261, '805.00', 5, 377),
(2262, '500.00', 6, 377),
(2263, '700.00', 1, 378),
(2264, '630.00', 2, 378),
(2265, '580.00', 3, 378),
(2266, '805.00', 4, 378),
(2267, '805.00', 5, 378),
(2268, '500.00', 6, 378),
(2269, '298.00', 1, 379),
(2270, '268.00', 2, 379),
(2271, '238.00', 3, 379),
(2272, '342.00', 4, 379),
(2273, '342.00', 5, 379),
(2274, '165.00', 6, 379),
(2275, '298.00', 1, 380),
(2276, '268.00', 2, 380),
(2277, '238.00', 3, 380),
(2278, '342.00', 4, 380),
(2279, '342.00', 5, 380),
(2280, '170.00', 6, 380),
(2281, '298.00', 1, 381),
(2282, '268.00', 2, 381),
(2283, '238.00', 3, 381),
(2284, '342.00', 4, 381),
(2285, '342.00', 5, 381),
(2286, '170.00', 6, 381),
(2287, '298.00', 1, 382),
(2288, '268.00', 2, 382),
(2289, '238.00', 3, 382),
(2290, '342.00', 4, 382),
(2291, '342.00', 5, 382),
(2292, '170.00', 6, 382),
(2293, '270.00', 1, 383),
(2294, '243.00', 2, 383),
(2295, '216.00', 3, 383),
(2296, '310.00', 4, 383),
(2297, '310.00', 5, 383),
(2298, '140.00', 6, 383),
(2299, '270.00', 1, 384),
(2300, '243.00', 2, 384),
(2301, '216.00', 3, 384),
(2302, '310.00', 4, 384),
(2303, '310.00', 5, 384),
(2304, '140.00', 6, 384),
(2305, '260.00', 1, 385),
(2306, '234.00', 2, 385),
(2307, '208.00', 3, 385),
(2308, '299.00', 4, 385),
(2309, '299.00', 5, 385),
(2310, '130.00', 6, 385),
(2311, '498.00', 1, 386),
(2312, '448.00', 2, 386),
(2313, '398.00', 3, 386),
(2314, '572.00', 4, 386),
(2315, '572.00', 5, 386),
(2316, '300.00', 6, 386),
(2317, '420.00', 1, 387),
(2318, '378.00', 2, 387),
(2319, '336.00', 3, 387),
(2320, '483.00', 4, 387),
(2321, '483.00', 5, 387),
(2322, '210.00', 6, 387),
(2323, '578.00', 1, 388),
(2324, '520.00', 2, 388),
(2325, '462.00', 3, 388),
(2326, '664.00', 4, 388),
(2327, '664.00', 5, 388),
(2328, '380.00', 6, 388),
(2329, '510.00', 1, 389),
(2330, '459.00', 2, 389),
(2331, '408.00', 3, 389),
(2332, '586.00', 4, 389),
(2333, '586.00', 5, 389),
(2334, '300.00', 6, 389),
(2335, '498.00', 1, 390),
(2336, '448.00', 2, 390),
(2337, '398.00', 3, 390),
(2338, '572.00', 4, 390),
(2339, '572.00', 5, 390),
(2340, '280.00', 6, 390),
(2341, '498.00', 1, 391),
(2342, '448.00', 2, 391),
(2343, '398.00', 3, 391),
(2344, '572.00', 4, 391),
(2345, '572.00', 5, 391),
(2346, '280.00', 6, 391),
(2347, '578.00', 1, 392),
(2348, '520.00', 2, 392),
(2349, '462.00', 3, 392),
(2350, '664.00', 4, 392),
(2351, '664.00', 5, 392),
(2352, '290.00', 6, 392),
(2353, '578.00', 1, 393),
(2354, '520.00', 2, 393),
(2355, '462.00', 3, 393),
(2356, '664.00', 4, 393),
(2357, '664.00', 5, 393),
(2358, '290.00', 6, 393),
(2359, '578.00', 1, 394),
(2360, '520.00', 2, 394),
(2361, '462.00', 3, 394),
(2362, '664.00', 4, 394),
(2363, '664.00', 5, 394),
(2364, '290.00', 6, 394),
(2365, '420.00', 1, 395),
(2366, '378.00', 2, 395),
(2367, '336.00', 3, 395),
(2368, '483.00', 4, 395),
(2369, '483.00', 5, 395),
(2370, '250.00', 6, 395),
(2371, '420.00', 1, 396),
(2372, '378.00', 2, 396),
(2373, '336.00', 3, 396),
(2374, '483.00', 4, 396),
(2375, '483.00', 5, 396),
(2376, '250.00', 6, 396),
(2377, '700.00', 1, 397),
(2378, '630.00', 2, 397),
(2379, '550.00', 3, 397),
(2380, '805.00', 4, 397),
(2381, '805.00', 5, 397),
(2382, '490.00', 6, 397),
(2383, '420.00', 1, 398),
(2384, '378.00', 2, 398),
(2385, '336.00', 3, 398),
(2386, '483.00', 4, 398),
(2387, '483.00', 5, 398),
(2388, '210.00', 6, 398),
(2389, '280.00', 1, 399),
(2390, '252.00', 2, 399),
(2391, '224.00', 3, 399),
(2392, '322.00', 4, 399),
(2393, '322.00', 5, 399),
(2394, '140.00', 6, 399),
(2395, '498.00', 1, 400),
(2396, '448.00', 2, 400),
(2397, '398.00', 3, 400),
(2398, '572.00', 4, 400),
(2399, '572.00', 5, 400),
(2400, '249.00', 6, 400),
(2401, '240.00', 1, 401),
(2402, '216.00', 2, 401),
(2403, '192.00', 3, 401),
(2404, '276.00', 4, 401),
(2405, '276.00', 5, 401),
(2406, '120.00', 6, 401),
(2407, '280.00', 1, 402),
(2408, '252.00', 2, 402),
(2409, '224.00', 3, 402),
(2410, '322.00', 4, 402),
(2411, '322.00', 5, 402),
(2412, '140.00', 6, 402),
(2413, '550.00', 1, 403),
(2414, '495.00', 2, 403),
(2415, '440.00', 3, 403),
(2416, '632.00', 4, 403),
(2417, '632.00', 5, 403),
(2418, '275.00', 6, 403),
(2419, '770.00', 1, 404),
(2420, '693.00', 2, 404),
(2421, '616.00', 3, 404),
(2422, '885.00', 4, 404),
(2423, '885.00', 5, 404),
(2424, '600.00', 6, 404),
(2425, '220.00', 1, 405),
(2426, '198.00', 2, 405),
(2427, '176.00', 3, 405),
(2428, '253.00', 4, 405),
(2429, '253.00', 5, 405),
(2430, '110.00', 6, 405),
(2431, '410.00', 1, 406),
(2432, '369.00', 2, 406),
(2433, '328.00', 3, 406),
(2434, '471.00', 4, 406),
(2435, '471.00', 5, 406),
(2436, '205.00', 6, 406),
(2437, '410.00', 1, 407),
(2438, '369.00', 2, 407),
(2439, '328.00', 3, 407),
(2440, '471.00', 4, 407),
(2441, '471.00', 5, 407),
(2442, '205.00', 6, 407),
(2443, '298.00', 1, 408),
(2444, '268.00', 2, 408),
(2445, '238.00', 3, 408),
(2446, '342.00', 4, 408),
(2447, '342.00', 5, 408),
(2448, '149.00', 6, 408),
(2449, '410.00', 1, 409),
(2450, '369.00', 2, 409),
(2451, '328.00', 3, 409),
(2452, '471.00', 4, 409),
(2453, '471.00', 5, 409),
(2454, '205.00', 6, 409),
(2455, '410.00', 1, 410),
(2456, '369.00', 2, 410),
(2457, '328.00', 3, 410),
(2458, '471.00', 4, 410),
(2459, '471.00', 5, 410),
(2460, '205.00', 6, 410),
(2461, '438.00', 1, 411),
(2462, '394.00', 2, 411),
(2463, '350.00', 3, 411),
(2464, '503.00', 4, 411),
(2465, '503.00', 5, 411),
(2466, '280.00', 6, 411),
(2467, '438.00', 1, 412),
(2468, '394.00', 2, 412),
(2469, '350.00', 3, 412),
(2470, '503.00', 4, 412),
(2471, '503.00', 5, 412),
(2472, '280.00', 6, 412),
(2473, '438.00', 1, 413),
(2474, '394.00', 2, 413),
(2475, '350.00', 3, 413),
(2476, '503.00', 4, 413),
(2477, '503.00', 5, 413),
(2478, '280.00', 6, 413),
(2479, '280.00', 1, 414),
(2480, '252.00', 2, 414),
(2481, '224.00', 3, 414),
(2482, '322.00', 4, 414),
(2483, '322.00', 5, 414),
(2484, '140.00', 6, 414),
(2485, '280.00', 1, 415),
(2486, '252.00', 2, 415),
(2487, '224.00', 3, 415),
(2488, '322.00', 4, 415),
(2489, '322.00', 5, 415),
(2490, '140.00', 6, 415),
(2491, '250.00', 1, 416),
(2492, '225.00', 2, 416),
(2493, '200.00', 3, 416),
(2494, '287.00', 4, 416),
(2495, '287.00', 5, 416),
(2496, '125.00', 6, 416),
(2497, '529.00', 1, 417),
(2498, '476.00', 2, 417),
(2499, '423.00', 3, 417),
(2500, '608.00', 4, 417),
(2501, '608.00', 5, 417),
(2502, '264.00', 6, 417),
(2503, '498.00', 1, 418),
(2504, '448.00', 2, 418),
(2505, '398.00', 3, 418),
(2506, '572.00', 4, 418),
(2507, '572.00', 5, 418),
(2508, '249.00', 6, 418),
(2509, '498.00', 1, 419),
(2510, '448.00', 2, 419),
(2511, '398.00', 3, 419),
(2512, '572.00', 4, 419),
(2513, '572.00', 5, 419),
(2514, '249.00', 6, 419),
(2515, '498.00', 1, 420),
(2516, '448.00', 2, 420),
(2517, '398.00', 3, 420),
(2518, '572.00', 4, 420),
(2519, '572.00', 5, 420),
(2520, '249.00', 6, 420),
(2521, '498.00', 1, 421),
(2522, '448.00', 2, 421),
(2523, '398.00', 3, 421),
(2524, '572.00', 4, 421),
(2525, '572.00', 5, 421),
(2526, '249.00', 6, 421),
(2527, '498.00', 1, 422),
(2528, '448.00', 2, 422),
(2529, '398.00', 3, 422),
(2530, '572.00', 4, 422),
(2531, '572.00', 5, 422),
(2532, '249.00', 6, 422),
(2533, '498.00', 1, 423),
(2534, '448.00', 2, 423),
(2535, '398.00', 3, 423),
(2536, '572.00', 4, 423),
(2537, '572.00', 5, 423),
(2538, '249.00', 6, 423),
(2539, '598.00', 1, 424),
(2540, '538.00', 2, 424),
(2541, '478.00', 3, 424),
(2542, '687.00', 4, 424),
(2543, '687.00', 5, 424),
(2544, '299.00', 6, 424),
(2545, '548.00', 1, 425),
(2546, '493.00', 2, 425),
(2547, '438.00', 3, 425),
(2548, '630.00', 4, 425),
(2549, '630.00', 5, 425),
(2550, '274.00', 6, 425),
(2551, '548.00', 1, 426),
(2552, '493.00', 2, 426),
(2553, '438.00', 3, 426),
(2554, '630.00', 4, 426),
(2555, '630.00', 5, 426),
(2556, '274.00', 6, 426),
(2557, '548.00', 1, 427),
(2558, '493.00', 2, 427),
(2559, '438.00', 3, 427),
(2560, '630.00', 4, 427),
(2561, '630.00', 5, 427),
(2562, '274.00', 6, 427),
(2563, '450.00', 1, 428),
(2564, '405.00', 2, 428),
(2565, '360.00', 3, 428),
(2566, '517.00', 4, 428),
(2567, '517.00', 5, 428),
(2568, '225.00', 6, 428),
(2569, '250.00', 1, 429),
(2570, '225.00', 2, 429),
(2571, '200.00', 3, 429),
(2572, '287.00', 4, 429),
(2573, '287.00', 5, 429),
(2574, '125.00', 6, 429),
(2575, '380.00', 1, 430),
(2576, '342.00', 2, 430),
(2577, '304.00', 3, 430),
(2578, '437.00', 4, 430),
(2579, '437.00', 5, 430),
(2580, '190.00', 6, 430),
(2581, '280.00', 1, 431),
(2582, '252.00', 2, 431),
(2583, '224.00', 3, 431),
(2584, '322.00', 4, 431),
(2585, '322.00', 5, 431),
(2586, '140.00', 6, 431),
(2587, '518.00', 1, 432),
(2588, '466.00', 2, 432),
(2589, '414.00', 3, 432),
(2590, '595.00', 4, 432),
(2591, '595.00', 5, 432),
(2592, '259.00', 6, 432),
(2593, '450.00', 1, 433),
(2594, '405.00', 2, 433),
(2595, '360.00', 3, 433),
(2596, '517.00', 4, 433),
(2597, '517.00', 5, 433),
(2598, '225.00', 6, 433),
(2599, '298.00', 1, 434),
(2600, '268.00', 2, 434),
(2601, '238.00', 3, 434),
(2602, '342.00', 4, 434),
(2603, '342.00', 5, 434),
(2604, '160.00', 6, 434),
(2605, '420.00', 1, 435),
(2606, '378.00', 2, 435),
(2607, '336.00', 3, 435),
(2608, '483.00', 4, 435),
(2609, '483.00', 5, 435),
(2610, '250.00', 6, 435),
(2611, '200.00', 1, 436),
(2612, '180.00', 2, 436),
(2613, '160.00', 3, 436),
(2614, '230.00', 4, 436),
(2615, '230.00', 5, 436),
(2616, '100.00', 6, 436),
(2617, '280.00', 1, 437),
(2618, '252.00', 2, 437),
(2619, '224.00', 3, 437),
(2620, '322.00', 4, 437),
(2621, '322.00', 5, 437),
(2622, '140.00', 6, 437),
(2623, '300.00', 1, 438),
(2624, '270.00', 2, 438),
(2625, '240.00', 3, 438),
(2626, '345.00', 4, 438),
(2627, '345.00', 5, 438),
(2628, '150.00', 6, 438),
(2629, '310.00', 1, 439),
(2630, '279.00', 2, 439),
(2631, '248.00', 3, 439),
(2632, '356.00', 4, 439),
(2633, '356.00', 5, 439),
(2634, '155.00', 6, 439),
(2635, '340.00', 1, 440),
(2636, '306.00', 2, 440),
(2637, '272.00', 3, 440),
(2638, '391.00', 4, 440),
(2639, '391.00', 5, 440),
(2640, '170.00', 6, 440),
(2641, '340.00', 1, 441),
(2642, '306.00', 2, 441),
(2643, '272.00', 3, 441),
(2644, '391.00', 4, 441),
(2645, '391.00', 5, 441),
(2646, '170.00', 6, 441),
(2647, '340.00', 1, 442),
(2648, '306.00', 2, 442),
(2649, '272.00', 3, 442),
(2650, '391.00', 4, 442),
(2651, '391.00', 5, 442),
(2652, '170.00', 6, 442),
(2653, '740.00', 1, 443),
(2654, '666.00', 2, 443),
(2655, '592.00', 3, 443),
(2656, '851.00', 4, 443),
(2657, '851.00', 5, 443),
(2658, '490.00', 6, 443),
(2659, '560.00', 1, 444),
(2660, '504.00', 2, 444),
(2661, '448.00', 3, 444),
(2662, '644.00', 4, 444),
(2663, '644.00', 5, 444),
(2664, '300.00', 6, 444),
(2665, '570.00', 1, 445),
(2666, '513.00', 2, 445),
(2667, '456.00', 3, 445),
(2668, '655.00', 4, 445),
(2669, '655.00', 5, 445),
(2670, '300.00', 6, 445),
(2671, '570.00', 1, 446),
(2672, '513.00', 2, 446),
(2673, '456.00', 3, 446),
(2674, '655.00', 4, 446),
(2675, '655.00', 5, 446),
(2676, '300.00', 6, 446),
(2677, '530.00', 1, 447),
(2678, '477.00', 2, 447),
(2679, '424.00', 3, 447),
(2680, '609.00', 4, 447),
(2681, '609.00', 5, 447),
(2682, '290.00', 6, 447),
(2683, '518.00', 1, 448),
(2684, '466.00', 2, 448),
(2685, '414.00', 3, 448),
(2686, '595.00', 4, 448),
(2687, '595.00', 5, 448),
(2688, '259.00', 6, 448),
(2689, '438.00', 1, 449),
(2690, '394.00', 2, 449),
(2691, '350.00', 3, 449),
(2692, '503.00', 4, 449),
(2693, '503.00', 5, 449),
(2694, '280.00', 6, 449),
(2695, '398.00', 1, 450),
(2696, '358.00', 2, 450),
(2697, '318.00', 3, 450),
(2698, '457.00', 4, 450),
(2699, '457.00', 5, 450),
(2700, '230.00', 6, 450),
(2701, '380.00', 1, 451),
(2702, '342.00', 2, 451),
(2703, '304.00', 3, 451),
(2704, '437.00', 4, 451),
(2705, '437.00', 5, 451),
(2706, '190.00', 6, 451),
(2707, '380.00', 1, 452),
(2708, '342.00', 2, 452),
(2709, '304.00', 3, 452),
(2710, '437.00', 4, 452),
(2711, '437.00', 5, 452),
(2712, '190.00', 6, 452),
(2713, '518.00', 1, 453),
(2714, '466.00', 2, 453),
(2715, '414.00', 3, 453),
(2716, '595.00', 4, 453),
(2717, '595.00', 5, 453),
(2718, '259.00', 6, 453),
(2719, '570.00', 1, 454),
(2720, '513.00', 2, 454),
(2721, '456.00', 3, 454),
(2722, '655.00', 4, 454),
(2723, '655.00', 5, 454),
(2724, '300.00', 6, 454),
(2725, '530.00', 1, 455),
(2726, '477.00', 2, 455),
(2727, '424.00', 3, 455),
(2728, '609.00', 4, 455),
(2729, '609.00', 5, 455),
(2730, '290.00', 6, 455),
(2731, '558.00', 1, 456),
(2732, '502.00', 2, 456),
(2733, '446.00', 3, 456),
(2734, '641.00', 4, 456),
(2735, '641.00', 5, 456),
(2736, '279.00', 6, 456),
(2737, '792.00', 1, 457),
(2738, '712.00', 2, 457),
(2739, '633.00', 3, 457),
(2740, '910.00', 4, 457),
(2741, '910.00', 5, 457),
(2742, '435.00', 6, 457),
(2743, '792.00', 1, 458),
(2744, '712.00', 2, 458),
(2745, '633.00', 3, 458),
(2746, '910.00', 4, 458),
(2747, '910.00', 5, 458),
(2748, '435.00', 6, 458),
(2749, '660.00', 1, 459),
(2750, '594.00', 2, 459),
(2751, '528.00', 3, 459),
(2752, '759.00', 4, 459),
(2753, '759.00', 5, 459),
(2754, '400.00', 6, 459),
(2755, '660.00', 1, 460),
(2756, '594.00', 2, 460),
(2757, '528.00', 3, 460),
(2758, '759.00', 4, 460),
(2759, '759.00', 5, 460),
(2760, '400.00', 6, 460),
(2761, '520.00', 1, 461),
(2762, '468.00', 2, 461),
(2763, '416.00', 3, 461),
(2764, '598.00', 4, 461),
(2765, '598.00', 5, 461),
(2766, '270.00', 6, 461),
(2767, '520.00', 1, 462),
(2768, '468.00', 2, 462),
(2769, '416.00', 3, 462),
(2770, '598.00', 4, 462),
(2771, '598.00', 5, 462),
(2772, '270.00', 6, 462),
(2773, '460.00', 1, 463),
(2774, '414.00', 2, 463),
(2775, '368.00', 3, 463),
(2776, '529.00', 4, 463),
(2777, '529.00', 5, 463),
(2778, '230.00', 6, 463),
(2779, '460.00', 1, 464),
(2780, '414.00', 2, 464),
(2781, '368.00', 3, 464),
(2782, '529.00', 4, 464),
(2783, '529.00', 5, 464),
(2784, '230.00', 6, 464),
(2785, '460.00', 1, 465),
(2786, '414.00', 2, 465),
(2787, '368.00', 3, 465),
(2788, '529.00', 4, 465),
(2789, '529.00', 5, 465),
(2790, '230.00', 6, 465),
(2791, '540.00', 1, 466),
(2792, '486.00', 2, 466),
(2793, '432.00', 3, 466),
(2794, '621.00', 4, 466),
(2795, '621.00', 5, 466),
(2796, '270.00', 6, 466),
(2797, '540.00', 1, 467),
(2798, '486.00', 2, 467),
(2799, '432.00', 3, 467),
(2800, '621.00', 4, 467),
(2801, '621.00', 5, 467),
(2802, '270.00', 6, 467),
(2803, '600.00', 1, 468),
(2804, '540.00', 2, 468),
(2805, '480.00', 3, 468),
(2806, '690.00', 4, 468),
(2807, '690.00', 5, 468),
(2808, '350.00', 6, 468),
(2809, '600.00', 1, 469),
(2810, '540.00', 2, 469),
(2811, '480.00', 3, 469),
(2812, '690.00', 4, 469),
(2813, '690.00', 5, 469),
(2814, '350.00', 6, 469),
(2815, '538.00', 1, 470),
(2816, '484.00', 2, 470),
(2817, '430.00', 3, 470),
(2818, '618.00', 4, 470),
(2819, '618.00', 5, 470),
(2820, '269.00', 6, 470),
(2821, '280.00', 1, 471),
(2822, '252.00', 2, 471),
(2823, '224.00', 3, 471),
(2824, '322.00', 4, 471),
(2825, '322.00', 5, 471),
(2826, '140.00', 6, 471),
(2827, '280.00', 1, 472),
(2828, '252.00', 2, 472),
(2829, '224.00', 3, 472),
(2830, '322.00', 4, 472),
(2831, '322.00', 5, 472),
(2832, '140.00', 6, 472),
(2833, '320.00', 1, 473),
(2834, '288.00', 2, 473),
(2835, '256.00', 3, 473),
(2836, '368.00', 4, 473),
(2837, '368.00', 5, 473),
(2838, '160.00', 6, 473),
(2839, '220.00', 1, 474),
(2840, '198.00', 2, 474),
(2841, '176.00', 3, 474),
(2842, '253.00', 4, 474),
(2843, '253.00', 5, 474),
(2844, '110.00', 6, 474),
(2845, '340.00', 1, 475),
(2846, '306.00', 2, 475),
(2847, '272.00', 3, 475),
(2848, '391.00', 4, 475),
(2849, '391.00', 5, 475),
(2850, '170.00', 6, 475),
(2851, '290.00', 1, 476),
(2852, '261.00', 2, 476),
(2853, '232.00', 3, 476),
(2854, '333.00', 4, 476),
(2855, '333.00', 5, 476),
(2856, '145.00', 6, 476),
(2857, '398.00', 1, 477),
(2858, '358.00', 2, 477),
(2859, '318.00', 3, 477),
(2860, '457.00', 4, 477),
(2861, '457.00', 5, 477),
(2862, '199.00', 6, 477),
(2863, '250.00', 1, 478),
(2864, '225.00', 2, 478),
(2865, '200.00', 3, 478),
(2866, '287.00', 4, 478),
(2867, '287.00', 5, 478),
(2868, '125.00', 6, 478),
(2869, '560.00', 1, 479),
(2870, '504.00', 2, 479),
(2871, '448.00', 3, 479),
(2872, '644.00', 4, 479),
(2873, '644.00', 5, 479),
(2874, '300.00', 6, 479),
(2875, '498.00', 1, 480),
(2876, '448.00', 2, 480),
(2877, '398.00', 3, 480),
(2878, '572.00', 4, 480),
(2879, '572.00', 5, 480),
(2880, '249.00', 6, 480),
(2881, '518.00', 1, 481),
(2882, '466.00', 2, 481),
(2883, '414.00', 3, 481),
(2884, '595.00', 4, 481),
(2885, '595.00', 5, 481),
(2886, '259.00', 6, 481),
(2887, '498.00', 1, 482),
(2888, '448.00', 2, 482),
(2889, '398.00', 3, 482),
(2890, '572.00', 4, 482),
(2891, '572.00', 5, 482),
(2892, '249.00', 6, 482),
(2893, '329.00', 1, 483),
(2894, '296.00', 2, 483),
(2895, '263.00', 3, 483),
(2896, '378.00', 4, 483),
(2897, '378.00', 5, 483),
(2898, '164.00', 6, 483),
(2899, '560.00', 1, 484),
(2900, '504.00', 2, 484),
(2901, '448.00', 3, 484),
(2902, '644.00', 4, 484),
(2903, '644.00', 5, 484),
(2904, '300.00', 6, 484),
(2905, '410.00', 1, 485),
(2906, '369.00', 2, 485),
(2907, '328.00', 3, 485),
(2908, '471.00', 4, 485),
(2909, '471.00', 5, 485),
(2910, '205.00', 6, 485),
(2911, '270.00', 1, 486),
(2912, '243.00', 2, 486),
(2913, '216.00', 3, 486),
(2914, '310.00', 4, 486),
(2915, '310.00', 5, 486),
(2916, '135.00', 6, 486),
(2917, '298.00', 1, 487),
(2918, '268.00', 2, 487),
(2919, '238.00', 3, 487),
(2920, '342.00', 4, 487),
(2921, '342.00', 5, 487),
(2922, '160.00', 6, 487),
(2923, '518.00', 1, 488),
(2924, '466.00', 2, 488),
(2925, '414.00', 3, 488),
(2926, '595.00', 4, 488),
(2927, '595.00', 5, 488),
(2928, '259.00', 6, 488),
(2929, '250.00', 1, 489),
(2930, '225.00', 2, 489),
(2931, '200.00', 3, 489),
(2932, '287.00', 4, 489),
(2933, '287.00', 5, 489),
(2934, '125.00', 6, 489),
(2935, '460.00', 1, 490),
(2936, '414.00', 2, 490),
(2937, '368.00', 3, 490),
(2938, '529.00', 4, 490),
(2939, '529.00', 5, 490),
(2940, '230.00', 6, 490),
(2941, '460.00', 1, 491),
(2942, '414.00', 2, 491),
(2943, '368.00', 3, 491),
(2944, '529.00', 4, 491),
(2945, '529.00', 5, 491),
(2946, '230.00', 6, 491),
(2947, '460.00', 1, 492),
(2948, '414.00', 2, 492),
(2949, '368.00', 3, 492),
(2950, '529.00', 4, 492),
(2951, '529.00', 5, 492),
(2952, '230.00', 6, 492),
(2953, '460.00', 1, 493),
(2954, '414.00', 2, 493),
(2955, '368.00', 3, 493),
(2956, '529.00', 4, 493),
(2957, '529.00', 5, 493),
(2958, '230.00', 6, 493),
(2959, '460.00', 1, 494),
(2960, '414.00', 2, 494),
(2961, '368.00', 3, 494),
(2962, '529.00', 4, 494),
(2963, '529.00', 5, 494),
(2964, '230.00', 6, 494),
(2965, '495.00', 1, 495),
(2966, '445.00', 2, 495),
(2967, '396.00', 3, 495),
(2968, '569.00', 4, 495),
(2969, '569.00', 5, 495),
(2970, '280.00', 6, 495),
(2971, '495.00', 1, 496),
(2972, '445.00', 2, 496),
(2973, '396.00', 3, 496),
(2974, '569.00', 4, 496),
(2975, '569.00', 5, 496),
(2976, '280.00', 6, 496),
(2977, '460.00', 1, 497),
(2978, '414.00', 2, 497),
(2979, '368.00', 3, 497),
(2980, '529.00', 4, 497),
(2981, '529.00', 5, 497),
(2982, '230.00', 6, 497),
(2983, '460.00', 1, 498),
(2984, '414.00', 2, 498),
(2985, '368.00', 3, 498),
(2986, '529.00', 4, 498),
(2987, '529.00', 5, 498),
(2988, '230.00', 6, 498),
(2989, '460.00', 1, 499),
(2990, '414.00', 2, 499),
(2991, '368.00', 3, 499),
(2992, '529.00', 4, 499),
(2993, '529.00', 5, 499),
(2994, '230.00', 6, 499),
(2995, '460.00', 1, 500),
(2996, '414.00', 2, 500),
(2997, '368.00', 3, 500),
(2998, '529.00', 4, 500),
(2999, '529.00', 5, 500),
(3000, '230.00', 6, 500),
(3001, '460.00', 1, 501),
(3002, '414.00', 2, 501),
(3003, '368.00', 3, 501),
(3004, '529.00', 4, 501),
(3005, '529.00', 5, 501),
(3006, '230.00', 6, 501),
(3007, '621.00', 1, 502),
(3008, '558.00', 2, 502),
(3009, '496.00', 3, 502),
(3010, '714.00', 4, 502),
(3011, '714.00', 5, 502),
(3012, '350.00', 6, 502),
(3013, '621.00', 1, 503),
(3014, '558.00', 2, 503),
(3015, '496.00', 3, 503),
(3016, '714.00', 4, 503),
(3017, '714.00', 5, 503),
(3018, '350.00', 6, 503),
(3019, '621.00', 1, 504),
(3020, '558.00', 2, 504),
(3021, '496.00', 3, 504),
(3022, '714.00', 4, 504),
(3023, '714.00', 5, 504),
(3024, '350.00', 6, 504),
(3025, '621.00', 1, 505),
(3026, '558.00', 2, 505),
(3027, '496.00', 3, 505),
(3028, '714.00', 4, 505),
(3029, '714.00', 5, 505),
(3030, '350.00', 6, 505),
(3031, '621.00', 1, 506),
(3032, '558.00', 2, 506),
(3033, '496.00', 3, 506),
(3034, '714.00', 4, 506),
(3035, '714.00', 5, 506),
(3036, '350.00', 6, 506),
(3037, '621.00', 1, 507),
(3038, '558.00', 2, 507),
(3039, '496.00', 3, 507),
(3040, '714.00', 4, 507),
(3041, '714.00', 5, 507),
(3042, '350.00', 6, 507),
(3043, '522.00', 1, 508),
(3044, '469.00', 2, 508),
(3045, '417.00', 3, 508),
(3046, '600.00', 4, 508),
(3047, '600.00', 5, 508),
(3048, '295.00', 6, 508),
(3049, '522.00', 1, 509),
(3050, '469.00', 2, 509),
(3051, '417.00', 3, 509),
(3052, '600.00', 4, 509),
(3053, '600.00', 5, 509),
(3054, '295.00', 6, 509),
(3055, '522.00', 1, 510),
(3056, '469.00', 2, 510),
(3057, '417.00', 3, 510),
(3058, '600.00', 4, 510),
(3059, '600.00', 5, 510),
(3060, '295.00', 6, 510),
(3061, '522.00', 1, 511),
(3062, '469.00', 2, 511),
(3063, '417.00', 3, 511),
(3064, '600.00', 4, 511),
(3065, '600.00', 5, 511),
(3066, '295.00', 6, 511),
(3067, '522.00', 1, 512),
(3068, '469.00', 2, 512),
(3069, '417.00', 3, 512),
(3070, '600.00', 4, 512),
(3071, '600.00', 5, 512),
(3072, '295.00', 6, 512),
(3073, '522.00', 1, 513),
(3074, '469.00', 2, 513),
(3075, '417.00', 3, 513),
(3076, '600.00', 4, 513),
(3077, '600.00', 5, 513),
(3078, '295.00', 6, 513),
(3079, '360.00', 1, 514),
(3080, '324.00', 2, 514),
(3081, '288.00', 3, 514),
(3082, '414.00', 4, 514),
(3083, '414.00', 5, 514),
(3084, '200.00', 6, 514),
(3085, '298.00', 1, 515),
(3086, '268.00', 2, 515),
(3087, '238.00', 3, 515),
(3088, '342.00', 4, 515),
(3089, '342.00', 5, 515),
(3090, '170.00', 6, 515),
(3091, '298.00', 1, 516),
(3092, '268.00', 2, 516),
(3093, '238.00', 3, 516),
(3094, '342.00', 4, 516),
(3095, '342.00', 5, 516),
(3096, '170.00', 6, 516),
(3097, '240.00', 1, 517),
(3098, '216.00', 2, 517),
(3099, '192.00', 3, 517),
(3100, '276.00', 4, 517),
(3101, '276.00', 5, 517),
(3102, '120.00', 6, 517),
(3103, '288.00', 1, 518),
(3104, '259.00', 2, 518),
(3105, '230.00', 3, 518),
(3106, '331.00', 4, 518),
(3107, '331.00', 5, 518),
(3108, '160.00', 6, 518),
(3109, '298.00', 1, 519),
(3110, '268.00', 2, 519),
(3111, '238.00', 3, 519),
(3112, '342.00', 4, 519),
(3113, '342.00', 5, 519),
(3114, '149.00', 6, 519),
(3115, '298.00', 1, 520),
(3116, '268.00', 2, 520),
(3117, '238.00', 3, 520),
(3118, '342.00', 4, 520),
(3119, '342.00', 5, 520),
(3120, '149.00', 6, 520),
(3121, '235.00', 1, 521),
(3122, '211.00', 2, 521),
(3123, '188.00', 3, 521),
(3124, '270.00', 4, 521),
(3125, '270.00', 5, 521),
(3126, '130.00', 6, 521),
(3127, '210.00', 1, 522),
(3128, '189.00', 2, 522),
(3129, '168.00', 3, 522),
(3130, '241.00', 4, 522),
(3131, '241.00', 5, 522),
(3132, '105.00', 6, 522),
(3133, '210.00', 1, 523),
(3134, '189.00', 2, 523),
(3135, '168.00', 3, 523),
(3136, '241.00', 4, 523),
(3137, '241.00', 5, 523),
(3138, '105.00', 6, 523),
(3139, '210.00', 1, 524),
(3140, '189.00', 2, 524),
(3141, '168.00', 3, 524),
(3142, '241.00', 4, 524),
(3143, '241.00', 5, 524),
(3144, '120.00', 6, 524),
(3145, '270.00', 1, 525),
(3146, '243.00', 2, 525),
(3147, '216.00', 3, 525),
(3148, '310.00', 4, 525),
(3149, '310.00', 5, 525),
(3150, '135.00', 6, 525),
(3151, '165.00', 1, 526),
(3152, '148.00', 2, 526),
(3153, '132.00', 3, 526),
(3154, '189.00', 4, 526),
(3155, '189.00', 5, 526),
(3156, '92.00', 6, 526),
(3157, '330.00', 1, 527),
(3158, '297.00', 2, 527),
(3159, '264.00', 3, 527),
(3160, '379.00', 4, 527),
(3161, '379.00', 5, 527),
(3162, '165.00', 6, 527),
(3163, '330.00', 1, 528),
(3164, '297.00', 2, 528),
(3165, '264.00', 3, 528),
(3166, '379.00', 4, 528),
(3167, '379.00', 5, 528),
(3168, '165.00', 6, 528),
(3169, '330.00', 1, 529),
(3170, '297.00', 2, 529),
(3171, '264.00', 3, 529),
(3172, '379.00', 4, 529),
(3173, '379.00', 5, 529),
(3174, '165.00', 6, 529),
(3175, '270.00', 1, 530),
(3176, '243.00', 2, 530),
(3177, '216.00', 3, 530),
(3178, '310.00', 4, 530),
(3179, '310.00', 5, 530),
(3180, '150.00', 6, 530),
(3181, '270.00', 1, 531),
(3182, '243.00', 2, 531),
(3183, '216.00', 3, 531),
(3184, '310.00', 4, 531),
(3185, '310.00', 5, 531),
(3186, '150.00', 6, 531),
(3187, '270.00', 1, 532),
(3188, '243.00', 2, 532),
(3189, '216.00', 3, 532),
(3190, '310.00', 4, 532),
(3191, '310.00', 5, 532),
(3192, '150.00', 6, 532),
(3193, '150.00', 1, 533),
(3194, '135.00', 2, 533),
(3195, '120.00', 3, 533),
(3196, '172.00', 4, 533),
(3197, '172.00', 5, 533),
(3198, '75.00', 6, 533),
(3199, '150.00', 1, 534),
(3200, '135.00', 2, 534),
(3201, '120.00', 3, 534),
(3202, '172.00', 4, 534),
(3203, '172.00', 5, 534),
(3204, '75.00', 6, 534),
(3205, '210.00', 1, 535),
(3206, '189.00', 2, 535),
(3207, '168.00', 3, 535),
(3208, '241.00', 4, 535),
(3209, '241.00', 5, 535),
(3210, '105.00', 6, 535),
(3211, '198.00', 1, 536),
(3212, '178.00', 2, 536),
(3213, '158.00', 3, 536),
(3214, '227.00', 4, 536),
(3215, '227.00', 5, 536),
(3216, '99.00', 6, 536),
(3217, '198.00', 1, 537),
(3218, '178.00', 2, 537),
(3219, '158.00', 3, 537),
(3220, '227.00', 4, 537),
(3221, '227.00', 5, 537),
(3222, '99.00', 6, 537),
(3223, '280.00', 1, 538),
(3224, '252.00', 2, 538),
(3225, '224.00', 3, 538),
(3226, '322.00', 4, 538),
(3227, '322.00', 5, 538),
(3228, '160.00', 6, 538),
(3229, '310.00', 1, 539),
(3230, '279.00', 2, 539),
(3231, '248.00', 3, 539),
(3232, '356.00', 4, 539),
(3233, '356.00', 5, 539),
(3234, '175.00', 6, 539),
(3235, '300.00', 1, 540),
(3236, '270.00', 2, 540),
(3237, '240.00', 3, 540),
(3238, '345.00', 4, 540),
(3239, '345.00', 5, 540),
(3240, '170.00', 6, 540),
(3241, '300.00', 1, 541),
(3242, '270.00', 2, 541),
(3243, '240.00', 3, 541),
(3244, '345.00', 4, 541),
(3245, '345.00', 5, 541),
(3246, '170.00', 6, 541),
(3247, '300.00', 1, 542),
(3248, '270.00', 2, 542),
(3249, '240.00', 3, 542),
(3250, '345.00', 4, 542),
(3251, '345.00', 5, 542),
(3252, '170.00', 6, 542),
(3253, '298.00', 1, 543),
(3254, '268.00', 2, 543),
(3255, '238.00', 3, 543),
(3256, '342.00', 4, 543),
(3257, '342.00', 5, 543),
(3258, '149.00', 6, 543),
(3259, '390.00', 1, 544),
(3260, '351.00', 2, 544),
(3261, '312.00', 3, 544),
(3262, '448.00', 4, 544),
(3263, '448.00', 5, 544),
(3264, '215.00', 6, 544),
(3265, '340.00', 1, 545),
(3266, '306.00', 2, 545),
(3267, '272.00', 3, 545),
(3268, '391.00', 4, 545),
(3269, '391.00', 5, 545),
(3270, '170.00', 6, 545),
(3271, '820.00', 1, 546),
(3272, '738.00', 2, 546),
(3273, '656.00', 3, 546),
(3274, '943.00', 4, 546),
(3275, '943.00', 5, 546),
(3276, '410.00', 6, 546),
(3277, '298.00', 1, 547),
(3278, '268.00', 2, 547),
(3279, '238.00', 3, 547),
(3280, '342.00', 4, 547),
(3281, '342.00', 5, 547),
(3282, '149.00', 6, 547),
(3283, '298.00', 1, 548),
(3284, '268.00', 2, 548),
(3285, '238.00', 3, 548),
(3286, '342.00', 4, 548),
(3287, '342.00', 5, 548),
(3288, '149.00', 6, 548),
(3289, '298.00', 1, 549),
(3290, '268.00', 2, 549),
(3291, '238.00', 3, 549),
(3292, '342.00', 4, 549),
(3293, '342.00', 5, 549),
(3294, '149.00', 6, 549),
(3295, '298.00', 1, 550),
(3296, '268.00', 2, 550),
(3297, '238.00', 3, 550),
(3298, '342.00', 4, 550),
(3299, '342.00', 5, 550),
(3300, '149.00', 6, 550),
(3301, '580.00', 1, 551),
(3302, '522.00', 2, 551),
(3303, '464.00', 3, 551),
(3304, '667.00', 4, 551),
(3305, '667.00', 5, 551),
(3306, '290.00', 6, 551),
(3307, '65.00', 1, 552),
(3308, '58.00', 2, 552),
(3309, '52.00', 3, 552),
(3310, '74.00', 4, 552),
(3311, '74.00', 5, 552),
(3312, '35.00', 6, 552),
(3313, '65.00', 1, 553),
(3314, '58.00', 2, 553),
(3315, '52.00', 3, 553),
(3316, '74.00', 4, 553),
(3317, '74.00', 5, 553),
(3318, '35.00', 6, 553),
(3319, '65.00', 1, 554),
(3320, '58.00', 2, 554),
(3321, '52.00', 3, 554),
(3322, '74.00', 4, 554),
(3323, '74.00', 5, 554),
(3324, '35.00', 6, 554),
(3325, '65.00', 1, 555),
(3326, '58.00', 2, 555),
(3327, '52.00', 3, 555),
(3328, '74.00', 4, 555),
(3329, '74.00', 5, 555),
(3330, '35.00', 6, 555),
(3331, '65.00', 1, 556),
(3332, '58.00', 2, 556),
(3333, '52.00', 3, 556),
(3334, '74.00', 4, 556),
(3335, '74.00', 5, 556),
(3336, '35.00', 6, 556),
(3337, '65.00', 1, 557),
(3338, '58.00', 2, 557),
(3339, '52.00', 3, 557),
(3340, '74.00', 4, 557),
(3341, '74.00', 5, 557),
(3342, '35.00', 6, 557),
(3343, '65.00', 1, 558),
(3344, '58.00', 2, 558),
(3345, '52.00', 3, 558),
(3346, '74.00', 4, 558),
(3347, '74.00', 5, 558),
(3348, '35.00', 6, 558),
(3349, '65.00', 1, 559),
(3350, '58.00', 2, 559),
(3351, '52.00', 3, 559),
(3352, '74.00', 4, 559),
(3353, '74.00', 5, 559),
(3354, '35.00', 6, 559),
(3355, '65.00', 1, 560),
(3356, '58.00', 2, 560),
(3357, '52.00', 3, 560),
(3358, '74.00', 4, 560),
(3359, '74.00', 5, 560),
(3360, '35.00', 6, 560),
(3361, '65.00', 1, 561),
(3362, '58.00', 2, 561),
(3363, '52.00', 3, 561),
(3364, '74.00', 4, 561),
(3365, '74.00', 5, 561),
(3366, '35.00', 6, 561),
(3367, '65.00', 1, 562),
(3368, '58.00', 2, 562),
(3369, '52.00', 3, 562),
(3370, '74.00', 4, 562),
(3371, '74.00', 5, 562),
(3372, '35.00', 6, 562),
(3373, '65.00', 1, 563),
(3374, '58.00', 2, 563),
(3375, '52.00', 3, 563),
(3376, '74.00', 4, 563),
(3377, '74.00', 5, 563),
(3378, '35.00', 6, 563),
(3379, '65.00', 1, 564),
(3380, '58.00', 2, 564),
(3381, '52.00', 3, 564),
(3382, '74.00', 4, 564),
(3383, '74.00', 5, 564),
(3384, '35.00', 6, 564),
(3385, '65.00', 1, 565),
(3386, '58.00', 2, 565),
(3387, '52.00', 3, 565),
(3388, '74.00', 4, 565),
(3389, '74.00', 5, 565),
(3390, '35.00', 6, 565),
(3391, '65.00', 1, 566),
(3392, '58.00', 2, 566),
(3393, '52.00', 3, 566),
(3394, '74.00', 4, 566),
(3395, '74.00', 5, 566),
(3396, '35.00', 6, 566),
(3397, '65.00', 1, 567),
(3398, '58.00', 2, 567),
(3399, '52.00', 3, 567),
(3400, '74.00', 4, 567),
(3401, '74.00', 5, 567),
(3402, '35.00', 6, 567),
(3403, '560.00', 1, 568),
(3404, '504.00', 2, 568),
(3405, '448.00', 3, 568),
(3406, '644.00', 4, 568),
(3407, '644.00', 5, 568),
(3408, '280.00', 6, 568),
(3409, '560.00', 1, 569),
(3410, '504.00', 2, 569),
(3411, '448.00', 3, 569),
(3412, '644.00', 4, 569),
(3413, '644.00', 5, 569),
(3414, '280.00', 6, 569),
(3415, '450.00', 1, 570),
(3416, '405.00', 2, 570),
(3417, '360.00', 3, 570),
(3418, '517.00', 4, 570),
(3419, '517.00', 5, 570),
(3420, '260.00', 6, 570),
(3421, '450.00', 1, 571),
(3422, '405.00', 2, 571),
(3423, '360.00', 3, 571),
(3424, '517.00', 4, 571),
(3425, '517.00', 5, 571),
(3426, '260.00', 6, 571),
(3427, '450.00', 1, 572),
(3428, '405.00', 2, 572),
(3429, '360.00', 3, 572),
(3430, '517.00', 4, 572),
(3431, '517.00', 5, 572),
(3432, '260.00', 6, 572),
(3433, '400.00', 1, 573),
(3434, '360.00', 2, 573),
(3435, '320.00', 3, 573),
(3436, '460.00', 4, 573),
(3437, '460.00', 5, 573),
(3438, '220.00', 6, 573),
(3439, '410.00', 1, 574),
(3440, '369.00', 2, 574),
(3441, '328.00', 3, 574),
(3442, '471.00', 4, 574),
(3443, '471.00', 5, 574),
(3444, '230.00', 6, 574),
(3445, '215.00', 1, 575),
(3446, '193.00', 2, 575),
(3447, '172.00', 3, 575),
(3448, '247.00', 4, 575),
(3449, '247.00', 5, 575),
(3450, '120.00', 6, 575),
(3451, '175.00', 1, 576),
(3452, '157.00', 2, 576),
(3453, '140.00', 3, 576),
(3454, '201.00', 4, 576),
(3455, '201.00', 5, 576),
(3456, '100.00', 6, 576),
(3457, '175.00', 1, 577),
(3458, '157.00', 2, 577),
(3459, '140.00', 3, 577),
(3460, '201.00', 4, 577),
(3461, '201.00', 5, 577),
(3462, '100.00', 6, 577),
(3463, '290.00', 1, 578),
(3464, '261.00', 2, 578),
(3465, '232.00', 3, 578),
(3466, '333.00', 4, 578),
(3467, '333.00', 5, 578),
(3468, '145.00', 6, 578),
(3469, '290.00', 1, 579),
(3470, '261.00', 2, 579),
(3471, '232.00', 3, 579),
(3472, '333.00', 4, 579),
(3473, '333.00', 5, 579),
(3474, '145.00', 6, 579),
(3475, '290.00', 1, 580),
(3476, '261.00', 2, 580),
(3477, '232.00', 3, 580),
(3478, '333.00', 4, 580),
(3479, '333.00', 5, 580),
(3480, '160.00', 6, 580),
(3481, '250.00', 1, 581),
(3482, '225.00', 2, 581),
(3483, '200.00', 3, 581),
(3484, '287.00', 4, 581),
(3485, '287.00', 5, 581),
(3486, '143.00', 6, 581),
(3487, '260.00', 1, 582),
(3488, '234.00', 2, 582),
(3489, '208.00', 3, 582),
(3490, '299.00', 4, 582),
(3491, '299.00', 5, 582),
(3492, '130.00', 6, 582),
(3493, '298.00', 1, 583),
(3494, '268.00', 2, 583),
(3495, '238.00', 3, 583),
(3496, '342.00', 4, 583),
(3497, '342.00', 5, 583),
(3498, '150.00', 6, 583),
(3499, '298.00', 1, 584),
(3500, '268.00', 2, 584),
(3501, '238.00', 3, 584),
(3502, '342.00', 4, 584),
(3503, '342.00', 5, 584),
(3504, '150.00', 6, 584),
(3505, '298.00', 1, 585),
(3506, '268.00', 2, 585),
(3507, '238.00', 3, 585),
(3508, '342.00', 4, 585),
(3509, '342.00', 5, 585),
(3510, '150.00', 6, 585),
(3511, '298.00', 1, 586),
(3512, '268.00', 2, 586),
(3513, '238.00', 3, 586),
(3514, '342.00', 4, 586),
(3515, '342.00', 5, 586),
(3516, '150.00', 6, 586),
(3517, '298.00', 1, 587),
(3518, '268.00', 2, 587),
(3519, '238.00', 3, 587),
(3520, '342.00', 4, 587),
(3521, '342.00', 5, 587),
(3522, '150.00', 6, 587),
(3523, '298.00', 1, 588),
(3524, '268.00', 2, 588),
(3525, '238.00', 3, 588),
(3526, '342.00', 4, 588),
(3527, '342.00', 5, 588),
(3528, '150.00', 6, 588),
(3529, '298.00', 1, 589),
(3530, '268.00', 2, 589),
(3531, '238.00', 3, 589),
(3532, '342.00', 4, 589),
(3533, '342.00', 5, 589),
(3534, '150.00', 6, 589),
(3535, '298.00', 1, 590),
(3536, '268.00', 2, 590),
(3537, '238.00', 3, 590),
(3538, '342.00', 4, 590),
(3539, '342.00', 5, 590),
(3540, '150.00', 6, 590),
(3541, '298.00', 1, 591),
(3542, '268.00', 2, 591),
(3543, '238.00', 3, 591),
(3544, '342.00', 4, 591),
(3545, '342.00', 5, 591),
(3546, '150.00', 6, 591),
(3547, '298.00', 1, 592),
(3548, '268.00', 2, 592),
(3549, '238.00', 3, 592),
(3550, '342.00', 4, 592),
(3551, '342.00', 5, 592),
(3552, '150.00', 6, 592),
(3553, '298.00', 1, 593),
(3554, '268.00', 2, 593),
(3555, '238.00', 3, 593),
(3556, '342.00', 4, 593),
(3557, '342.00', 5, 593),
(3558, '150.00', 6, 593),
(3559, '424.00', 1, 594),
(3560, '381.00', 2, 594),
(3561, '339.00', 3, 594),
(3562, '487.00', 4, 594),
(3563, '487.00', 5, 594),
(3564, '240.00', 6, 594),
(3565, '558.00', 1, 595),
(3566, '502.00', 2, 595),
(3567, '446.00', 3, 595),
(3568, '641.00', 4, 595),
(3569, '641.00', 5, 595),
(3570, '320.00', 6, 595),
(3571, '558.00', 1, 596),
(3572, '502.00', 2, 596),
(3573, '446.00', 3, 596),
(3574, '641.00', 4, 596),
(3575, '641.00', 5, 596),
(3576, '320.00', 6, 596),
(3577, '280.00', 1, 597),
(3578, '252.00', 2, 597),
(3579, '224.00', 3, 597),
(3580, '322.00', 4, 597),
(3581, '322.00', 5, 597),
(3582, '150.00', 6, 597),
(3583, '280.00', 1, 598),
(3584, '252.00', 2, 598),
(3585, '224.00', 3, 598),
(3586, '322.00', 4, 598),
(3587, '322.00', 5, 598),
(3588, '150.00', 6, 598),
(3589, '216.00', 1, 599),
(3590, '194.00', 2, 599),
(3591, '172.00', 3, 599),
(3592, '248.00', 4, 599),
(3593, '248.00', 5, 599),
(3594, '120.00', 6, 599),
(3595, '216.00', 1, 600),
(3596, '194.00', 2, 600),
(3597, '172.00', 3, 600),
(3598, '248.00', 4, 600),
(3599, '248.00', 5, 600),
(3600, '120.00', 6, 600),
(3601, '275.00', 1, 601),
(3602, '247.00', 2, 601),
(3603, '220.00', 3, 601),
(3604, '316.00', 4, 601),
(3605, '316.00', 5, 601),
(3606, '160.00', 6, 601),
(3607, '275.00', 1, 602),
(3608, '247.00', 2, 602),
(3609, '220.00', 3, 602),
(3610, '316.00', 4, 602),
(3611, '316.00', 5, 602),
(3612, '160.00', 6, 602),
(3613, '216.00', 1, 603),
(3614, '194.00', 2, 603),
(3615, '172.00', 3, 603),
(3616, '248.00', 4, 603),
(3617, '248.00', 5, 603),
(3618, '120.00', 6, 603),
(3619, '216.00', 1, 604),
(3620, '194.00', 2, 604),
(3621, '172.00', 3, 604),
(3622, '248.00', 4, 604),
(3623, '248.00', 5, 604),
(3624, '120.00', 6, 604),
(3625, '360.00', 1, 605),
(3626, '324.00', 2, 605),
(3627, '288.00', 3, 605),
(3628, '414.00', 4, 605),
(3629, '414.00', 5, 605),
(3630, '200.00', 6, 605),
(3631, '360.00', 1, 606),
(3632, '324.00', 2, 606),
(3633, '288.00', 3, 606),
(3634, '414.00', 4, 606),
(3635, '414.00', 5, 606),
(3636, '200.00', 6, 606),
(3637, '532.00', 1, 607),
(3638, '478.00', 2, 607),
(3639, '425.00', 3, 607),
(3640, '611.00', 4, 607),
(3641, '611.00', 5, 607),
(3642, '300.00', 6, 607),
(3643, '532.00', 1, 608),
(3644, '478.00', 2, 608),
(3645, '425.00', 3, 608),
(3646, '611.00', 4, 608),
(3647, '611.00', 5, 608),
(3648, '300.00', 6, 608),
(3649, '498.00', 1, 609),
(3650, '448.00', 2, 609),
(3651, '398.00', 3, 609),
(3652, '572.00', 4, 609),
(3653, '572.00', 5, 609),
(3654, '250.00', 6, 609),
(3655, '498.00', 1, 610),
(3656, '448.00', 2, 610),
(3657, '398.00', 3, 610),
(3658, '572.00', 4, 610),
(3659, '572.00', 5, 610),
(3660, '250.00', 6, 610),
(3661, '500.00', 1, 611),
(3662, '450.00', 2, 611),
(3663, '400.00', 3, 611),
(3664, '575.00', 4, 611),
(3665, '575.00', 5, 611),
(3666, '280.00', 6, 611),
(3667, '500.00', 1, 612),
(3668, '450.00', 2, 612),
(3669, '400.00', 3, 612),
(3670, '575.00', 4, 612),
(3671, '575.00', 5, 612),
(3672, '280.00', 6, 612),
(3673, '250.00', 1, 613),
(3674, '225.00', 2, 613),
(3675, '200.00', 3, 613),
(3676, '287.00', 4, 613),
(3677, '287.00', 5, 613),
(3678, '125.00', 6, 613),
(3679, '250.00', 1, 614),
(3680, '225.00', 2, 614),
(3681, '200.00', 3, 614),
(3682, '287.00', 4, 614),
(3683, '287.00', 5, 614),
(3684, '125.00', 6, 614),
(3685, '200.00', 1, 615),
(3686, '180.00', 2, 615),
(3687, '160.00', 3, 615),
(3688, '230.00', 4, 615),
(3689, '230.00', 5, 615),
(3690, '100.00', 6, 615),
(3691, '200.00', 1, 616),
(3692, '180.00', 2, 616),
(3693, '160.00', 3, 616),
(3694, '230.00', 4, 616),
(3695, '230.00', 5, 616),
(3696, '100.00', 6, 616),
(3697, '200.00', 1, 617),
(3698, '180.00', 2, 617),
(3699, '160.00', 3, 617),
(3700, '230.00', 4, 617),
(3701, '230.00', 5, 617),
(3702, '100.00', 6, 617),
(3703, '200.00', 1, 618),
(3704, '180.00', 2, 618),
(3705, '160.00', 3, 618),
(3706, '230.00', 4, 618),
(3707, '230.00', 5, 618),
(3708, '100.00', 6, 618),
(3709, '200.00', 1, 619),
(3710, '180.00', 2, 619),
(3711, '160.00', 3, 619),
(3712, '230.00', 4, 619),
(3713, '230.00', 5, 619),
(3714, '100.00', 6, 619),
(3715, '200.00', 1, 620),
(3716, '180.00', 2, 620),
(3717, '160.00', 3, 620),
(3718, '230.00', 4, 620),
(3719, '230.00', 5, 620),
(3720, '100.00', 6, 620),
(3721, '200.00', 1, 621),
(3722, '180.00', 2, 621),
(3723, '160.00', 3, 621),
(3724, '230.00', 4, 621),
(3725, '230.00', 5, 621),
(3726, '100.00', 6, 621),
(3727, '598.00', 1, 622),
(3728, '538.00', 2, 622),
(3729, '478.00', 3, 622),
(3730, '687.00', 4, 622),
(3731, '687.00', 5, 622),
(3732, '350.00', 6, 622),
(3733, '598.00', 1, 623),
(3734, '538.00', 2, 623),
(3735, '478.00', 3, 623),
(3736, '687.00', 4, 623),
(3737, '687.00', 5, 623),
(3738, '350.00', 6, 623),
(3739, '598.00', 1, 624),
(3740, '538.00', 2, 624),
(3741, '478.00', 3, 624),
(3742, '687.00', 4, 624),
(3743, '687.00', 5, 624),
(3744, '350.00', 6, 624),
(3745, '598.00', 1, 625),
(3746, '538.00', 2, 625),
(3747, '478.00', 3, 625),
(3748, '687.00', 4, 625),
(3749, '687.00', 5, 625),
(3750, '350.00', 6, 625),
(3751, '598.00', 1, 626),
(3752, '538.00', 2, 626),
(3753, '478.00', 3, 626),
(3754, '687.00', 4, 626),
(3755, '687.00', 5, 626),
(3756, '350.00', 6, 626),
(3757, '598.00', 1, 627),
(3758, '538.00', 2, 627),
(3759, '478.00', 3, 627),
(3760, '687.00', 4, 627),
(3761, '687.00', 5, 627),
(3762, '350.00', 6, 627),
(3763, '598.00', 1, 628),
(3764, '538.00', 2, 628),
(3765, '478.00', 3, 628),
(3766, '687.00', 4, 628),
(3767, '687.00', 5, 628),
(3768, '350.00', 6, 628),
(3769, '598.00', 1, 629),
(3770, '538.00', 2, 629),
(3771, '478.00', 3, 629),
(3772, '687.00', 4, 629),
(3773, '687.00', 5, 629),
(3774, '350.00', 6, 629),
(3775, '598.00', 1, 630),
(3776, '538.00', 2, 630),
(3777, '478.00', 3, 630),
(3778, '687.00', 4, 630),
(3779, '687.00', 5, 630),
(3780, '350.00', 6, 630),
(3781, '729.00', 1, 631),
(3782, '656.00', 2, 631),
(3783, '583.00', 3, 631),
(3784, '838.00', 4, 631),
(3785, '838.00', 5, 631),
(3786, '410.00', 6, 631),
(3787, '729.00', 1, 632),
(3788, '656.00', 2, 632),
(3789, '583.00', 3, 632),
(3790, '838.00', 4, 632),
(3791, '838.00', 5, 632),
(3792, '410.00', 6, 632),
(3793, '594.00', 1, 633),
(3794, '534.00', 2, 633),
(3795, '475.00', 3, 633),
(3796, '683.00', 4, 633),
(3797, '683.00', 5, 633),
(3798, '330.00', 6, 633),
(3799, '594.00', 1, 634),
(3800, '534.00', 2, 634),
(3801, '475.00', 3, 634),
(3802, '683.00', 4, 634),
(3803, '683.00', 5, 634),
(3804, '330.00', 6, 634),
(3805, '540.00', 1, 635),
(3806, '486.00', 2, 635),
(3807, '432.00', 3, 635),
(3808, '621.00', 4, 635),
(3809, '621.00', 5, 635),
(3810, '300.00', 6, 635),
(3811, '540.00', 1, 636),
(3812, '486.00', 2, 636),
(3813, '432.00', 3, 636),
(3814, '621.00', 4, 636),
(3815, '621.00', 5, 636),
(3816, '300.00', 6, 636),
(3817, '655.00', 1, 637),
(3818, '589.00', 2, 637),
(3819, '524.00', 3, 637),
(3820, '753.00', 4, 637),
(3821, '753.00', 5, 637),
(3822, '370.00', 6, 637),
(3823, '655.00', 1, 638),
(3824, '589.00', 2, 638),
(3825, '524.00', 3, 638),
(3826, '753.00', 4, 638),
(3827, '753.00', 5, 638),
(3828, '370.00', 6, 638),
(3829, '792.00', 1, 639),
(3830, '712.00', 2, 639),
(3831, '633.00', 3, 639),
(3832, '910.00', 4, 639),
(3833, '910.00', 5, 639),
(3834, '440.00', 6, 639),
(3835, '792.00', 1, 640),
(3836, '712.00', 2, 640),
(3837, '633.00', 3, 640),
(3838, '910.00', 4, 640),
(3839, '910.00', 5, 640),
(3840, '440.00', 6, 640),
(3841, '720.00', 1, 641),
(3842, '648.00', 2, 641),
(3843, '576.00', 3, 641),
(3844, '828.00', 4, 641),
(3845, '828.00', 5, 641),
(3846, '400.00', 6, 641),
(3847, '720.00', 1, 642),
(3848, '648.00', 2, 642),
(3849, '576.00', 3, 642),
(3850, '828.00', 4, 642),
(3851, '828.00', 5, 642),
(3852, '400.00', 6, 642),
(3853, '200.00', 1, 643),
(3854, '180.00', 2, 643),
(3855, '160.00', 3, 643),
(3856, '230.00', 4, 643),
(3857, '230.00', 5, 643),
(3858, '100.00', 6, 643),
(3859, '398.00', 1, 644),
(3860, '358.00', 2, 644),
(3861, '318.00', 3, 644),
(3862, '457.00', 4, 644),
(3863, '457.00', 5, 644),
(3864, '225.00', 6, 644),
(3865, '350.00', 1, 645),
(3866, '315.00', 2, 645),
(3867, '280.00', 3, 645),
(3868, '402.00', 4, 645),
(3869, '402.00', 5, 645),
(3870, '195.00', 6, 645),
(3871, '398.00', 1, 646),
(3872, '358.00', 2, 646),
(3873, '318.00', 3, 646),
(3874, '457.00', 4, 646),
(3875, '457.00', 5, 646),
(3876, '225.00', 6, 646),
(3877, '312.00', 1, 647),
(3878, '280.00', 2, 647),
(3879, '249.00', 3, 647),
(3880, '358.00', 4, 647),
(3881, '358.00', 5, 647),
(3882, '160.00', 6, 647),
(3883, '312.00', 1, 648),
(3884, '280.00', 2, 648),
(3885, '249.00', 3, 648),
(3886, '358.00', 4, 648),
(3887, '358.00', 5, 648),
(3888, '160.00', 6, 648),
(3889, '312.00', 1, 649),
(3890, '280.00', 2, 649),
(3891, '249.00', 3, 649),
(3892, '358.00', 4, 649),
(3893, '358.00', 5, 649),
(3894, '160.00', 6, 649),
(3895, '230.00', 1, 650),
(3896, '207.00', 2, 650),
(3897, '184.00', 3, 650),
(3898, '264.00', 4, 650),
(3899, '264.00', 5, 650),
(3900, '135.00', 6, 650),
(3901, '230.00', 1, 651),
(3902, '207.00', 2, 651),
(3903, '184.00', 3, 651),
(3904, '264.00', 4, 651),
(3905, '264.00', 5, 651),
(3906, '135.00', 6, 651),
(3907, '370.00', 1, 652),
(3908, '333.00', 2, 652),
(3909, '296.00', 3, 652),
(3910, '425.00', 4, 652),
(3911, '425.00', 5, 652),
(3912, '210.00', 6, 652),
(3913, '370.00', 1, 653),
(3914, '333.00', 2, 653),
(3915, '296.00', 3, 653),
(3916, '425.00', 4, 653),
(3917, '425.00', 5, 653),
(3918, '210.00', 6, 653),
(3919, '345.00', 1, 654),
(3920, '310.00', 2, 654),
(3921, '276.00', 3, 654),
(3922, '396.00', 4, 654),
(3923, '396.00', 5, 654),
(3924, '200.00', 6, 654),
(3925, '345.00', 1, 655),
(3926, '310.00', 2, 655),
(3927, '276.00', 3, 655),
(3928, '396.00', 4, 655),
(3929, '396.00', 5, 655),
(3930, '200.00', 6, 655),
(3931, '345.00', 1, 656),
(3932, '310.00', 2, 656),
(3933, '276.00', 3, 656),
(3934, '396.00', 4, 656),
(3935, '396.00', 5, 656),
(3936, '200.00', 6, 656),
(3937, '345.00', 1, 657),
(3938, '310.00', 2, 657),
(3939, '276.00', 3, 657),
(3940, '396.00', 4, 657),
(3941, '396.00', 5, 657),
(3942, '200.00', 6, 657),
(3943, '345.00', 1, 658),
(3944, '310.00', 2, 658),
(3945, '276.00', 3, 658),
(3946, '396.00', 4, 658),
(3947, '396.00', 5, 658),
(3948, '200.00', 6, 658),
(3949, '345.00', 1, 659),
(3950, '310.00', 2, 659),
(3951, '276.00', 3, 659),
(3952, '396.00', 4, 659),
(3953, '396.00', 5, 659),
(3954, '200.00', 6, 659),
(3955, '398.00', 1, 660),
(3956, '358.00', 2, 660),
(3957, '318.00', 3, 660),
(3958, '457.00', 4, 660),
(3959, '457.00', 5, 660),
(3960, '228.00', 6, 660),
(3961, '398.00', 1, 661),
(3962, '358.00', 2, 661),
(3963, '318.00', 3, 661),
(3964, '457.00', 4, 661),
(3965, '457.00', 5, 661),
(3966, '228.00', 6, 661),
(3967, '398.00', 1, 662),
(3968, '358.00', 2, 662),
(3969, '318.00', 3, 662),
(3970, '457.00', 4, 662),
(3971, '457.00', 5, 662),
(3972, '228.00', 6, 662),
(3973, '398.00', 1, 663),
(3974, '358.00', 2, 663),
(3975, '318.00', 3, 663),
(3976, '457.00', 4, 663),
(3977, '457.00', 5, 663),
(3978, '240.00', 6, 663),
(3979, '398.00', 1, 664),
(3980, '358.00', 2, 664),
(3981, '318.00', 3, 664),
(3982, '457.00', 4, 664),
(3983, '457.00', 5, 664),
(3984, '240.00', 6, 664),
(3985, '398.00', 1, 665),
(3986, '358.00', 2, 665),
(3987, '318.00', 3, 665),
(3988, '457.00', 4, 665),
(3989, '457.00', 5, 665),
(3990, '240.00', 6, 665),
(3991, '398.00', 1, 666),
(3992, '358.00', 2, 666),
(3993, '318.00', 3, 666),
(3994, '457.00', 4, 666),
(3995, '457.00', 5, 666),
(3996, '240.00', 6, 666),
(3997, '398.00', 1, 667),
(3998, '358.00', 2, 667),
(3999, '318.00', 3, 667),
(4000, '457.00', 4, 667),
(4001, '457.00', 5, 667),
(4002, '240.00', 6, 667),
(4003, '398.00', 1, 668),
(4004, '358.00', 2, 668),
(4005, '318.00', 3, 668),
(4006, '457.00', 4, 668),
(4007, '457.00', 5, 668),
(4008, '240.00', 6, 668),
(4009, '398.00', 1, 669),
(4010, '358.00', 2, 669),
(4011, '318.00', 3, 669),
(4012, '457.00', 4, 669),
(4013, '457.00', 5, 669),
(4014, '240.00', 6, 669),
(4015, '380.00', 1, 670),
(4016, '342.00', 2, 670),
(4017, '304.00', 3, 670),
(4018, '437.00', 4, 670),
(4019, '437.00', 5, 670),
(4020, '220.00', 6, 670),
(4021, '320.00', 1, 671),
(4022, '288.00', 2, 671),
(4023, '256.00', 3, 671),
(4024, '368.00', 4, 671),
(4025, '368.00', 5, 671),
(4026, '180.00', 6, 671),
(4027, '232.00', 1, 672),
(4028, '208.00', 2, 672),
(4029, '185.00', 3, 672),
(4030, '266.00', 4, 672),
(4031, '266.00', 5, 672),
(4032, '130.00', 6, 672),
(4033, '275.00', 1, 673),
(4034, '247.00', 2, 673),
(4035, '220.00', 3, 673),
(4036, '316.00', 4, 673),
(4037, '316.00', 5, 673),
(4038, '160.00', 6, 673),
(4039, '275.00', 1, 674),
(4040, '247.00', 2, 674),
(4041, '220.00', 3, 674),
(4042, '316.00', 4, 674),
(4043, '316.00', 5, 674),
(4044, '160.00', 6, 674),
(4045, '275.00', 1, 675),
(4046, '247.00', 2, 675),
(4047, '220.00', 3, 675),
(4048, '316.00', 4, 675),
(4049, '316.00', 5, 675),
(4050, '160.00', 6, 675),
(4051, '275.00', 1, 676),
(4052, '247.00', 2, 676),
(4053, '220.00', 3, 676),
(4054, '316.00', 4, 676),
(4055, '316.00', 5, 676),
(4056, '160.00', 6, 676),
(4057, '250.00', 1, 679),
(4064, '225.00', 2, 679),
(4067, '200.00', 3, 679),
(4076, '287.00', 4, 679),
(4079, '287.00', 5, 679),
(4080, '150.00', 6, 679),
(4081, '540.00', 1, 681),
(4082, '486.00', 2, 681),
(4083, '432.00', 3, 681),
(4084, '621.00', 4, 681),
(4085, '621.00', 5, 681),
(4086, '320.00', 6, 681),
(4087, '540.00', 1, 682),
(4088, '486.00', 2, 682),
(4089, '432.00', 3, 682),
(4090, '621.00', 4, 682),
(4091, '621.00', 5, 682),
(4092, '320.00', 6, 682),
(4093, '540.00', 1, 683),
(4094, '486.00', 2, 683),
(4095, '432.00', 3, 683),
(4096, '621.00', 4, 683),
(4097, '621.00', 5, 683),
(4098, '320.00', 6, 683),
(4099, '540.00', 1, 684),
(4100, '486.00', 2, 684),
(4101, '432.00', 3, 684),
(4102, '621.00', 4, 684),
(4103, '621.00', 5, 684),
(4104, '320.00', 6, 684),
(4105, '540.00', 1, 685),
(4106, '486.00', 2, 685),
(4107, '432.00', 3, 685),
(4108, '621.00', 4, 685),
(4109, '621.00', 5, 685),
(4110, '320.00', 6, 685),
(4111, '540.00', 1, 686),
(4112, '486.00', 2, 686),
(4113, '432.00', 3, 686),
(4114, '621.00', 4, 686),
(4115, '621.00', 5, 686),
(4116, '320.00', 6, 686),
(4117, '540.00', 1, 687),
(4118, '486.00', 2, 687),
(4119, '432.00', 3, 687),
(4120, '621.00', 4, 687),
(4121, '621.00', 5, 687),
(4122, '320.00', 6, 687),
(4123, '540.00', 1, 688),
(4124, '486.00', 2, 688),
(4125, '432.00', 3, 688),
(4126, '621.00', 4, 688),
(4127, '621.00', 5, 688),
(4128, '320.00', 6, 688),
(4129, '540.00', 1, 689),
(4130, '486.00', 2, 689),
(4131, '432.00', 3, 689),
(4132, '621.00', 4, 689),
(4133, '621.00', 5, 689),
(4134, '320.00', 6, 689),
(4135, '598.00', 1, 690),
(4136, '538.00', 2, 690),
(4137, '478.00', 3, 690),
(4138, '687.00', 4, 690),
(4139, '687.00', 5, 690),
(4140, '360.00', 6, 690),
(4141, '598.00', 1, 691),
(4142, '538.00', 2, 691),
(4143, '478.00', 3, 691),
(4144, '687.00', 4, 691),
(4145, '687.00', 5, 691),
(4146, '360.00', 6, 691),
(4147, '598.00', 1, 692),
(4148, '538.00', 2, 692),
(4149, '478.00', 3, 692),
(4150, '687.00', 4, 692),
(4151, '687.00', 5, 692),
(4152, '360.00', 6, 692),
(4153, '598.00', 1, 693),
(4154, '538.00', 2, 693),
(4155, '478.00', 3, 693),
(4156, '687.00', 4, 693),
(4157, '687.00', 5, 693),
(4158, '360.00', 6, 693),
(4159, '598.00', 1, 694),
(4160, '538.00', 2, 694),
(4161, '478.00', 3, 694),
(4162, '687.00', 4, 694),
(4163, '687.00', 5, 694),
(4164, '360.00', 6, 694),
(4165, '598.00', 1, 695),
(4166, '538.00', 2, 695),
(4167, '478.00', 3, 695),
(4168, '687.00', 4, 695),
(4169, '687.00', 5, 695),
(4170, '360.00', 6, 695),
(4171, '598.00', 1, 696),
(4172, '538.00', 2, 696),
(4173, '478.00', 3, 696),
(4174, '687.00', 4, 696),
(4175, '687.00', 5, 696),
(4176, '360.00', 6, 696),
(4177, '160.00', 1, 697),
(4178, '144.00', 2, 697),
(4179, '128.00', 3, 697),
(4180, '184.00', 4, 697),
(4181, '184.00', 5, 697),
(4182, '80.00', 6, 697),
(4183, '160.00', 1, 698),
(4184, '144.00', 2, 698),
(4185, '128.00', 3, 698),
(4186, '184.00', 4, 698),
(4187, '184.00', 5, 698),
(4188, '80.00', 6, 698),
(4189, '230.00', 1, 699),
(4190, '207.00', 2, 699),
(4191, '184.00', 3, 699),
(4192, '264.00', 4, 699),
(4193, '264.00', 5, 699),
(4194, '130.00', 6, 699),
(4195, '230.00', 1, 700),
(4196, '207.00', 2, 700),
(4197, '184.00', 3, 700),
(4198, '264.00', 4, 700),
(4199, '264.00', 5, 700),
(4200, '130.00', 6, 700),
(4201, '170.00', 1, 701),
(4202, '153.00', 2, 701),
(4203, '136.00', 3, 701),
(4204, '195.00', 4, 701),
(4205, '195.00', 5, 701),
(4206, '95.00', 6, 701),
(4207, '170.00', 1, 702),
(4208, '153.00', 2, 702),
(4209, '136.00', 3, 702),
(4210, '195.00', 4, 702),
(4211, '195.00', 5, 702),
(4212, '95.00', 6, 702),
(4213, '198.00', 1, 703),
(4214, '178.00', 2, 703),
(4215, '158.00', 3, 703),
(4216, '227.00', 4, 703),
(4217, '227.00', 5, 703),
(4218, '100.00', 6, 703),
(4219, '198.00', 1, 704),
(4220, '178.00', 2, 704),
(4221, '158.00', 3, 704),
(4222, '227.00', 4, 704),
(4223, '227.00', 5, 704),
(4224, '100.00', 6, 704),
(4225, '198.00', 1, 705),
(4226, '178.00', 2, 705),
(4227, '158.00', 3, 705),
(4228, '227.00', 4, 705),
(4229, '227.00', 5, 705),
(4230, '100.00', 6, 705),
(4231, '140.00', 1, 706),
(4232, '126.00', 2, 706),
(4233, '112.00', 3, 706),
(4234, '161.00', 4, 706),
(4235, '161.00', 5, 706),
(4236, '70.00', 6, 706),
(4237, '250.00', 1, 707),
(4238, '225.00', 2, 707),
(4239, '200.00', 3, 707),
(4240, '287.00', 4, 707),
(4241, '287.00', 5, 707),
(4242, '150.00', 6, 707),
(4243, '320.00', 1, 708),
(4244, '288.00', 2, 708),
(4245, '256.00', 3, 708),
(4246, '368.00', 4, 708),
(4247, '368.00', 5, 708),
(4248, '180.00', 6, 708),
(4249, '320.00', 1, 709),
(4250, '288.00', 2, 709),
(4251, '256.00', 3, 709),
(4252, '368.00', 4, 709),
(4253, '368.00', 5, 709),
(4254, '180.00', 6, 709),
(4255, '396.00', 1, 710),
(4256, '356.00', 2, 710),
(4257, '316.00', 3, 710),
(4258, '455.00', 4, 710),
(4259, '455.00', 5, 710),
(4260, '220.00', 6, 710),
(4261, '396.00', 1, 711),
(4262, '356.00', 2, 711),
(4263, '316.00', 3, 711),
(4264, '455.00', 4, 711),
(4265, '455.00', 5, 711),
(4266, '220.00', 6, 711),
(4267, '430.00', 1, 712),
(4268, '387.00', 2, 712),
(4269, '344.00', 3, 712),
(4270, '494.00', 4, 712),
(4271, '494.00', 5, 712),
(4272, '240.00', 6, 712),
(4273, '350.00', 1, 713),
(4274, '315.00', 2, 713),
(4275, '280.00', 3, 713),
(4276, '402.00', 4, 713),
(4277, '402.00', 5, 713),
(4278, '200.00', 6, 713),
(4279, '350.00', 1, 714),
(4280, '315.00', 2, 714),
(4281, '280.00', 3, 714),
(4282, '402.00', 4, 714),
(4283, '402.00', 5, 714),
(4284, '200.00', 6, 714),
(4285, '350.00', 1, 715),
(4286, '315.00', 2, 715),
(4287, '280.00', 3, 715),
(4288, '402.00', 4, 715),
(4289, '402.00', 5, 715),
(4290, '210.00', 6, 715),
(4291, '350.00', 1, 716),
(4292, '315.00', 2, 716),
(4293, '280.00', 3, 716),
(4294, '402.00', 4, 716),
(4295, '402.00', 5, 716),
(4296, '210.00', 6, 716),
(4297, '350.00', 1, 717),
(4298, '315.00', 2, 717),
(4299, '280.00', 3, 717),
(4300, '402.00', 4, 717),
(4301, '402.00', 5, 717),
(4302, '210.00', 6, 717),
(4303, '340.00', 1, 718),
(4304, '306.00', 2, 718),
(4305, '272.00', 3, 718),
(4306, '391.00', 4, 718),
(4307, '391.00', 5, 718),
(4308, '190.00', 6, 718),
(4309, '370.00', 1, 719),
(4310, '333.00', 2, 719),
(4311, '296.00', 3, 719),
(4312, '425.00', 4, 719);
INSERT INTO `tipoventa_prenda` (`idTipoVenta_Prenda`, `valor`, `idTipoVenta`, `idPrenda`) VALUES
(4313, '425.00', 5, 719),
(4314, '210.00', 6, 719),
(4315, '370.00', 1, 720),
(4316, '333.00', 2, 720),
(4317, '296.00', 3, 720),
(4318, '425.00', 4, 720),
(4319, '425.00', 5, 720),
(4320, '210.00', 6, 720),
(4321, '370.00', 1, 721),
(4322, '333.00', 2, 721),
(4323, '296.00', 3, 721),
(4324, '425.00', 4, 721),
(4325, '425.00', 5, 721),
(4326, '210.00', 6, 721),
(4327, '350.00', 1, 722),
(4328, '315.00', 2, 722),
(4329, '280.00', 3, 722),
(4330, '402.00', 4, 722),
(4331, '402.00', 5, 722),
(4332, '200.00', 6, 722),
(4333, '370.00', 1, 723),
(4334, '333.00', 2, 723),
(4335, '296.00', 3, 723),
(4336, '425.00', 4, 723),
(4337, '425.00', 5, 723),
(4338, '200.00', 6, 723),
(4339, '370.00', 1, 724),
(4340, '333.00', 2, 724),
(4341, '296.00', 3, 724),
(4342, '425.00', 4, 724),
(4343, '425.00', 5, 724),
(4344, '200.00', 6, 724),
(4345, '370.00', 1, 725),
(4346, '333.00', 2, 725),
(4347, '296.00', 3, 725),
(4348, '425.00', 4, 725),
(4349, '425.00', 5, 725),
(4350, '200.00', 6, 725),
(4351, '398.00', 1, 726),
(4352, '358.00', 2, 726),
(4353, '318.00', 3, 726),
(4354, '457.00', 4, 726),
(4355, '457.00', 5, 726),
(4356, '230.00', 6, 726),
(4357, '398.00', 1, 727),
(4358, '358.00', 2, 727),
(4359, '318.00', 3, 727),
(4360, '457.00', 4, 727),
(4361, '457.00', 5, 727),
(4362, '230.00', 6, 727),
(4363, '398.00', 1, 728),
(4364, '358.00', 2, 728),
(4365, '318.00', 3, 728),
(4366, '457.00', 4, 728),
(4367, '457.00', 5, 728),
(4368, '230.00', 6, 728),
(4369, '360.00', 1, 729),
(4370, '324.00', 2, 729),
(4371, '288.00', 3, 729),
(4372, '414.00', 4, 729),
(4373, '414.00', 5, 729),
(4374, '200.00', 6, 729),
(4375, '360.00', 1, 730),
(4376, '324.00', 2, 730),
(4377, '288.00', 3, 730),
(4378, '414.00', 4, 730),
(4379, '414.00', 5, 730),
(4380, '200.00', 6, 730),
(4381, '360.00', 1, 731),
(4382, '324.00', 2, 731),
(4383, '288.00', 3, 731),
(4384, '414.00', 4, 731),
(4385, '414.00', 5, 731),
(4386, '200.00', 6, 731),
(4387, '350.00', 1, 732),
(4388, '315.00', 2, 732),
(4389, '280.00', 3, 732),
(4390, '402.00', 4, 732),
(4391, '402.00', 5, 732),
(4392, '200.00', 6, 732),
(4393, '350.00', 1, 733),
(4394, '315.00', 2, 733),
(4395, '280.00', 3, 733),
(4396, '402.00', 4, 733),
(4397, '402.00', 5, 733),
(4398, '200.00', 6, 733),
(4399, '350.00', 1, 734),
(4400, '315.00', 2, 734),
(4401, '280.00', 3, 734),
(4402, '402.00', 4, 734),
(4403, '402.00', 5, 734),
(4404, '200.00', 6, 734),
(4405, '398.00', 1, 735),
(4406, '358.00', 2, 735),
(4407, '318.00', 3, 735),
(4408, '457.00', 4, 735),
(4409, '457.00', 5, 735),
(4410, '220.00', 6, 735),
(4411, '398.00', 1, 736),
(4412, '358.00', 2, 736),
(4413, '318.00', 3, 736),
(4414, '457.00', 4, 736),
(4415, '457.00', 5, 736),
(4416, '220.00', 6, 736),
(4417, '358.00', 1, 737),
(4418, '322.00', 2, 737),
(4419, '286.00', 3, 737),
(4420, '411.00', 4, 737),
(4421, '411.00', 5, 737),
(4422, '200.00', 6, 737),
(4423, '358.00', 1, 738),
(4424, '322.00', 2, 738),
(4425, '286.00', 3, 738),
(4426, '411.00', 4, 738),
(4427, '411.00', 5, 738),
(4428, '200.00', 6, 738),
(4429, '358.00', 1, 739),
(4430, '322.00', 2, 739),
(4431, '286.00', 3, 739),
(4432, '411.00', 4, 739),
(4433, '411.00', 5, 739),
(4434, '200.00', 6, 739),
(4435, '410.00', 1, 740),
(4436, '369.00', 2, 740),
(4437, '328.00', 3, 740),
(4438, '471.00', 4, 740),
(4439, '471.00', 5, 740),
(4440, '230.00', 6, 740),
(4441, '410.00', 1, 741),
(4442, '369.00', 2, 741),
(4443, '328.00', 3, 741),
(4444, '471.00', 4, 741),
(4445, '471.00', 5, 741),
(4446, '230.00', 6, 741),
(4447, '376.00', 1, 742),
(4448, '338.00', 2, 742),
(4449, '300.00', 3, 742),
(4450, '432.00', 4, 742),
(4451, '432.00', 5, 742),
(4452, '210.00', 6, 742),
(4453, '376.00', 1, 743),
(4454, '338.00', 2, 743),
(4455, '300.00', 3, 743),
(4456, '432.00', 4, 743),
(4457, '432.00', 5, 743),
(4458, '210.00', 6, 743),
(4459, '376.00', 1, 744),
(4460, '338.00', 2, 744),
(4461, '300.00', 3, 744),
(4462, '432.00', 4, 744),
(4463, '432.00', 5, 744),
(4464, '210.00', 6, 744),
(4465, '358.00', 1, 745),
(4466, '322.00', 2, 745),
(4467, '286.00', 3, 745),
(4468, '411.00', 4, 745),
(4469, '411.00', 5, 745),
(4470, '200.00', 6, 745),
(4471, '398.00', 1, 746),
(4472, '358.00', 2, 746),
(4473, '318.00', 3, 746),
(4474, '457.00', 4, 746),
(4475, '457.00', 5, 746),
(4476, '240.00', 6, 746),
(4477, '398.00', 1, 747),
(4478, '358.00', 2, 747),
(4479, '318.00', 3, 747),
(4480, '457.00', 4, 747),
(4481, '457.00', 5, 747),
(4482, '240.00', 6, 747),
(4483, '320.00', 1, 748),
(4484, '288.00', 2, 748),
(4485, '256.00', 3, 748),
(4486, '368.00', 4, 748),
(4487, '368.00', 5, 748),
(4488, '200.00', 6, 748),
(4489, '275.00', 1, 749),
(4490, '247.00', 2, 749),
(4491, '220.00', 3, 749),
(4492, '316.00', 4, 749),
(4493, '316.00', 5, 749),
(4494, '170.00', 6, 749),
(4495, '230.00', 1, 750),
(4496, '207.00', 2, 750),
(4497, '184.00', 3, 750),
(4498, '264.00', 4, 750),
(4499, '264.00', 5, 750),
(4500, '150.00', 6, 750),
(4501, '275.00', 1, 751),
(4502, '247.00', 2, 751),
(4503, '220.00', 3, 751),
(4504, '316.00', 4, 751),
(4505, '316.00', 5, 751),
(4506, '150.00', 6, 751),
(4507, '490.00', 1, 752),
(4508, '441.00', 2, 752),
(4509, '392.00', 3, 752),
(4510, '563.00', 4, 752),
(4511, '563.00', 5, 752),
(4512, '290.00', 6, 752),
(4513, '310.00', 1, 753),
(4514, '279.00', 2, 753),
(4515, '248.00', 3, 753),
(4516, '356.00', 4, 753),
(4517, '356.00', 5, 753),
(4518, '200.00', 6, 753),
(4519, '298.00', 1, 754),
(4520, '268.00', 2, 754),
(4521, '238.00', 3, 754),
(4522, '342.00', 4, 754),
(4523, '342.00', 5, 754),
(4524, '185.00', 6, 754),
(4525, '330.00', 1, 755),
(4526, '297.00', 2, 755),
(4527, '264.00', 3, 755),
(4528, '379.00', 4, 755),
(4529, '379.00', 5, 755),
(4530, '205.00', 6, 755),
(4531, '270.00', 1, 756),
(4532, '243.00', 2, 756),
(4533, '216.00', 3, 756),
(4534, '310.00', 4, 756),
(4535, '310.00', 5, 756),
(4536, '170.00', 6, 756),
(4537, '325.00', 1, 757),
(4538, '292.00', 2, 757),
(4539, '260.00', 3, 757),
(4540, '373.00', 4, 757),
(4541, '373.00', 5, 757),
(4542, '195.00', 6, 757),
(4543, '275.00', 1, 758),
(4544, '247.00', 2, 758),
(4545, '220.00', 3, 758),
(4546, '316.00', 4, 758),
(4547, '316.00', 5, 758),
(4548, '170.00', 6, 758),
(4549, '320.00', 1, 759),
(4550, '288.00', 2, 759),
(4551, '256.00', 3, 759),
(4552, '368.00', 4, 759),
(4553, '368.00', 5, 759),
(4554, '210.00', 6, 759),
(4555, '320.00', 1, 760),
(4556, '288.00', 2, 760),
(4557, '256.00', 3, 760),
(4558, '368.00', 4, 760),
(4559, '368.00', 5, 760),
(4560, '200.00', 6, 760),
(4561, '360.00', 1, 761),
(4562, '324.00', 2, 761),
(4563, '288.00', 3, 761),
(4564, '414.00', 4, 761),
(4565, '414.00', 5, 761),
(4566, '220.00', 6, 761),
(4567, '320.00', 1, 762),
(4568, '288.00', 2, 762),
(4569, '256.00', 3, 762),
(4570, '368.00', 4, 762),
(4571, '368.00', 5, 762),
(4572, '195.00', 6, 762),
(4573, '320.00', 1, 763),
(4574, '288.00', 2, 763),
(4575, '256.00', 3, 763),
(4576, '368.00', 4, 763),
(4577, '368.00', 5, 763),
(4578, '210.00', 6, 763),
(4579, '242.00', 1, 764),
(4580, '217.00', 2, 764),
(4581, '193.00', 3, 764),
(4582, '278.00', 4, 764),
(4583, '278.00', 5, 764),
(4584, '150.00', 6, 764),
(4585, '278.00', 1, 765),
(4586, '250.00', 2, 765),
(4587, '222.00', 3, 765),
(4588, '319.00', 4, 765),
(4589, '319.00', 5, 765),
(4590, '139.00', 6, 765),
(4591, '298.00', 1, 766),
(4592, '268.00', 2, 766),
(4593, '238.00', 3, 766),
(4594, '342.00', 4, 766),
(4595, '342.00', 5, 766),
(4596, '175.00', 6, 766),
(4597, '298.00', 1, 767),
(4598, '268.00', 2, 767),
(4599, '238.00', 3, 767),
(4600, '342.00', 4, 767),
(4601, '342.00', 5, 767),
(4602, '175.00', 6, 767),
(4603, '280.00', 1, 768),
(4604, '252.00', 2, 768),
(4605, '224.00', 3, 768),
(4606, '322.00', 4, 768),
(4607, '322.00', 5, 768),
(4608, '165.00', 6, 768),
(4609, '280.00', 1, 769),
(4610, '252.00', 2, 769),
(4611, '224.00', 3, 769),
(4612, '322.00', 4, 769),
(4613, '322.00', 5, 769),
(4614, '165.00', 6, 769),
(4615, '250.00', 1, 770),
(4616, '225.00', 2, 770),
(4617, '200.00', 3, 770),
(4618, '287.00', 4, 770),
(4619, '287.00', 5, 770),
(4620, '145.00', 6, 770),
(4621, '250.00', 1, 771),
(4622, '225.00', 2, 771),
(4623, '200.00', 3, 771),
(4624, '287.00', 4, 771),
(4625, '287.00', 5, 771),
(4626, '145.00', 6, 771),
(4627, '228.00', 1, 772),
(4628, '205.00', 2, 772),
(4629, '182.00', 3, 772),
(4630, '262.00', 4, 772),
(4631, '262.00', 5, 772),
(4632, '135.00', 6, 772),
(4633, '228.00', 1, 773),
(4634, '205.00', 2, 773),
(4635, '182.00', 3, 773),
(4636, '262.00', 4, 773),
(4637, '262.00', 5, 773),
(4638, '135.00', 6, 773),
(4639, '230.00', 1, 774),
(4640, '207.00', 2, 774),
(4641, '184.00', 3, 774),
(4642, '264.00', 4, 774),
(4643, '264.00', 5, 774),
(4644, '135.00', 6, 774),
(4645, '370.00', 1, 775),
(4646, '333.00', 2, 775),
(4647, '296.00', 3, 775),
(4648, '425.00', 4, 775),
(4649, '425.00', 5, 775),
(4650, '210.00', 6, 775),
(4651, '370.00', 1, 776),
(4652, '333.00', 2, 776),
(4653, '296.00', 3, 776),
(4654, '425.00', 4, 776),
(4655, '425.00', 5, 776),
(4656, '210.00', 6, 776),
(4657, '207.00', 1, 777),
(4658, '186.00', 2, 777),
(4659, '165.00', 3, 777),
(4660, '238.00', 4, 777),
(4661, '238.00', 5, 777),
(4662, '120.00', 6, 777),
(4663, '207.00', 1, 778),
(4664, '186.00', 2, 778),
(4665, '165.00', 3, 778),
(4666, '238.00', 4, 778),
(4667, '238.00', 5, 778),
(4668, '120.00', 6, 778),
(4669, '360.00', 1, 779),
(4670, '324.00', 2, 779),
(4671, '288.00', 3, 779),
(4672, '414.00', 4, 779),
(4673, '414.00', 5, 779),
(4674, '200.00', 6, 779),
(4675, '291.00', 1, 780),
(4676, '261.00', 2, 780),
(4677, '232.00', 3, 780),
(4678, '334.00', 4, 780),
(4679, '334.00', 5, 780),
(4680, '170.00', 6, 780),
(4681, '291.00', 1, 781),
(4682, '261.00', 2, 781),
(4683, '232.00', 3, 781),
(4684, '334.00', 4, 781),
(4685, '334.00', 5, 781),
(4686, '170.00', 6, 781),
(4687, '198.00', 1, 782),
(4688, '178.00', 2, 782),
(4689, '158.00', 3, 782),
(4690, '227.00', 4, 782),
(4691, '227.00', 5, 782),
(4692, '110.00', 6, 782),
(4693, '392.00', 1, 783),
(4694, '352.00', 2, 783),
(4695, '313.00', 3, 783),
(4696, '450.00', 4, 783),
(4697, '450.00', 5, 783),
(4698, '210.00', 6, 783),
(4699, '392.00', 1, 784),
(4700, '352.00', 2, 784),
(4701, '313.00', 3, 784),
(4702, '450.00', 4, 784),
(4703, '450.00', 5, 784),
(4704, '210.00', 6, 784),
(4705, '340.00', 1, 785),
(4706, '306.00', 2, 785),
(4707, '272.00', 3, 785),
(4708, '391.00', 4, 785),
(4709, '391.00', 5, 785),
(4710, '195.00', 6, 785),
(4711, '358.00', 1, 786),
(4712, '322.00', 2, 786),
(4713, '286.00', 3, 786),
(4714, '411.00', 4, 786),
(4715, '411.00', 5, 786),
(4716, '200.00', 6, 786),
(4717, '358.00', 1, 787),
(4718, '322.00', 2, 787),
(4719, '286.00', 3, 787),
(4720, '411.00', 4, 787),
(4721, '411.00', 5, 787),
(4722, '200.00', 6, 787),
(4723, '376.00', 1, 788),
(4724, '338.00', 2, 788),
(4725, '300.00', 3, 788),
(4726, '432.00', 4, 788),
(4727, '432.00', 5, 788),
(4728, '210.00', 6, 788),
(4729, '394.00', 1, 789),
(4730, '354.00', 2, 789),
(4731, '315.00', 3, 789),
(4732, '453.00', 4, 789),
(4733, '453.00', 5, 789),
(4734, '210.00', 6, 789),
(4735, '646.00', 1, 790),
(4736, '581.00', 2, 790),
(4737, '516.00', 3, 790),
(4738, '742.00', 4, 790),
(4739, '742.00', 5, 790),
(4740, '365.00', 6, 790),
(4741, '646.00', 1, 791),
(4742, '581.00', 2, 791),
(4743, '516.00', 3, 791),
(4744, '742.00', 4, 791),
(4745, '742.00', 5, 791),
(4746, '365.00', 6, 791),
(4747, '646.00', 1, 792),
(4748, '581.00', 2, 792),
(4749, '516.00', 3, 792),
(4750, '742.00', 4, 792),
(4751, '742.00', 5, 792),
(4752, '365.00', 6, 792),
(4753, '646.00', 1, 793),
(4754, '581.00', 2, 793),
(4755, '516.00', 3, 793),
(4756, '742.00', 4, 793),
(4757, '742.00', 5, 793),
(4758, '365.00', 6, 793),
(4759, '646.00', 1, 794),
(4760, '581.00', 2, 794),
(4761, '516.00', 3, 794),
(4762, '742.00', 4, 794),
(4763, '742.00', 5, 794),
(4764, '365.00', 6, 794),
(4765, '646.00', 1, 795),
(4766, '581.00', 2, 795),
(4767, '516.00', 3, 795),
(4768, '742.00', 4, 795),
(4769, '742.00', 5, 795),
(4770, '365.00', 6, 795),
(4771, '350.00', 1, 796),
(4772, '315.00', 2, 796),
(4773, '280.00', 3, 796),
(4774, '402.00', 4, 796),
(4775, '402.00', 5, 796),
(4776, '205.00', 6, 796),
(4777, '288.00', 1, 797),
(4778, '259.00', 2, 797),
(4779, '230.00', 3, 797),
(4780, '331.00', 4, 797),
(4781, '331.00', 5, 797),
(4782, '205.00', 6, 797),
(4783, '180.00', 1, 798),
(4784, '162.00', 2, 798),
(4785, '144.00', 3, 798),
(4786, '207.00', 4, 798),
(4787, '207.00', 5, 798),
(4788, '110.00', 6, 798),
(4789, '170.00', 1, 799),
(4790, '153.00', 2, 799),
(4791, '136.00', 3, 799),
(4792, '195.00', 4, 799),
(4793, '195.00', 5, 799),
(4794, '100.00', 6, 799),
(4795, '170.00', 1, 800),
(4796, '153.00', 2, 800),
(4797, '136.00', 3, 800),
(4798, '195.00', 4, 800),
(4799, '195.00', 5, 800),
(4800, '100.00', 6, 800),
(4801, '170.00', 1, 801),
(4802, '153.00', 2, 801),
(4803, '136.00', 3, 801),
(4804, '195.00', 4, 801),
(4805, '195.00', 5, 801),
(4806, '110.00', 6, 801),
(4807, '140.00', 1, 802),
(4808, '126.00', 2, 802),
(4809, '112.00', 3, 802),
(4810, '161.00', 4, 802),
(4811, '161.00', 5, 802),
(4812, '90.00', 6, 802),
(4813, '198.00', 1, 803),
(4814, '178.00', 2, 803),
(4815, '158.00', 3, 803),
(4816, '227.00', 4, 803),
(4817, '227.00', 5, 803),
(4818, '110.00', 6, 803),
(4819, '228.00', 1, 804),
(4820, '205.00', 2, 804),
(4821, '182.00', 3, 804),
(4822, '262.00', 4, 804),
(4823, '262.00', 5, 804),
(4824, '130.00', 6, 804),
(4825, '210.00', 1, 805),
(4826, '189.00', 2, 805),
(4827, '168.00', 3, 805),
(4828, '241.00', 4, 805),
(4829, '241.00', 5, 805),
(4830, '110.00', 6, 805),
(4831, '198.00', 1, 806),
(4832, '178.00', 2, 806),
(4833, '158.00', 3, 806),
(4834, '227.00', 4, 806),
(4835, '227.00', 5, 806),
(4836, '100.00', 6, 806),
(4837, '219.00', 1, 807),
(4838, '197.00', 2, 807),
(4839, '175.00', 3, 807),
(4840, '251.00', 4, 807),
(4841, '251.00', 5, 807),
(4842, '109.00', 6, 807),
(4843, '304.00', 1, 808),
(4844, '273.00', 2, 808),
(4845, '243.00', 3, 808),
(4846, '349.00', 4, 808),
(4847, '349.00', 5, 808),
(4848, '170.00', 6, 808),
(4849, '260.00', 1, 809),
(4850, '234.00', 2, 809),
(4851, '208.00', 3, 809),
(4852, '299.00', 4, 809),
(4853, '299.00', 5, 809),
(4854, '150.00', 6, 809),
(4855, '359.00', 1, 810),
(4856, '323.00', 2, 810),
(4857, '287.00', 3, 810),
(4858, '412.00', 4, 810),
(4859, '412.00', 5, 810),
(4860, '190.00', 6, 810),
(4861, '262.00', 1, 811),
(4862, '235.00', 2, 811),
(4863, '209.00', 3, 811),
(4864, '301.00', 4, 811),
(4865, '301.00', 5, 811),
(4866, '150.00', 6, 811),
(4867, '130.00', 1, 812),
(4868, '117.00', 2, 812),
(4869, '104.00', 3, 812),
(4870, '149.00', 4, 812),
(4871, '149.00', 5, 812),
(4872, '65.00', 6, 812),
(4873, '290.00', 1, 813),
(4874, '261.00', 2, 813),
(4875, '232.00', 3, 813),
(4876, '333.00', 4, 813),
(4877, '333.00', 5, 813),
(4878, '150.00', 6, 813),
(4879, '320.00', 1, 814),
(4880, '288.00', 2, 814),
(4881, '256.00', 3, 814),
(4882, '368.00', 4, 814),
(4883, '368.00', 5, 814),
(4884, '170.00', 6, 814),
(4885, '320.00', 1, 815),
(4886, '288.00', 2, 815),
(4887, '256.00', 3, 815),
(4888, '368.00', 4, 815),
(4889, '368.00', 5, 815),
(4890, '180.00', 6, 815),
(4891, '320.00', 1, 816),
(4892, '288.00', 2, 816),
(4893, '256.00', 3, 816),
(4894, '368.00', 4, 816),
(4895, '368.00', 5, 816),
(4896, '180.00', 6, 816),
(4897, '219.00', 1, 817),
(4898, '197.00', 2, 817),
(4899, '175.00', 3, 817),
(4900, '251.00', 4, 817),
(4901, '251.00', 5, 817),
(4902, '120.00', 6, 817),
(4903, '227.00', 1, 818),
(4904, '204.00', 2, 818),
(4905, '181.00', 3, 818),
(4906, '261.00', 4, 818),
(4907, '261.00', 5, 818),
(4908, '125.00', 6, 818),
(4909, '490.00', 1, 819),
(4910, '441.00', 2, 819),
(4911, '392.00', 3, 819),
(4912, '563.00', 4, 819),
(4913, '563.00', 5, 819),
(4914, '260.00', 6, 819),
(4915, '490.00', 1, 820),
(4916, '441.00', 2, 820),
(4917, '392.00', 3, 820),
(4918, '563.00', 4, 820),
(4919, '563.00', 5, 820),
(4920, '260.00', 6, 820),
(4921, '268.00', 1, 821),
(4922, '241.00', 2, 821),
(4923, '268.00', 3, 821),
(4924, '308.00', 4, 821),
(4925, '308.00', 5, 821),
(4926, '150.00', 6, 821),
(4927, '308.00', 1, 822),
(4928, '277.00', 2, 822),
(4929, '246.00', 3, 822),
(4930, '354.00', 4, 822),
(4931, '354.00', 5, 822),
(4932, '170.00', 6, 822),
(4933, '350.00', 1, 823),
(4934, '315.00', 2, 823),
(4935, '280.00', 3, 823),
(4936, '402.00', 4, 823),
(4937, '402.00', 5, 823),
(4938, '195.00', 6, 823),
(4939, '250.00', 1, 824),
(4940, '225.00', 2, 824),
(4941, '200.00', 3, 824),
(4942, '287.00', 4, 824),
(4943, '287.00', 5, 824),
(4944, '140.00', 6, 824),
(4945, '470.00', 1, 825),
(4946, '423.00', 2, 825),
(4947, '376.00', 3, 825),
(4948, '540.00', 4, 825),
(4949, '540.00', 5, 825),
(4950, '250.00', 6, 825),
(4951, '440.00', 1, 826),
(4952, '396.00', 2, 826),
(4953, '352.00', 3, 826),
(4954, '506.00', 4, 826),
(4955, '506.00', 5, 826),
(4956, '240.00', 6, 826),
(4957, '240.00', 1, 827),
(4958, '216.00', 2, 827),
(4959, '192.00', 3, 827),
(4960, '276.00', 4, 827),
(4961, '276.00', 5, 827),
(4962, '140.00', 6, 827),
(4963, '266.00', 1, 828),
(4964, '239.00', 2, 828),
(4965, '212.00', 3, 828),
(4966, '305.00', 4, 828),
(4967, '305.00', 5, 828),
(4968, '155.00', 6, 828),
(4969, '538.00', 1, 829),
(4970, '484.00', 2, 829),
(4971, '430.00', 3, 829),
(4972, '618.00', 4, 829),
(4973, '618.00', 5, 829),
(4974, '289.00', 6, 829),
(4975, '398.00', 1, 830),
(4976, '358.00', 2, 830),
(4977, '318.00', 3, 830),
(4978, '457.00', 4, 830),
(4979, '457.00', 5, 830),
(4980, '219.00', 6, 830),
(4981, '498.00', 1, 831),
(4982, '448.00', 2, 831),
(4983, '398.00', 3, 831),
(4984, '572.00', 4, 831),
(4985, '572.00', 5, 831),
(4986, '270.00', 6, 831),
(4987, '338.00', 1, 832),
(4988, '304.00', 2, 832),
(4989, '270.00', 3, 832),
(4990, '388.00', 4, 832),
(4991, '388.00', 5, 832),
(4992, '180.00', 6, 832),
(4993, '228.00', 1, 833),
(4994, '205.00', 2, 833),
(4995, '182.00', 3, 833),
(4996, '262.00', 4, 833),
(4997, '262.00', 5, 833),
(4998, '134.00', 6, 833),
(4999, '324.00', 1, 834),
(5000, '291.00', 2, 834),
(5001, '259.00', 3, 834),
(5002, '372.00', 4, 834),
(5003, '372.00', 5, 834),
(5004, '185.00', 6, 834),
(5005, '308.00', 1, 835),
(5006, '277.00', 2, 835),
(5007, '246.00', 3, 835),
(5008, '354.00', 4, 835),
(5009, '354.00', 5, 835),
(5010, '174.00', 6, 835),
(5011, '370.00', 1, 836),
(5012, '333.00', 2, 836),
(5013, '296.00', 3, 836),
(5014, '425.00', 4, 836),
(5015, '425.00', 5, 836),
(5016, '205.00', 6, 836),
(5017, '198.00', 1, 837),
(5018, '178.00', 2, 837),
(5019, '158.00', 3, 837),
(5020, '227.00', 4, 837),
(5021, '227.00', 5, 837),
(5022, '119.00', 6, 837),
(5023, '280.00', 1, 838),
(5024, '252.00', 2, 838),
(5025, '224.00', 3, 838),
(5026, '322.00', 4, 838),
(5027, '322.00', 5, 838),
(5028, '160.00', 6, 838),
(5029, '278.00', 1, 839),
(5030, '250.00', 2, 839),
(5031, '222.00', 3, 839),
(5032, '319.00', 4, 839),
(5033, '319.00', 5, 839),
(5034, '170.00', 6, 839),
(5035, '320.00', 1, 840),
(5036, '288.00', 2, 840),
(5037, '256.00', 3, 840),
(5038, '368.00', 4, 840),
(5039, '368.00', 5, 840),
(5040, '180.00', 6, 840),
(5041, '278.00', 1, 841),
(5042, '250.00', 2, 841),
(5043, '222.00', 3, 841),
(5044, '319.00', 4, 841),
(5045, '319.00', 5, 841),
(5046, '170.00', 6, 841),
(5047, '140.00', 1, 842),
(5048, '126.00', 2, 842),
(5049, '112.00', 3, 842),
(5050, '161.00', 4, 842),
(5051, '161.00', 5, 842),
(5052, '90.00', 6, 842),
(5053, '298.00', 1, 843),
(5054, '268.00', 2, 843),
(5055, '238.00', 3, 843),
(5056, '342.00', 4, 843),
(5057, '342.00', 5, 843),
(5058, '170.00', 6, 843),
(5059, '598.00', 1, 844),
(5060, '538.00', 2, 844),
(5061, '478.00', 3, 844),
(5062, '687.00', 4, 844),
(5063, '687.00', 5, 844),
(5064, '330.00', 6, 844),
(5065, '590.00', 1, 845),
(5066, '531.00', 2, 845),
(5067, '472.00', 3, 845),
(5068, '678.00', 4, 845),
(5069, '678.00', 5, 845),
(5070, '310.00', 6, 845),
(5071, '310.00', 1, 846),
(5072, '279.00', 2, 846),
(5073, '248.00', 3, 846),
(5074, '356.00', 4, 846),
(5075, '356.00', 5, 846),
(5076, '170.00', 6, 846),
(5077, '338.00', 1, 847),
(5078, '304.00', 2, 847),
(5079, '270.00', 3, 847),
(5080, '388.00', 4, 847),
(5081, '388.00', 5, 847),
(5082, '180.00', 6, 847),
(5083, '240.00', 1, 848),
(5084, '216.00', 2, 848),
(5085, '192.00', 3, 848),
(5086, '276.00', 4, 848),
(5087, '276.00', 5, 848),
(5088, '140.00', 6, 848),
(5089, '230.00', 1, 849),
(5090, '207.00', 2, 849),
(5091, '184.00', 3, 849),
(5092, '264.00', 4, 849),
(5093, '264.00', 5, 849),
(5094, '125.00', 6, 849),
(5095, '280.00', 1, 850),
(5096, '252.00', 2, 850),
(5097, '224.00', 3, 850),
(5098, '322.00', 4, 850),
(5099, '322.00', 5, 850),
(5100, '160.00', 6, 850),
(5101, '238.00', 1, 851),
(5102, '214.00', 2, 851),
(5103, '190.00', 3, 851),
(5104, '273.00', 4, 851),
(5105, '273.00', 5, 851),
(5106, '125.00', 6, 851),
(5107, '70.00', 1, 852),
(5108, '63.00', 2, 852),
(5109, '56.00', 3, 852),
(5110, '80.00', 4, 852),
(5111, '80.00', 5, 852),
(5112, '40.00', 6, 852),
(5113, '130.00', 1, 853),
(5114, '117.00', 2, 853),
(5115, '104.00', 3, 853),
(5116, '149.00', 4, 853),
(5117, '149.00', 5, 853),
(5118, '75.00', 6, 853),
(5119, '278.00', 1, 854),
(5120, '250.00', 2, 854),
(5121, '222.00', 3, 854),
(5122, '319.00', 4, 854),
(5123, '319.00', 5, 854),
(5124, '160.00', 6, 854),
(5125, '598.00', 1, 855),
(5126, '538.00', 2, 855),
(5127, '478.00', 3, 855),
(5128, '687.00', 4, 855),
(5129, '687.00', 5, 855),
(5130, '330.00', 6, 855),
(5131, '298.00', 1, 856),
(5132, '268.00', 2, 856),
(5133, '238.00', 3, 856),
(5134, '342.00', 4, 856),
(5135, '342.00', 5, 856),
(5136, '160.00', 6, 856),
(5137, '219.00', 1, 857),
(5138, '197.00', 2, 857),
(5139, '175.00', 3, 857),
(5140, '251.00', 4, 857),
(5141, '251.00', 5, 857),
(5142, '120.00', 6, 857),
(5143, '350.00', 1, 858),
(5144, '315.00', 2, 858),
(5145, '280.00', 3, 858),
(5146, '402.00', 4, 858),
(5147, '402.00', 5, 858),
(5148, '195.00', 6, 858),
(5149, '174.00', 1, 859),
(5150, '156.00', 2, 859),
(5151, '139.00', 3, 859),
(5152, '200.00', 4, 859),
(5153, '200.00', 5, 859),
(5154, '95.00', 6, 859),
(5155, '205.00', 1, 860),
(5156, '184.00', 2, 860),
(5157, '164.00', 3, 860),
(5158, '235.00', 4, 860),
(5159, '235.00', 5, 860),
(5160, '115.00', 6, 860),
(5161, '285.00', 1, 861),
(5162, '256.00', 2, 861),
(5163, '228.00', 3, 861),
(5164, '327.00', 4, 861),
(5165, '327.00', 5, 861),
(5166, '155.00', 6, 861),
(5167, '498.00', 1, 862),
(5168, '448.00', 2, 862),
(5169, '398.00', 3, 862),
(5170, '572.00', 4, 862),
(5171, '572.00', 5, 862),
(5172, '270.00', 6, 862),
(5173, '498.00', 1, 863),
(5174, '448.00', 2, 863),
(5175, '398.00', 3, 863),
(5176, '572.00', 4, 863),
(5177, '572.00', 5, 863),
(5178, '270.00', 6, 863),
(5179, '470.00', 1, 864),
(5180, '423.00', 2, 864),
(5181, '376.00', 3, 864),
(5182, '540.00', 4, 864),
(5183, '540.00', 5, 864),
(5184, '260.00', 6, 864),
(5185, '598.00', 1, 865),
(5186, '538.00', 2, 865),
(5187, '478.00', 3, 865),
(5188, '687.00', 4, 865),
(5189, '687.00', 5, 865),
(5190, '320.00', 6, 865),
(5191, '408.00', 1, 866),
(5192, '367.00', 2, 866),
(5193, '326.00', 3, 866),
(5194, '469.00', 4, 866),
(5195, '469.00', 5, 866),
(5196, '225.00', 6, 866),
(5197, '280.00', 1, 867),
(5198, '252.00', 2, 867),
(5199, '224.00', 3, 867),
(5200, '322.00', 4, 867),
(5201, '322.00', 5, 867),
(5202, '160.00', 6, 867),
(5203, '359.00', 1, 868),
(5204, '323.00', 2, 868),
(5205, '287.00', 3, 868),
(5206, '412.00', 4, 868),
(5207, '412.00', 5, 868),
(5208, '200.00', 6, 868),
(5209, '359.00', 1, 869),
(5210, '323.00', 2, 869),
(5211, '287.00', 3, 869),
(5212, '412.00', 4, 869),
(5213, '412.00', 5, 869),
(5214, '199.00', 6, 869),
(5215, '290.00', 1, 870),
(5216, '261.00', 2, 870),
(5217, '232.00', 3, 870),
(5218, '333.00', 4, 870),
(5219, '333.00', 5, 870),
(5220, '165.00', 6, 870),
(5221, '270.00', 1, 871),
(5222, '243.00', 2, 871),
(5223, '216.00', 3, 871),
(5224, '310.00', 4, 871),
(5225, '310.00', 5, 871),
(5226, '155.00', 6, 871),
(5227, '460.00', 1, 872),
(5228, '414.00', 2, 872),
(5229, '368.00', 3, 872),
(5230, '529.00', 4, 872),
(5231, '529.00', 5, 872),
(5232, '250.00', 6, 872),
(5233, '360.00', 1, 873),
(5234, '324.00', 2, 873),
(5235, '288.00', 3, 873),
(5236, '414.00', 4, 873),
(5237, '414.00', 5, 873),
(5238, '200.00', 6, 873),
(5239, '280.00', 1, 874),
(5240, '252.00', 2, 874),
(5241, '224.00', 3, 874),
(5242, '322.00', 4, 874),
(5243, '322.00', 5, 874),
(5244, '160.00', 6, 874),
(5245, '260.00', 1, 875),
(5246, '234.00', 2, 875),
(5247, '208.00', 3, 875),
(5248, '299.00', 4, 875),
(5249, '299.00', 5, 875),
(5250, '150.00', 6, 875),
(5251, '340.00', 1, 876),
(5252, '306.00', 2, 876),
(5253, '272.00', 3, 876),
(5254, '391.00', 4, 876),
(5255, '391.00', 5, 876),
(5256, '190.00', 6, 876),
(5257, '360.00', 1, 877),
(5258, '324.00', 2, 877),
(5259, '288.00', 3, 877),
(5260, '414.00', 4, 877),
(5261, '414.00', 5, 877),
(5262, '200.00', 6, 877),
(5263, '360.00', 1, 878),
(5264, '324.00', 2, 878),
(5265, '288.00', 3, 878),
(5266, '414.00', 4, 878),
(5267, '414.00', 5, 878),
(5268, '200.00', 6, 878),
(5269, '360.00', 1, 879),
(5270, '324.00', 2, 879),
(5271, '288.00', 3, 879),
(5272, '414.00', 4, 879),
(5273, '414.00', 5, 879),
(5274, '200.00', 6, 879),
(5275, '538.00', 1, 880),
(5276, '484.00', 2, 880),
(5277, '430.00', 3, 880),
(5278, '618.00', 4, 880),
(5279, '618.00', 5, 880),
(5280, '290.00', 6, 880),
(5281, '538.00', 1, 881),
(5282, '484.00', 2, 881),
(5283, '430.00', 3, 881),
(5284, '618.00', 4, 881),
(5285, '618.00', 5, 881),
(5286, '290.00', 6, 881),
(5287, '538.00', 1, 882),
(5288, '484.00', 2, 882),
(5289, '430.00', 3, 882),
(5290, '618.00', 4, 882),
(5291, '618.00', 5, 882),
(5292, '290.00', 6, 882),
(5293, '538.00', 1, 883),
(5294, '484.00', 2, 883),
(5295, '430.00', 3, 883),
(5296, '618.00', 4, 883),
(5297, '618.00', 5, 883),
(5298, '290.00', 6, 883),
(5299, '538.00', 1, 884),
(5300, '484.00', 2, 884),
(5301, '430.00', 3, 884),
(5302, '618.00', 4, 884),
(5303, '618.00', 5, 884),
(5304, '290.00', 6, 884),
(5305, '538.00', 1, 885),
(5306, '484.00', 2, 885),
(5307, '430.00', 3, 885),
(5308, '618.00', 4, 885),
(5309, '618.00', 5, 885),
(5310, '290.00', 6, 885),
(5311, '498.00', 1, 886),
(5312, '448.00', 2, 886),
(5313, '398.00', 3, 886),
(5314, '572.00', 4, 886),
(5315, '572.00', 5, 886),
(5316, '269.00', 6, 886),
(5317, '498.00', 1, 887),
(5318, '448.00', 2, 887),
(5319, '398.00', 3, 887),
(5320, '572.00', 4, 887),
(5321, '572.00', 5, 887),
(5322, '269.00', 6, 887),
(5323, '498.00', 1, 888),
(5324, '448.00', 2, 888),
(5325, '398.00', 3, 888),
(5326, '572.00', 4, 888),
(5327, '572.00', 5, 888),
(5328, '269.00', 6, 888),
(5329, '498.00', 1, 889),
(5330, '448.00', 2, 889),
(5331, '398.00', 3, 889),
(5332, '572.00', 4, 889),
(5333, '572.00', 5, 889),
(5334, '269.00', 6, 889),
(5335, '498.00', 1, 890),
(5336, '448.00', 2, 890),
(5337, '398.00', 3, 890),
(5338, '572.00', 4, 890),
(5339, '572.00', 5, 890),
(5340, '269.00', 6, 890),
(5341, '498.00', 1, 891),
(5342, '448.00', 2, 891),
(5343, '398.00', 3, 891),
(5344, '572.00', 4, 891),
(5345, '572.00', 5, 891),
(5346, '269.00', 6, 891),
(5347, '538.00', 1, 892),
(5348, '484.00', 2, 892),
(5349, '430.00', 3, 892),
(5350, '618.00', 4, 892),
(5351, '618.00', 5, 892),
(5352, '289.00', 6, 892),
(5353, '538.00', 1, 893),
(5354, '484.00', 2, 893),
(5355, '430.00', 3, 893),
(5356, '618.00', 4, 893),
(5357, '618.00', 5, 893),
(5358, '289.00', 6, 893),
(5359, '538.00', 1, 894),
(5360, '484.00', 2, 894),
(5361, '430.00', 3, 894),
(5362, '618.00', 4, 894),
(5363, '618.00', 5, 894),
(5364, '289.00', 6, 894),
(5365, '538.00', 1, 895),
(5366, '484.00', 2, 895),
(5367, '430.00', 3, 895),
(5368, '618.00', 4, 895),
(5369, '618.00', 5, 895),
(5370, '289.00', 6, 895),
(5371, '638.00', 1, 896),
(5372, '574.00', 2, 896),
(5373, '510.00', 3, 896),
(5374, '733.00', 4, 896),
(5375, '733.00', 5, 896),
(5376, '340.00', 6, 896),
(5377, '148.00', 1, 897),
(5378, '133.00', 2, 897),
(5379, '118.00', 3, 897),
(5380, '170.00', 4, 897),
(5381, '170.00', 5, 897),
(5382, '90.00', 6, 897),
(5383, '368.00', 1, 898),
(5384, '331.00', 2, 898),
(5385, '294.00', 3, 898),
(5386, '423.00', 4, 898),
(5387, '423.00', 5, 898),
(5388, '220.00', 6, 898),
(5389, '368.00', 1, 899),
(5390, '331.00', 2, 899),
(5391, '294.00', 3, 899),
(5392, '423.00', 4, 899),
(5393, '423.00', 5, 899),
(5394, '220.00', 6, 899),
(5395, '298.00', 1, 900),
(5396, '268.00', 2, 900),
(5397, '238.00', 3, 900),
(5398, '342.00', 4, 900),
(5399, '342.00', 5, 900),
(5400, '180.00', 6, 900),
(5401, '298.00', 1, 901),
(5402, '268.00', 2, 901),
(5403, '238.00', 3, 901),
(5404, '342.00', 4, 901),
(5405, '342.00', 5, 901),
(5406, '180.00', 6, 901),
(5407, '298.00', 1, 902),
(5408, '268.00', 2, 902),
(5409, '238.00', 3, 902),
(5410, '342.00', 4, 902),
(5411, '342.00', 5, 902),
(5412, '180.00', 6, 902),
(5413, '568.00', 1, 903),
(5414, '511.00', 2, 903),
(5415, '454.00', 3, 903),
(5416, '653.00', 4, 903),
(5417, '653.00', 5, 903),
(5418, '340.00', 6, 903),
(5419, '498.00', 1, 904),
(5420, '448.00', 2, 904),
(5421, '398.00', 3, 904),
(5422, '572.00', 4, 904),
(5423, '572.00', 5, 904),
(5424, '300.00', 6, 904),
(5425, '568.00', 1, 905),
(5426, '511.00', 2, 905),
(5427, '454.00', 3, 905),
(5428, '653.00', 4, 905),
(5429, '653.00', 5, 905),
(5430, '350.00', 6, 905),
(5431, '498.00', 1, 906),
(5432, '448.00', 2, 906),
(5433, '398.00', 3, 906),
(5434, '572.00', 4, 906),
(5435, '572.00', 5, 906),
(5436, '300.00', 6, 906),
(5437, '498.00', 1, 907),
(5438, '448.00', 2, 907),
(5439, '398.00', 3, 907),
(5440, '572.00', 4, 907),
(5441, '572.00', 5, 907),
(5442, '300.00', 6, 907),
(5443, '498.00', 1, 908),
(5444, '448.00', 2, 908),
(5445, '398.00', 3, 908),
(5446, '572.00', 4, 908),
(5447, '572.00', 5, 908),
(5448, '300.00', 6, 908),
(5449, '398.00', 1, 909),
(5450, '358.00', 2, 909),
(5451, '318.00', 3, 909),
(5452, '457.00', 4, 909),
(5453, '457.00', 5, 909),
(5454, '240.00', 6, 909),
(5455, '498.00', 1, 910),
(5456, '448.00', 2, 910),
(5457, '398.00', 3, 910),
(5458, '572.00', 4, 910),
(5459, '572.00', 5, 910),
(5460, '300.00', 6, 910),
(5461, '538.00', 1, 911),
(5462, '484.00', 2, 911),
(5463, '430.00', 3, 911),
(5464, '618.00', 4, 911),
(5465, '618.00', 5, 911),
(5466, '289.00', 6, 911),
(5467, '538.00', 1, 912),
(5468, '484.00', 2, 912),
(5469, '430.00', 3, 912),
(5470, '618.00', 4, 912),
(5471, '618.00', 5, 912),
(5472, '289.00', 6, 912),
(5473, '568.00', 1, 913),
(5474, '511.00', 2, 913),
(5475, '454.00', 3, 913),
(5476, '653.00', 4, 913),
(5477, '653.00', 5, 913),
(5478, '350.00', 6, 913),
(5479, '568.00', 1, 914),
(5480, '511.00', 2, 914),
(5481, '454.00', 3, 914),
(5482, '653.00', 4, 914),
(5483, '653.00', 5, 914),
(5484, '350.00', 6, 914),
(5485, '568.00', 1, 915),
(5486, '511.00', 2, 915),
(5487, '454.00', 3, 915),
(5488, '653.00', 4, 915),
(5489, '653.00', 5, 915),
(5490, '350.00', 6, 915),
(5491, '568.00', 1, 916),
(5492, '511.00', 2, 916),
(5493, '454.00', 3, 916),
(5494, '653.00', 4, 916),
(5495, '653.00', 5, 916),
(5496, '350.00', 6, 916),
(5497, '568.00', 1, 917),
(5498, '511.00', 2, 917),
(5499, '454.00', 3, 917),
(5500, '653.00', 4, 917),
(5501, '653.00', 5, 917),
(5502, '350.00', 6, 917),
(5503, '568.00', 1, 918),
(5504, '511.00', 2, 918),
(5505, '454.00', 3, 918),
(5506, '653.00', 4, 918),
(5507, '653.00', 5, 918),
(5508, '350.00', 6, 918),
(5509, '398.00', 1, 919),
(5510, '358.00', 2, 919),
(5511, '318.00', 3, 919),
(5512, '457.00', 4, 919),
(5513, '457.00', 5, 919),
(5514, '210.00', 6, 919),
(5515, '398.00', 1, 920),
(5516, '358.00', 2, 920),
(5517, '318.00', 3, 920),
(5518, '457.00', 4, 920),
(5519, '457.00', 5, 920),
(5520, '210.00', 6, 920),
(5521, '668.00', 1, 921),
(5522, '601.00', 2, 921),
(5523, '534.00', 3, 921),
(5524, '768.00', 4, 921),
(5525, '768.00', 5, 921),
(5526, '360.00', 6, 921),
(5527, '668.00', 1, 922),
(5528, '601.00', 2, 922),
(5529, '534.00', 3, 922),
(5530, '768.00', 4, 922),
(5531, '768.00', 5, 922),
(5532, '360.00', 6, 922),
(5533, '668.00', 1, 923),
(5534, '601.00', 2, 923),
(5535, '534.00', 3, 923),
(5536, '768.00', 4, 923),
(5537, '768.00', 5, 923),
(5538, '360.00', 6, 923),
(5539, '668.00', 1, 924),
(5540, '601.00', 2, 924),
(5541, '534.00', 3, 924),
(5542, '768.00', 4, 924),
(5543, '768.00', 5, 924),
(5544, '360.00', 6, 924),
(5545, '498.00', 1, 925),
(5546, '448.00', 2, 925),
(5547, '398.00', 3, 925),
(5548, '572.00', 4, 925),
(5549, '572.00', 5, 925),
(5550, '300.00', 6, 925),
(5551, '498.00', 1, 926),
(5552, '448.00', 2, 926),
(5553, '398.00', 3, 926),
(5554, '572.00', 4, 926),
(5555, '572.00', 5, 926),
(5556, '300.00', 6, 926),
(5557, '498.00', 1, 927),
(5558, '448.00', 2, 927),
(5559, '398.00', 3, 927),
(5560, '572.00', 4, 927),
(5561, '572.00', 5, 927),
(5562, '300.00', 6, 927),
(5563, '498.00', 1, 928),
(5564, '448.00', 2, 928),
(5565, '398.00', 3, 928),
(5566, '572.00', 4, 928),
(5567, '572.00', 5, 928),
(5568, '300.00', 6, 928),
(5569, '498.00', 1, 929),
(5570, '448.00', 2, 929),
(5571, '398.00', 3, 929),
(5572, '572.00', 4, 929),
(5573, '572.00', 5, 929),
(5574, '300.00', 6, 929),
(5575, '498.00', 1, 930),
(5576, '448.00', 2, 930),
(5577, '398.00', 3, 930),
(5578, '572.00', 4, 930),
(5579, '572.00', 5, 930),
(5580, '300.00', 6, 930),
(5581, '398.00', 1, 931),
(5582, '358.00', 2, 931),
(5583, '318.00', 3, 931),
(5584, '457.00', 4, 931),
(5585, '457.00', 5, 931),
(5586, '240.00', 6, 931),
(5587, '398.00', 1, 932),
(5588, '358.00', 2, 932),
(5589, '318.00', 3, 932),
(5590, '457.00', 4, 932),
(5591, '457.00', 5, 932),
(5592, '240.00', 6, 932),
(5593, '398.00', 1, 933),
(5594, '358.00', 2, 933),
(5595, '318.00', 3, 933),
(5596, '457.00', 4, 933),
(5597, '457.00', 5, 933),
(5598, '240.00', 6, 933),
(5599, '398.00', 1, 934),
(5600, '358.00', 2, 934),
(5601, '318.00', 3, 934),
(5602, '457.00', 4, 934),
(5603, '457.00', 5, 934),
(5604, '240.00', 6, 934),
(5605, '538.00', 1, 935),
(5606, '484.00', 2, 935),
(5607, '430.00', 3, 935),
(5608, '618.00', 4, 935),
(5609, '618.00', 5, 935),
(5610, '330.00', 6, 935),
(5611, '180.00', 1, 936),
(5612, '162.00', 2, 936),
(5613, '144.00', 3, 936),
(5614, '207.00', 4, 936),
(5615, '207.00', 5, 936),
(5616, '110.00', 6, 936),
(5617, '180.00', 1, 937),
(5618, '162.00', 2, 937),
(5619, '144.00', 3, 937),
(5620, '207.00', 4, 937),
(5621, '207.00', 5, 937),
(5622, '110.00', 6, 937),
(5623, '180.00', 1, 938),
(5624, '162.00', 2, 938),
(5625, '144.00', 3, 938),
(5626, '207.00', 4, 938),
(5627, '207.00', 5, 938),
(5628, '110.00', 6, 938),
(5629, '180.00', 1, 939),
(5630, '162.00', 2, 939),
(5631, '144.00', 3, 939),
(5632, '207.00', 4, 939),
(5633, '207.00', 5, 939),
(5634, '110.00', 6, 939),
(5635, '180.00', 1, 940),
(5636, '162.00', 2, 940),
(5637, '144.00', 3, 940),
(5638, '207.00', 4, 940),
(5639, '207.00', 5, 940),
(5640, '110.00', 6, 940),
(5641, '180.00', 1, 941),
(5642, '162.00', 2, 941),
(5643, '144.00', 3, 941),
(5644, '207.00', 4, 941),
(5645, '207.00', 5, 941),
(5646, '110.00', 6, 941),
(5647, '180.00', 1, 942),
(5648, '162.00', 2, 942),
(5649, '144.00', 3, 942),
(5650, '207.00', 4, 942),
(5651, '207.00', 5, 942),
(5652, '110.00', 6, 942),
(5653, '180.00', 1, 943),
(5654, '162.00', 2, 943),
(5655, '144.00', 3, 943),
(5656, '207.00', 4, 943),
(5657, '207.00', 5, 943),
(5658, '110.00', 6, 943),
(5659, '180.00', 1, 944),
(5660, '162.00', 2, 944),
(5661, '144.00', 3, 944),
(5662, '207.00', 4, 944),
(5663, '207.00', 5, 944),
(5664, '110.00', 6, 944),
(5665, '180.00', 1, 945),
(5666, '162.00', 2, 945),
(5667, '144.00', 3, 945),
(5668, '207.00', 4, 945),
(5669, '207.00', 5, 945),
(5670, '110.00', 6, 945),
(5671, '180.00', 1, 946),
(5672, '162.00', 2, 946),
(5673, '144.00', 3, 946),
(5674, '207.00', 4, 946),
(5675, '207.00', 5, 946),
(5676, '110.00', 6, 946),
(5677, '180.00', 1, 947),
(5678, '162.00', 2, 947),
(5679, '144.00', 3, 947),
(5680, '207.00', 4, 947),
(5681, '207.00', 5, 947),
(5682, '110.00', 6, 947),
(5683, '180.00', 1, 948),
(5684, '162.00', 2, 948),
(5685, '144.00', 3, 948),
(5686, '207.00', 4, 948),
(5687, '207.00', 5, 948),
(5688, '110.00', 6, 948),
(5689, '180.00', 1, 949),
(5690, '162.00', 2, 949),
(5691, '144.00', 3, 949),
(5692, '207.00', 4, 949),
(5693, '207.00', 5, 949),
(5694, '110.00', 6, 949),
(5695, '180.00', 1, 950),
(5696, '162.00', 2, 950),
(5697, '144.00', 3, 950),
(5698, '207.00', 4, 950),
(5699, '207.00', 5, 950),
(5700, '110.00', 6, 950),
(5701, '180.00', 1, 951),
(5702, '162.00', 2, 951),
(5703, '144.00', 3, 951),
(5704, '207.00', 4, 951),
(5705, '207.00', 5, 951),
(5706, '110.00', 6, 951),
(5707, '180.00', 1, 952),
(5708, '162.00', 2, 952),
(5709, '144.00', 3, 952),
(5710, '207.00', 4, 952),
(5711, '207.00', 5, 952),
(5712, '110.00', 6, 952),
(5713, '338.00', 1, 953),
(5714, '304.00', 2, 953),
(5715, '270.00', 3, 953),
(5716, '388.00', 4, 953),
(5717, '388.00', 5, 953),
(5718, '210.00', 6, 953),
(5719, '338.00', 1, 954),
(5720, '304.00', 2, 954),
(5721, '270.00', 3, 954),
(5722, '388.00', 4, 954),
(5723, '388.00', 5, 954),
(5724, '210.00', 6, 954),
(5725, '538.00', 1, 955),
(5726, '484.00', 2, 955),
(5727, '430.00', 3, 955),
(5728, '618.00', 4, 955),
(5729, '618.00', 5, 955),
(5730, '330.00', 6, 955),
(5731, '538.00', 1, 956),
(5732, '484.00', 2, 956),
(5733, '430.00', 3, 956),
(5734, '618.00', 4, 956),
(5735, '618.00', 5, 956),
(5736, '330.00', 6, 956),
(5737, '338.00', 1, 957),
(5738, '304.00', 2, 957),
(5739, '270.00', 3, 957),
(5740, '388.00', 4, 957),
(5741, '388.00', 5, 957),
(5742, '210.00', 6, 957),
(5743, '368.00', 1, 958),
(5744, '331.00', 2, 958),
(5745, '294.00', 3, 958),
(5746, '423.00', 4, 958),
(5747, '423.00', 5, 958),
(5748, '220.00', 6, 958),
(5749, '368.00', 1, 959),
(5750, '331.00', 2, 959),
(5751, '294.00', 3, 959),
(5752, '423.00', 4, 959),
(5753, '423.00', 5, 959),
(5754, '220.00', 6, 959),
(5755, '708.00', 1, 960),
(5756, '637.00', 2, 960),
(5757, '566.00', 3, 960),
(5758, '814.00', 4, 960),
(5759, '814.00', 5, 960),
(5760, '354.00', 6, 960),
(5761, '1190.00', 1, 961),
(5762, '1071.00', 2, 961),
(5763, '952.00', 3, 961),
(5764, '1368.00', 4, 961),
(5765, '1368.00', 5, 961),
(5766, '720.00', 6, 961),
(5767, '700.00', 1, 962),
(5768, '630.00', 2, 962),
(5769, '560.00', 3, 962),
(5770, '805.00', 4, 962),
(5771, '805.00', 5, 962),
(5772, '350.00', 6, 962),
(5773, '870.00', 1, 963),
(5774, '783.00', 2, 963),
(5775, '696.00', 3, 963),
(5776, '1000.00', 4, 963),
(5777, '1000.00', 5, 963),
(5778, '435.00', 6, 963),
(5779, '650.00', 1, 964),
(5780, '585.00', 2, 964),
(5781, '520.00', 3, 964),
(5782, '747.00', 4, 964),
(5783, '747.00', 5, 964),
(5784, '325.00', 6, 964),
(5785, '1200.00', 1, 965),
(5786, '1080.00', 2, 965),
(5787, '960.00', 3, 965),
(5788, '1380.00', 4, 965),
(5789, '1380.00', 5, 965),
(5790, '600.00', 6, 965),
(5791, '650.00', 1, 966),
(5792, '585.00', 2, 966),
(5793, '520.00', 3, 966),
(5794, '747.00', 4, 966),
(5795, '747.00', 5, 966),
(5796, '350.00', 6, 966),
(5797, '800.00', 1, 967),
(5798, '720.00', 2, 967),
(5799, '640.00', 3, 967),
(5800, '920.00', 4, 967),
(5801, '920.00', 5, 967),
(5802, '430.00', 6, 967),
(5803, '399.00', 1, 968),
(5804, '359.00', 2, 968),
(5805, '319.00', 3, 968),
(5806, '458.00', 4, 968),
(5807, '458.00', 5, 968),
(5808, '220.00', 6, 968),
(5809, '425.00', 1, 969),
(5810, '382.00', 2, 969),
(5811, '340.00', 3, 969),
(5812, '488.00', 4, 969),
(5813, '488.00', 5, 969),
(5814, '230.00', 6, 969),
(5815, '498.00', 1, 970),
(5816, '448.00', 2, 970),
(5817, '398.00', 3, 970),
(5818, '572.00', 4, 970),
(5819, '572.00', 5, 970),
(5820, '270.00', 6, 970),
(5821, '598.00', 1, 971),
(5822, '538.00', 2, 971),
(5823, '478.00', 3, 971),
(5824, '687.00', 4, 971),
(5825, '687.00', 5, 971),
(5826, '320.00', 6, 971),
(5827, '390.00', 1, 972),
(5828, '351.00', 2, 972),
(5829, '312.00', 3, 972),
(5830, '448.00', 4, 972),
(5831, '448.00', 5, 972),
(5832, '220.00', 6, 972),
(5833, '578.00', 1, 973),
(5834, '520.00', 2, 973),
(5835, '462.00', 3, 973),
(5836, '664.00', 4, 973),
(5837, '664.00', 5, 973),
(5838, '320.00', 6, 973),
(5839, '598.00', 1, 974),
(5840, '538.00', 2, 974),
(5841, '478.00', 3, 974),
(5842, '687.00', 4, 974),
(5843, '687.00', 5, 974),
(5844, '330.00', 6, 974),
(5845, '398.00', 1, 975),
(5846, '358.00', 2, 975),
(5847, '318.00', 3, 975),
(5848, '457.00', 4, 975),
(5849, '457.00', 5, 975),
(5850, '330.00', 6, 975),
(5851, '598.00', 1, 976),
(5852, '538.00', 2, 976),
(5853, '478.00', 3, 976),
(5854, '687.00', 4, 976),
(5855, '687.00', 5, 976),
(5856, '300.00', 6, 976),
(5857, '434.00', 1, 977),
(5858, '390.00', 2, 977),
(5859, '347.00', 3, 977),
(5860, '499.00', 4, 977),
(5861, '499.00', 5, 977),
(5862, '230.00', 6, 977),
(5863, '538.00', 1, 978),
(5864, '484.00', 2, 978),
(5865, '430.00', 3, 978),
(5866, '618.00', 4, 978),
(5867, '618.00', 5, 978),
(5868, '290.00', 6, 978),
(5869, '560.00', 1, 979),
(5870, '504.00', 2, 979),
(5871, '448.00', 3, 979),
(5872, '644.00', 4, 979),
(5873, '644.00', 5, 979),
(5874, '310.00', 6, 979),
(5875, '612.00', 1, 980),
(5876, '550.00', 2, 980),
(5877, '489.00', 3, 980),
(5878, '703.00', 4, 980),
(5879, '703.00', 5, 980),
(5880, '330.00', 6, 980),
(5881, '1100.00', 1, 981),
(5882, '990.00', 2, 981),
(5883, '880.00', 3, 981),
(5884, '1265.00', 4, 981),
(5885, '1265.00', 5, 981),
(5886, '700.00', 6, 981),
(5887, '650.00', 1, 982),
(5888, '585.00', 2, 982),
(5889, '520.00', 3, 982),
(5890, '747.00', 4, 982),
(5891, '747.00', 5, 982),
(5892, '350.00', 6, 982),
(5893, '700.00', 1, 983),
(5894, '630.00', 2, 983),
(5895, '560.00', 3, 983),
(5896, '805.00', 4, 983),
(5897, '805.00', 5, 983),
(5898, '400.00', 6, 983),
(5899, '800.00', 1, 984),
(5900, '720.00', 2, 984),
(5901, '640.00', 3, 984),
(5902, '920.00', 4, 984),
(5903, '920.00', 5, 984),
(5904, '400.00', 6, 984),
(5905, '1190.00', 1, 985),
(5906, '1071.00', 2, 985),
(5907, '952.00', 3, 985),
(5908, '1368.00', 4, 985),
(5909, '1368.00', 5, 985),
(5910, '800.00', 6, 985),
(5911, '370.00', 1, 986),
(5912, '333.00', 2, 986),
(5913, '296.00', 3, 986),
(5914, '425.00', 4, 986),
(5915, '425.00', 5, 986),
(5916, '200.00', 6, 986),
(5917, '600.00', 1, 987),
(5918, '540.00', 2, 987),
(5919, '480.00', 3, 987),
(5920, '690.00', 4, 987),
(5921, '690.00', 5, 987),
(5922, '330.00', 6, 987),
(5923, '568.00', 1, 988),
(5924, '511.00', 2, 988),
(5925, '454.00', 3, 988),
(5926, '653.00', 4, 988),
(5927, '653.00', 5, 988),
(5928, '300.00', 6, 988),
(5929, '498.00', 1, 989),
(5930, '448.00', 2, 989),
(5931, '398.00', 3, 989),
(5932, '572.00', 4, 989),
(5933, '572.00', 5, 989),
(5934, '280.00', 6, 989),
(5935, '380.00', 1, 990),
(5936, '342.00', 2, 990),
(5937, '304.00', 3, 990),
(5938, '437.00', 4, 990),
(5939, '437.00', 5, 990),
(5940, '220.00', 6, 990),
(5941, '465.00', 1, 991),
(5942, '418.00', 2, 991),
(5943, '372.00', 3, 991),
(5944, '534.00', 4, 991),
(5945, '534.00', 5, 991),
(5946, '250.00', 6, 991),
(5947, '538.00', 1, 992),
(5948, '484.00', 2, 992),
(5949, '430.00', 3, 992),
(5950, '618.00', 4, 992),
(5951, '618.00', 5, 992),
(5952, '280.00', 6, 992),
(5953, '538.00', 1, 993),
(5954, '484.00', 2, 993),
(5955, '430.00', 3, 993),
(5956, '618.00', 4, 993),
(5957, '618.00', 5, 993),
(5958, '280.00', 6, 993),
(5959, '498.00', 1, 994),
(5960, '448.00', 2, 994),
(5961, '398.00', 3, 994),
(5962, '572.00', 4, 994),
(5963, '572.00', 5, 994),
(5964, '280.00', 6, 994),
(5965, '498.00', 1, 995),
(5966, '448.00', 2, 995),
(5967, '398.00', 3, 995),
(5968, '572.00', 4, 995),
(5969, '572.00', 5, 995),
(5970, '280.00', 6, 995),
(5971, '538.00', 1, 996),
(5972, '484.00', 2, 996),
(5973, '430.00', 3, 996),
(5974, '618.00', 4, 996),
(5975, '618.00', 5, 996),
(5976, '300.00', 6, 996),
(5977, '538.00', 1, 997),
(5978, '484.00', 2, 997),
(5979, '430.00', 3, 997),
(5980, '618.00', 4, 997),
(5981, '618.00', 5, 997),
(5982, '300.00', 6, 997),
(5983, '538.00', 1, 998),
(5984, '484.00', 2, 998),
(5985, '430.00', 3, 998),
(5986, '618.00', 4, 998),
(5987, '618.00', 5, 998),
(5988, '300.00', 6, 998),
(5989, '148.00', 1, 999),
(5990, '133.00', 2, 999),
(5991, '118.00', 3, 999),
(5992, '170.00', 4, 999),
(5993, '170.00', 5, 999),
(5994, '90.00', 6, 999),
(5995, '148.00', 1, 1000),
(5996, '133.00', 2, 1000),
(5997, '118.00', 3, 1000),
(5998, '170.00', 4, 1000),
(5999, '170.00', 5, 1000),
(6000, '90.00', 6, 1000),
(6001, '148.00', 1, 1001),
(6002, '133.00', 2, 1001),
(6003, '118.00', 3, 1001),
(6004, '170.00', 4, 1001),
(6005, '170.00', 5, 1001),
(6006, '90.00', 6, 1001),
(6007, '148.00', 1, 1002),
(6008, '133.00', 2, 1002),
(6009, '118.00', 3, 1002),
(6010, '170.00', 4, 1002),
(6011, '170.00', 5, 1002),
(6012, '90.00', 6, 1002),
(6013, '148.00', 1, 1003),
(6014, '133.00', 2, 1003),
(6015, '118.00', 3, 1003),
(6016, '170.00', 4, 1003),
(6017, '170.00', 5, 1003),
(6018, '90.00', 6, 1003),
(6019, '148.00', 1, 1004),
(6020, '133.00', 2, 1004),
(6021, '118.00', 3, 1004),
(6022, '170.00', 4, 1004),
(6023, '170.00', 5, 1004),
(6024, '90.00', 6, 1004),
(6025, '148.00', 1, 1005),
(6026, '133.00', 2, 1005),
(6027, '118.00', 3, 1005),
(6028, '170.00', 4, 1005),
(6029, '170.00', 5, 1005),
(6030, '90.00', 6, 1005),
(6031, '148.00', 1, 1006),
(6032, '133.00', 2, 1006),
(6033, '118.00', 3, 1006),
(6034, '170.00', 4, 1006),
(6035, '170.00', 5, 1006),
(6036, '90.00', 6, 1006),
(6037, '148.00', 1, 1007),
(6038, '133.00', 2, 1007),
(6039, '118.00', 3, 1007),
(6040, '170.00', 4, 1007),
(6041, '170.00', 5, 1007),
(6042, '90.00', 6, 1007),
(6043, '148.00', 1, 1008),
(6044, '133.00', 2, 1008),
(6045, '118.00', 3, 1008),
(6046, '170.00', 4, 1008),
(6047, '170.00', 5, 1008),
(6048, '90.00', 6, 1008),
(6049, '148.00', 1, 1009),
(6050, '133.00', 2, 1009),
(6051, '118.00', 3, 1009),
(6052, '170.00', 4, 1009),
(6053, '170.00', 5, 1009),
(6054, '90.00', 6, 1009),
(6055, '198.00', 1, 1010),
(6056, '178.00', 2, 1010),
(6057, '158.00', 3, 1010),
(6058, '227.00', 4, 1010),
(6059, '227.00', 5, 1010),
(6060, '110.00', 6, 1010),
(6061, '198.00', 1, 1011),
(6062, '178.00', 2, 1011),
(6063, '158.00', 3, 1011),
(6064, '227.00', 4, 1011),
(6065, '227.00', 5, 1011),
(6066, '110.00', 6, 1011),
(6067, '198.00', 1, 1012),
(6068, '178.00', 2, 1012),
(6069, '158.00', 3, 1012),
(6070, '227.00', 4, 1012),
(6071, '227.00', 5, 1012),
(6072, '110.00', 6, 1012),
(6073, '368.00', 1, 1013),
(6074, '331.00', 2, 1013),
(6075, '294.00', 3, 1013),
(6076, '423.00', 4, 1013),
(6077, '423.00', 5, 1013),
(6078, '210.00', 6, 1013),
(6079, '368.00', 1, 1014),
(6080, '331.00', 2, 1014),
(6081, '294.00', 3, 1014),
(6082, '423.00', 4, 1014),
(6083, '423.00', 5, 1014),
(6084, '210.00', 6, 1014),
(6085, '268.00', 1, 1015),
(6086, '241.00', 2, 1015),
(6087, '214.00', 3, 1015),
(6088, '308.00', 4, 1015),
(6089, '308.00', 5, 1015),
(6090, '160.00', 6, 1015),
(6091, '268.00', 1, 1016),
(6092, '241.00', 2, 1016),
(6093, '214.00', 3, 1016),
(6094, '308.00', 4, 1016),
(6095, '308.00', 5, 1016),
(6096, '160.00', 6, 1016),
(6097, '268.00', 1, 1017),
(6098, '241.00', 2, 1017),
(6099, '214.00', 3, 1017),
(6100, '308.00', 4, 1017),
(6101, '308.00', 5, 1017),
(6102, '160.00', 6, 1017),
(6103, '268.00', 1, 1018),
(6104, '241.00', 2, 1018),
(6105, '214.00', 3, 1018),
(6106, '308.00', 4, 1018),
(6107, '308.00', 5, 1018),
(6108, '160.00', 6, 1018),
(6109, '268.00', 1, 1019),
(6110, '241.00', 2, 1019),
(6111, '214.00', 3, 1019),
(6112, '308.00', 4, 1019),
(6113, '308.00', 5, 1019),
(6114, '160.00', 6, 1019),
(6115, '298.00', 1, 1020),
(6116, '268.00', 2, 1020),
(6117, '238.00', 3, 1020),
(6118, '342.00', 4, 1020),
(6119, '342.00', 5, 1020),
(6120, '170.00', 6, 1020),
(6121, '298.00', 1, 1021),
(6122, '268.00', 2, 1021),
(6123, '238.00', 3, 1021),
(6124, '342.00', 4, 1021),
(6125, '342.00', 5, 1021),
(6126, '170.00', 6, 1021),
(6127, '298.00', 1, 1022),
(6128, '268.00', 2, 1022),
(6129, '238.00', 3, 1022),
(6130, '342.00', 4, 1022),
(6131, '342.00', 5, 1022),
(6132, '170.00', 6, 1022),
(6133, '298.00', 1, 1023),
(6134, '268.00', 2, 1023),
(6135, '238.00', 3, 1023),
(6136, '342.00', 4, 1023),
(6137, '342.00', 5, 1023),
(6138, '170.00', 6, 1023),
(6139, '298.00', 1, 1024),
(6140, '268.00', 2, 1024),
(6141, '238.00', 3, 1024),
(6142, '342.00', 4, 1024),
(6143, '342.00', 5, 1024),
(6144, '170.00', 6, 1024),
(6145, '298.00', 1, 1025),
(6146, '268.00', 2, 1025),
(6147, '238.00', 3, 1025),
(6148, '342.00', 4, 1025),
(6149, '342.00', 5, 1025),
(6150, '170.00', 6, 1025),
(6151, '268.00', 1, 1026),
(6152, '241.00', 2, 1026),
(6153, '214.00', 3, 1026),
(6154, '308.00', 4, 1026),
(6155, '308.00', 5, 1026),
(6156, '150.00', 6, 1026),
(6157, '268.00', 1, 1027),
(6158, '241.00', 2, 1027),
(6159, '214.00', 3, 1027),
(6160, '308.00', 4, 1027),
(6161, '308.00', 5, 1027),
(6162, '150.00', 6, 1027),
(6163, '268.00', 1, 1028),
(6164, '241.00', 2, 1028),
(6165, '214.00', 3, 1028),
(6166, '308.00', 4, 1028),
(6167, '308.00', 5, 1028),
(6168, '150.00', 6, 1028),
(6169, '268.00', 1, 1029),
(6170, '241.00', 2, 1029),
(6171, '214.00', 3, 1029),
(6172, '308.00', 4, 1029),
(6173, '308.00', 5, 1029),
(6174, '150.00', 6, 1029),
(6175, '298.00', 1, 1030),
(6176, '268.00', 2, 1030),
(6177, '238.00', 3, 1030),
(6178, '342.00', 4, 1030),
(6179, '342.00', 5, 1030),
(6180, '180.00', 6, 1030),
(6181, '298.00', 1, 1031),
(6182, '268.00', 2, 1031),
(6183, '238.00', 3, 1031),
(6184, '342.00', 4, 1031),
(6185, '342.00', 5, 1031),
(6186, '180.00', 6, 1031),
(6187, '298.00', 1, 1032),
(6188, '268.00', 2, 1032),
(6189, '238.00', 3, 1032),
(6190, '342.00', 4, 1032),
(6191, '342.00', 5, 1032),
(6192, '180.00', 6, 1032),
(6193, '298.00', 1, 1033),
(6194, '268.00', 2, 1033),
(6195, '238.00', 3, 1033),
(6196, '342.00', 4, 1033),
(6197, '342.00', 5, 1033),
(6198, '180.00', 6, 1033),
(6199, '238.00', 1, 1034),
(6200, '214.00', 2, 1034),
(6201, '190.00', 3, 1034),
(6202, '273.00', 4, 1034),
(6203, '273.00', 5, 1034),
(6204, '140.00', 6, 1034),
(6205, '238.00', 1, 1035),
(6206, '214.00', 2, 1035),
(6207, '190.00', 3, 1035),
(6208, '273.00', 4, 1035),
(6209, '273.00', 5, 1035),
(6210, '140.00', 6, 1035),
(6211, '238.00', 1, 1036),
(6212, '214.00', 2, 1036),
(6213, '190.00', 3, 1036),
(6214, '273.00', 4, 1036),
(6215, '273.00', 5, 1036),
(6216, '140.00', 6, 1036),
(6217, '238.00', 1, 1037),
(6218, '214.00', 2, 1037),
(6219, '190.00', 3, 1037),
(6220, '273.00', 4, 1037),
(6221, '273.00', 5, 1037),
(6222, '140.00', 6, 1037),
(6223, '338.00', 1, 1038),
(6224, '304.00', 2, 1038),
(6225, '270.00', 3, 1038),
(6226, '388.00', 4, 1038),
(6227, '388.00', 5, 1038),
(6228, '200.00', 6, 1038),
(6229, '338.00', 1, 1039),
(6230, '304.00', 2, 1039),
(6231, '270.00', 3, 1039),
(6232, '388.00', 4, 1039),
(6233, '388.00', 5, 1039),
(6234, '200.00', 6, 1039),
(6235, '178.00', 1, 1040),
(6236, '160.00', 2, 1040),
(6237, '142.00', 3, 1040),
(6238, '204.00', 4, 1040),
(6239, '204.00', 5, 1040),
(6240, '100.00', 6, 1040),
(6241, '178.00', 1, 1041),
(6242, '160.00', 2, 1041),
(6243, '142.00', 3, 1041),
(6244, '204.00', 4, 1041),
(6245, '204.00', 5, 1041),
(6246, '100.00', 6, 1041),
(6247, '178.00', 1, 1042),
(6248, '160.00', 2, 1042),
(6249, '142.00', 3, 1042),
(6250, '204.00', 4, 1042),
(6251, '204.00', 5, 1042),
(6252, '100.00', 6, 1042),
(6253, '178.00', 1, 1043),
(6254, '160.00', 2, 1043),
(6255, '142.00', 3, 1043),
(6256, '204.00', 4, 1043),
(6257, '204.00', 5, 1043),
(6258, '100.00', 6, 1043),
(6259, '178.00', 1, 1044),
(6260, '160.00', 2, 1044),
(6261, '142.00', 3, 1044),
(6262, '204.00', 4, 1044),
(6263, '204.00', 5, 1044),
(6264, '100.00', 6, 1044),
(6265, '178.00', 1, 1045),
(6266, '160.00', 2, 1045),
(6267, '142.00', 3, 1045),
(6268, '204.00', 4, 1045),
(6269, '204.00', 5, 1045),
(6270, '100.00', 6, 1045),
(6271, '178.00', 1, 1046),
(6272, '160.00', 2, 1046),
(6273, '142.00', 3, 1046),
(6274, '204.00', 4, 1046),
(6275, '204.00', 5, 1046),
(6276, '100.00', 6, 1046),
(6277, '178.00', 1, 1047),
(6278, '160.00', 2, 1047),
(6279, '142.00', 3, 1047),
(6280, '204.00', 4, 1047),
(6281, '204.00', 5, 1047),
(6282, '100.00', 6, 1047),
(6283, '178.00', 1, 1048),
(6284, '160.00', 2, 1048),
(6285, '142.00', 3, 1048),
(6286, '204.00', 4, 1048),
(6287, '204.00', 5, 1048),
(6288, '100.00', 6, 1048),
(6289, '238.00', 1, 1049),
(6290, '214.00', 2, 1049),
(6291, '190.00', 3, 1049),
(6292, '273.00', 4, 1049),
(6293, '273.00', 5, 1049),
(6294, '140.00', 6, 1049),
(6295, '238.00', 1, 1050),
(6296, '214.00', 2, 1050),
(6297, '190.00', 3, 1050),
(6298, '273.00', 4, 1050),
(6299, '273.00', 5, 1050),
(6300, '140.00', 6, 1050),
(6301, '540.00', 1, 1051),
(6302, '486.00', 2, 1051),
(6303, '432.00', 3, 1051),
(6304, '621.00', 4, 1051),
(6305, '621.00', 5, 1051),
(6306, '300.00', 6, 1051),
(6307, '540.00', 1, 1052),
(6308, '486.00', 2, 1052),
(6309, '432.00', 3, 1052),
(6310, '621.00', 4, 1052),
(6311, '621.00', 5, 1052),
(6312, '300.00', 6, 1052),
(6313, '340.00', 1, 1053),
(6314, '306.00', 2, 1053),
(6315, '272.00', 3, 1053),
(6316, '391.00', 4, 1053),
(6317, '391.00', 5, 1053),
(6318, '190.00', 6, 1053),
(6319, '320.00', 1, 1054),
(6320, '288.00', 2, 1054),
(6321, '256.00', 3, 1054),
(6322, '368.00', 4, 1054),
(6323, '368.00', 5, 1054),
(6324, '180.00', 6, 1054),
(6325, '640.00', 1, 1055),
(6326, '576.00', 2, 1055),
(6327, '512.00', 3, 1055),
(6328, '736.00', 4, 1055),
(6329, '736.00', 5, 1055),
(6330, '360.00', 6, 1055),
(6331, '640.00', 1, 1056),
(6332, '576.00', 2, 1056),
(6333, '512.00', 3, 1056),
(6334, '736.00', 4, 1056),
(6335, '736.00', 5, 1056),
(6336, '360.00', 6, 1056),
(6337, '200.00', 1, 1057),
(6338, '180.00', 2, 1057),
(6339, '160.00', 3, 1057),
(6340, '230.00', 4, 1057),
(6341, '230.00', 5, 1057),
(6342, '100.00', 6, 1057),
(6343, '200.00', 1, 1058),
(6344, '180.00', 2, 1058),
(6345, '160.00', 3, 1058),
(6346, '230.00', 4, 1058),
(6347, '230.00', 5, 1058),
(6348, '100.00', 6, 1058),
(6349, '160.00', 1, 1059),
(6350, '144.00', 2, 1059),
(6351, '128.00', 3, 1059),
(6352, '184.00', 4, 1059),
(6353, '184.00', 5, 1059),
(6354, '90.00', 6, 1059),
(6355, '180.00', 1, 1060),
(6356, '162.00', 2, 1060),
(6357, '144.00', 3, 1060),
(6358, '207.00', 4, 1060),
(6359, '207.00', 5, 1060),
(6360, '100.00', 6, 1060),
(6361, '170.00', 1, 1061),
(6362, '153.00', 2, 1061),
(6363, '136.00', 3, 1061),
(6364, '195.00', 4, 1061),
(6365, '195.00', 5, 1061),
(6366, '95.00', 6, 1061),
(6367, '170.00', 1, 1062),
(6368, '153.00', 2, 1062),
(6369, '136.00', 3, 1062),
(6370, '195.00', 4, 1062),
(6371, '195.00', 5, 1062),
(6372, '95.00', 6, 1062),
(6373, '170.00', 1, 1063),
(6374, '153.00', 2, 1063),
(6375, '136.00', 3, 1063);
INSERT INTO `tipoventa_prenda` (`idTipoVenta_Prenda`, `valor`, `idTipoVenta`, `idPrenda`) VALUES
(6376, '195.00', 4, 1063),
(6377, '195.00', 5, 1063),
(6378, '95.00', 6, 1063),
(6379, '400.00', 1, 1064),
(6380, '360.00', 2, 1064),
(6381, '320.00', 3, 1064),
(6382, '460.00', 4, 1064),
(6383, '460.00', 5, 1064),
(6384, '220.00', 6, 1064),
(6385, '400.00', 1, 1065),
(6386, '360.00', 2, 1065),
(6387, '320.00', 3, 1065),
(6388, '460.00', 4, 1065),
(6389, '460.00', 5, 1065),
(6390, '220.00', 6, 1065),
(6391, '400.00', 1, 1066),
(6392, '360.00', 2, 1066),
(6393, '320.00', 3, 1066),
(6394, '460.00', 4, 1066),
(6395, '460.00', 5, 1066),
(6396, '220.00', 6, 1066),
(6397, '400.00', 1, 1067),
(6398, '360.00', 2, 1067),
(6399, '320.00', 3, 1067),
(6400, '460.00', 4, 1067),
(6401, '460.00', 5, 1067),
(6402, '220.00', 6, 1067),
(6403, '400.00', 1, 1068),
(6404, '360.00', 2, 1068),
(6405, '320.00', 3, 1068),
(6406, '460.00', 4, 1068),
(6407, '460.00', 5, 1068),
(6408, '220.00', 6, 1068),
(6409, '400.00', 1, 1069),
(6410, '360.00', 2, 1069),
(6411, '320.00', 3, 1069),
(6412, '460.00', 4, 1069),
(6413, '460.00', 5, 1069),
(6414, '220.00', 6, 1069),
(6415, '410.00', 1, 1070),
(6416, '369.00', 2, 1070),
(6417, '328.00', 3, 1070),
(6418, '471.00', 4, 1070),
(6419, '471.00', 5, 1070),
(6420, '230.00', 6, 1070),
(6421, '400.00', 1, 1071),
(6422, '360.00', 2, 1071),
(6423, '320.00', 3, 1071),
(6424, '460.00', 4, 1071),
(6425, '460.00', 5, 1071),
(6426, '220.00', 6, 1071),
(6427, '440.00', 1, 1072),
(6428, '396.00', 2, 1072),
(6429, '352.00', 3, 1072),
(6430, '506.00', 4, 1072),
(6431, '506.00', 5, 1072),
(6432, '250.00', 6, 1072),
(6433, '260.00', 1, 1073),
(6434, '234.00', 2, 1073),
(6435, '208.00', 3, 1073),
(6436, '299.00', 4, 1073),
(6437, '299.00', 5, 1073),
(6438, '150.00', 6, 1073),
(6439, '260.00', 1, 1074),
(6440, '234.00', 2, 1074),
(6441, '208.00', 3, 1074),
(6442, '299.00', 4, 1074),
(6443, '299.00', 5, 1074),
(6444, '150.00', 6, 1074),
(6445, '195.00', 1, 1075),
(6446, '175.00', 2, 1075),
(6447, '156.00', 3, 1075),
(6448, '224.00', 4, 1075),
(6449, '224.00', 5, 1075),
(6450, '110.00', 6, 1075),
(6451, '195.00', 1, 1076),
(6452, '175.00', 2, 1076),
(6453, '156.00', 3, 1076),
(6454, '224.00', 4, 1076),
(6455, '224.00', 5, 1076),
(6456, '110.00', 6, 1076),
(6457, '195.00', 1, 1077),
(6458, '175.00', 2, 1077),
(6459, '156.00', 3, 1077),
(6460, '224.00', 4, 1077),
(6461, '224.00', 5, 1077),
(6462, '110.00', 6, 1077),
(6463, '210.00', 1, 1078),
(6464, '189.00', 2, 1078),
(6465, '168.00', 3, 1078),
(6466, '241.00', 4, 1078),
(6467, '241.00', 5, 1078),
(6468, '120.00', 6, 1078),
(6469, '210.00', 1, 1079),
(6470, '189.00', 2, 1079),
(6471, '168.00', 3, 1079),
(6472, '241.00', 4, 1079),
(6473, '241.00', 5, 1079),
(6474, '120.00', 6, 1079),
(6475, '240.00', 1, 1080),
(6476, '216.00', 2, 1080),
(6477, '192.00', 3, 1080),
(6478, '276.00', 4, 1080),
(6479, '276.00', 5, 1080),
(6480, '140.00', 6, 1080),
(6481, '290.00', 1, 1081),
(6482, '261.00', 2, 1081),
(6483, '232.00', 3, 1081),
(6484, '333.00', 4, 1081),
(6485, '333.00', 5, 1081),
(6486, '145.00', 6, 1081),
(6487, '290.00', 1, 1082),
(6488, '261.00', 2, 1082),
(6489, '232.00', 3, 1082),
(6490, '333.00', 4, 1082),
(6491, '333.00', 5, 1082),
(6492, '145.00', 6, 1082),
(6493, '290.00', 1, 1083),
(6494, '261.00', 2, 1083),
(6495, '232.00', 3, 1083),
(6496, '333.00', 4, 1083),
(6497, '333.00', 5, 1083),
(6498, '145.00', 6, 1083),
(6499, '290.00', 1, 1084),
(6500, '261.00', 2, 1084),
(6501, '232.00', 3, 1084),
(6502, '333.00', 4, 1084),
(6503, '333.00', 5, 1084),
(6504, '145.00', 6, 1084),
(6505, '290.00', 1, 1085),
(6506, '261.00', 2, 1085),
(6507, '232.00', 3, 1085),
(6508, '333.00', 4, 1085),
(6509, '333.00', 5, 1085),
(6510, '170.00', 6, 1085),
(6511, '290.00', 1, 1086),
(6512, '261.00', 2, 1086),
(6513, '232.00', 3, 1086),
(6514, '333.00', 4, 1086),
(6515, '333.00', 5, 1086),
(6516, '170.00', 6, 1086),
(6517, '290.00', 1, 1087),
(6518, '261.00', 2, 1087),
(6519, '232.00', 3, 1087),
(6520, '333.00', 4, 1087),
(6521, '333.00', 5, 1087),
(6522, '170.00', 6, 1087),
(6523, '370.00', 1, 1088),
(6524, '333.00', 2, 1088),
(6525, '296.00', 3, 1088),
(6526, '425.00', 4, 1088),
(6527, '425.00', 5, 1088),
(6528, '205.00', 6, 1088),
(6529, '370.00', 1, 1089),
(6530, '333.00', 2, 1089),
(6531, '296.00', 3, 1089),
(6532, '425.00', 4, 1089),
(6533, '425.00', 5, 1089),
(6534, '205.00', 6, 1089),
(6535, '440.00', 1, 1090),
(6536, '396.00', 2, 1090),
(6537, '352.00', 3, 1090),
(6538, '506.00', 4, 1090),
(6539, '506.00', 5, 1090),
(6540, '250.00', 6, 1090),
(6541, '230.00', 1, 1091),
(6542, '207.00', 2, 1091),
(6543, '184.00', 3, 1091),
(6544, '264.00', 4, 1091),
(6545, '264.00', 5, 1091),
(6546, '130.00', 6, 1091),
(6547, '230.00', 1, 1092),
(6548, '207.00', 2, 1092),
(6549, '184.00', 3, 1092),
(6550, '264.00', 4, 1092),
(6551, '264.00', 5, 1092),
(6552, '130.00', 6, 1092),
(6553, '230.00', 1, 1093),
(6554, '207.00', 2, 1093),
(6555, '184.00', 3, 1093),
(6556, '264.00', 4, 1093),
(6557, '264.00', 5, 1093),
(6558, '130.00', 6, 1093),
(6559, '230.00', 1, 1094),
(6560, '207.00', 2, 1094),
(6561, '184.00', 3, 1094),
(6562, '264.00', 4, 1094),
(6563, '264.00', 5, 1094),
(6564, '130.00', 6, 1094),
(6565, '230.00', 1, 1095),
(6566, '207.00', 2, 1095),
(6567, '184.00', 3, 1095),
(6568, '264.00', 4, 1095),
(6569, '264.00', 5, 1095),
(6570, '130.00', 6, 1095),
(6571, '110.00', 1, 1096),
(6572, '99.00', 2, 1096),
(6573, '88.00', 3, 1096),
(6574, '126.00', 4, 1096),
(6575, '126.00', 5, 1096),
(6576, '60.00', 6, 1096),
(6577, '110.00', 1, 1097),
(6578, '99.00', 2, 1097),
(6579, '88.00', 3, 1097),
(6580, '126.00', 4, 1097),
(6581, '126.00', 5, 1097),
(6582, '60.00', 6, 1097),
(6583, '130.00', 1, 1098),
(6584, '117.00', 2, 1098),
(6585, '104.00', 3, 1098),
(6586, '149.00', 4, 1098),
(6587, '149.00', 5, 1098),
(6588, '75.00', 6, 1098),
(6589, '298.00', 1, 1099),
(6590, '268.00', 2, 1099),
(6591, '238.00', 3, 1099),
(6592, '342.00', 4, 1099),
(6593, '342.00', 5, 1099),
(6594, '170.00', 6, 1099),
(6595, '320.00', 1, 1100),
(6596, '288.00', 2, 1100),
(6597, '256.00', 3, 1100),
(6598, '368.00', 4, 1100),
(6599, '368.00', 5, 1100),
(6600, '180.00', 6, 1100),
(6601, '250.00', 1, 1101),
(6602, '225.00', 2, 1101),
(6603, '200.00', 3, 1101),
(6604, '287.00', 4, 1101),
(6605, '287.00', 5, 1101),
(6606, '140.00', 6, 1101),
(6607, '250.00', 1, 1102),
(6608, '225.00', 2, 1102),
(6609, '200.00', 3, 1102),
(6610, '287.00', 4, 1102),
(6611, '287.00', 5, 1102),
(6612, '140.00', 6, 1102),
(6613, '250.00', 1, 1103),
(6614, '225.00', 2, 1103),
(6615, '200.00', 3, 1103),
(6616, '287.00', 4, 1103),
(6617, '287.00', 5, 1103),
(6618, '140.00', 6, 1103),
(6619, '540.00', 1, 1104),
(6620, '486.00', 2, 1104),
(6621, '432.00', 3, 1104),
(6622, '621.00', 4, 1104),
(6623, '621.00', 5, 1104),
(6624, '300.00', 6, 1104),
(6625, '415.00', 1, 1105),
(6626, '373.00', 2, 1105),
(6627, '332.00', 3, 1105),
(6628, '477.00', 4, 1105),
(6629, '477.00', 5, 1105),
(6630, '230.00', 6, 1105),
(6631, '340.00', 1, 1106),
(6632, '306.00', 2, 1106),
(6633, '272.00', 3, 1106),
(6634, '391.00', 4, 1106),
(6635, '391.00', 5, 1106),
(6636, '170.00', 6, 1106),
(6637, '340.00', 1, 1107),
(6638, '306.00', 2, 1107),
(6639, '272.00', 3, 1107),
(6640, '391.00', 4, 1107),
(6641, '391.00', 5, 1107),
(6642, '170.00', 6, 1107),
(6643, '340.00', 1, 1108),
(6644, '306.00', 2, 1108),
(6645, '272.00', 3, 1108),
(6646, '391.00', 4, 1108),
(6647, '391.00', 5, 1108),
(6648, '170.00', 6, 1108),
(6649, '340.00', 1, 1109),
(6650, '306.00', 2, 1109),
(6651, '272.00', 3, 1109),
(6652, '391.00', 4, 1109),
(6653, '391.00', 5, 1109),
(6654, '170.00', 6, 1109),
(6655, '340.00', 1, 1110),
(6656, '306.00', 2, 1110),
(6657, '272.00', 3, 1110),
(6658, '391.00', 4, 1110),
(6659, '391.00', 5, 1110),
(6660, '170.00', 6, 1110),
(6661, '340.00', 1, 1111),
(6662, '306.00', 2, 1111),
(6663, '272.00', 3, 1111),
(6664, '391.00', 4, 1111),
(6665, '391.00', 5, 1111),
(6666, '170.00', 6, 1111),
(6667, '290.00', 1, 1112),
(6668, '261.00', 2, 1112),
(6669, '232.00', 3, 1112),
(6670, '333.00', 4, 1112),
(6671, '333.00', 5, 1112),
(6672, '165.00', 6, 1112),
(6673, '298.00', 1, 1113),
(6674, '268.00', 2, 1113),
(6675, '238.00', 3, 1113),
(6676, '342.00', 4, 1113),
(6677, '342.00', 5, 1113),
(6678, '165.00', 6, 1113),
(6679, '340.00', 1, 1114),
(6680, '306.00', 2, 1114),
(6681, '272.00', 3, 1114),
(6682, '391.00', 4, 1114),
(6683, '391.00', 5, 1114),
(6684, '170.00', 6, 1114),
(6685, '340.00', 1, 1115),
(6686, '306.00', 2, 1115),
(6687, '272.00', 3, 1115),
(6688, '391.00', 4, 1115),
(6689, '391.00', 5, 1115),
(6690, '170.00', 6, 1115),
(6691, '340.00', 1, 1116),
(6692, '306.00', 2, 1116),
(6693, '272.00', 3, 1116),
(6694, '391.00', 4, 1116),
(6695, '391.00', 5, 1116),
(6696, '170.00', 6, 1116),
(6697, '290.00', 1, 1117),
(6698, '261.00', 2, 1117),
(6699, '232.00', 3, 1117),
(6700, '333.00', 4, 1117),
(6701, '333.00', 5, 1117),
(6702, '160.00', 6, 1117),
(6703, '290.00', 1, 1118),
(6704, '261.00', 2, 1118),
(6705, '232.00', 3, 1118),
(6706, '333.00', 4, 1118),
(6707, '333.00', 5, 1118),
(6708, '160.00', 6, 1118),
(6709, '290.00', 1, 1119),
(6710, '261.00', 2, 1119),
(6711, '232.00', 3, 1119),
(6712, '333.00', 4, 1119),
(6713, '333.00', 5, 1119),
(6714, '160.00', 6, 1119),
(6715, '280.00', 1, 1120),
(6716, '252.00', 2, 1120),
(6717, '224.00', 3, 1120),
(6718, '322.00', 4, 1120),
(6719, '322.00', 5, 1120),
(6720, '160.00', 6, 1120),
(6721, '280.00', 1, 1121),
(6722, '252.00', 2, 1121),
(6723, '224.00', 3, 1121),
(6724, '322.00', 4, 1121),
(6725, '322.00', 5, 1121),
(6726, '160.00', 6, 1121),
(6727, '280.00', 1, 1122),
(6728, '252.00', 2, 1122),
(6729, '224.00', 3, 1122),
(6730, '322.00', 4, 1122),
(6731, '322.00', 5, 1122),
(6732, '160.00', 6, 1122),
(6733, '280.00', 1, 1123),
(6734, '252.00', 2, 1123),
(6735, '224.00', 3, 1123),
(6736, '322.00', 4, 1123),
(6737, '322.00', 5, 1123),
(6738, '160.00', 6, 1123),
(6739, '280.00', 1, 1124),
(6740, '252.00', 2, 1124),
(6741, '224.00', 3, 1124),
(6742, '322.00', 4, 1124),
(6743, '322.00', 5, 1124),
(6744, '160.00', 6, 1124),
(6745, '280.00', 1, 1125),
(6746, '252.00', 2, 1125),
(6747, '224.00', 3, 1125),
(6748, '322.00', 4, 1125),
(6749, '322.00', 5, 1125),
(6750, '160.00', 6, 1125),
(6751, '300.00', 1, 1126),
(6752, '270.00', 2, 1126),
(6753, '240.00', 3, 1126),
(6754, '345.00', 4, 1126),
(6755, '345.00', 5, 1126),
(6756, '170.00', 6, 1126),
(6757, '315.00', 1, 1127),
(6758, '283.00', 2, 1127),
(6759, '252.00', 3, 1127),
(6760, '362.00', 4, 1127),
(6761, '362.00', 5, 1127),
(6762, '170.00', 6, 1127),
(6763, '340.00', 1, 1128),
(6764, '306.00', 2, 1128),
(6765, '272.00', 3, 1128),
(6766, '391.00', 4, 1128),
(6767, '391.00', 5, 1128),
(6768, '190.00', 6, 1128),
(6769, '340.00', 1, 1129),
(6770, '306.00', 2, 1129),
(6771, '272.00', 3, 1129),
(6772, '391.00', 4, 1129),
(6773, '391.00', 5, 1129),
(6774, '190.00', 6, 1129),
(6775, '340.00', 1, 1130),
(6776, '306.00', 2, 1130),
(6777, '272.00', 3, 1130),
(6778, '391.00', 4, 1130),
(6779, '391.00', 5, 1130),
(6780, '190.00', 6, 1130),
(6781, '315.00', 1, 1131),
(6782, '283.00', 2, 1131),
(6783, '252.00', 3, 1131),
(6784, '362.00', 4, 1131),
(6785, '362.00', 5, 1131),
(6786, '170.00', 6, 1131),
(6787, '315.00', 1, 1132),
(6788, '283.00', 2, 1132),
(6789, '252.00', 3, 1132),
(6790, '362.00', 4, 1132),
(6791, '362.00', 5, 1132),
(6792, '170.00', 6, 1132),
(6793, '398.00', 1, 1133),
(6794, '358.00', 2, 1133),
(6795, '318.00', 3, 1133),
(6796, '457.00', 4, 1133),
(6797, '457.00', 5, 1133),
(6798, '230.00', 6, 1133),
(6799, '255.00', 1, 1134),
(6800, '229.00', 2, 1134),
(6801, '204.00', 3, 1134),
(6802, '293.00', 4, 1134),
(6803, '293.00', 5, 1134),
(6804, '140.00', 6, 1134),
(6805, '160.00', 1, 1135),
(6806, '144.00', 2, 1135),
(6807, '128.00', 3, 1135),
(6808, '184.00', 4, 1135),
(6809, '184.00', 5, 1135),
(6810, '90.00', 6, 1135),
(6811, '315.00', 1, 1136),
(6812, '283.00', 2, 1136),
(6813, '252.00', 3, 1136),
(6814, '362.00', 4, 1136),
(6815, '362.00', 5, 1136),
(6816, '180.00', 6, 1136),
(6817, '315.00', 1, 1137),
(6818, '283.00', 2, 1137),
(6819, '252.00', 3, 1137),
(6820, '362.00', 4, 1137),
(6821, '362.00', 5, 1137),
(6822, '180.00', 6, 1137),
(6823, '540.00', 1, 1138),
(6824, '486.00', 2, 1138),
(6825, '432.00', 3, 1138),
(6826, '621.00', 4, 1138),
(6827, '621.00', 5, 1138),
(6828, '300.00', 6, 1138),
(6829, '540.00', 1, 1139),
(6830, '486.00', 2, 1139),
(6831, '432.00', 3, 1139),
(6832, '621.00', 4, 1139),
(6833, '621.00', 5, 1139),
(6834, '300.00', 6, 1139),
(6835, '540.00', 1, 1140),
(6836, '486.00', 2, 1140),
(6837, '432.00', 3, 1140),
(6838, '621.00', 4, 1140),
(6839, '621.00', 5, 1140),
(6840, '300.00', 6, 1140),
(6841, '540.00', 1, 1141),
(6842, '486.00', 2, 1141),
(6843, '432.00', 3, 1141),
(6844, '621.00', 4, 1141),
(6845, '621.00', 5, 1141),
(6846, '300.00', 6, 1141),
(6847, '540.00', 1, 1142),
(6848, '486.00', 2, 1142),
(6849, '432.00', 3, 1142),
(6850, '621.00', 4, 1142),
(6851, '621.00', 5, 1142),
(6852, '300.00', 6, 1142),
(6853, '540.00', 1, 1143),
(6854, '486.00', 2, 1143),
(6855, '432.00', 3, 1143),
(6856, '621.00', 4, 1143),
(6857, '621.00', 5, 1143),
(6858, '300.00', 6, 1143),
(6859, '540.00', 1, 1144),
(6860, '486.00', 2, 1144),
(6861, '432.00', 3, 1144),
(6862, '621.00', 4, 1144),
(6863, '621.00', 5, 1144),
(6864, '300.00', 6, 1144),
(6865, '540.00', 1, 1145),
(6866, '486.00', 2, 1145),
(6867, '432.00', 3, 1145),
(6868, '621.00', 4, 1145),
(6869, '621.00', 5, 1145),
(6870, '300.00', 6, 1145),
(6871, '279.00', 1, 1146),
(6872, '251.00', 2, 1146),
(6873, '223.00', 3, 1146),
(6874, '320.00', 4, 1146),
(6875, '320.00', 5, 1146),
(6876, '160.00', 6, 1146),
(6877, '279.00', 1, 1147),
(6878, '251.00', 2, 1147),
(6879, '223.00', 3, 1147),
(6880, '320.00', 4, 1147),
(6881, '320.00', 5, 1147),
(6882, '160.00', 6, 1147),
(6883, '298.00', 1, 1148),
(6884, '268.00', 2, 1148),
(6885, '238.00', 3, 1148),
(6886, '342.00', 4, 1148),
(6887, '342.00', 5, 1148),
(6888, '170.00', 6, 1148),
(6889, '298.00', 1, 1149),
(6890, '268.00', 2, 1149),
(6891, '238.00', 3, 1149),
(6892, '342.00', 4, 1149),
(6893, '342.00', 5, 1149),
(6894, '170.00', 6, 1149),
(6895, '298.00', 1, 1150),
(6896, '268.00', 2, 1150),
(6897, '238.00', 3, 1150),
(6898, '342.00', 4, 1150),
(6899, '342.00', 5, 1150),
(6900, '170.00', 6, 1150),
(6901, '298.00', 1, 1151),
(6902, '268.00', 2, 1151),
(6903, '238.00', 3, 1151),
(6904, '342.00', 4, 1151),
(6905, '342.00', 5, 1151),
(6906, '170.00', 6, 1151),
(6907, '250.00', 1, 1152),
(6908, '225.00', 2, 1152),
(6909, '200.00', 3, 1152),
(6910, '287.00', 4, 1152),
(6911, '287.00', 5, 1152),
(6912, '160.00', 6, 1152),
(6913, '270.00', 1, 1153),
(6914, '243.00', 2, 1153),
(6915, '216.00', 3, 1153),
(6916, '310.00', 4, 1153),
(6917, '310.00', 5, 1153),
(6918, '150.00', 6, 1153),
(6919, '270.00', 1, 1154),
(6920, '243.00', 2, 1154),
(6921, '216.00', 3, 1154),
(6922, '310.00', 4, 1154),
(6923, '310.00', 5, 1154),
(6924, '150.00', 6, 1154),
(6925, '270.00', 1, 1155),
(6926, '243.00', 2, 1155),
(6927, '216.00', 3, 1155),
(6928, '310.00', 4, 1155),
(6929, '310.00', 5, 1155),
(6930, '150.00', 6, 1155),
(6931, '270.00', 1, 1156),
(6932, '243.00', 2, 1156),
(6933, '216.00', 3, 1156),
(6934, '310.00', 4, 1156),
(6935, '310.00', 5, 1156),
(6936, '150.00', 6, 1156),
(6937, '270.00', 1, 1157),
(6938, '243.00', 2, 1157),
(6939, '216.00', 3, 1157),
(6940, '310.00', 4, 1157),
(6941, '310.00', 5, 1157),
(6942, '150.00', 6, 1157),
(6943, '238.00', 1, 1158),
(6944, '214.00', 2, 1158),
(6945, '190.00', 3, 1158),
(6946, '273.00', 4, 1158),
(6947, '273.00', 5, 1158),
(6948, '150.00', 6, 1158),
(6949, '268.00', 1, 1159),
(6950, '241.00', 2, 1159),
(6951, '214.00', 3, 1159),
(6952, '308.00', 4, 1159),
(6953, '308.00', 5, 1159),
(6954, '160.00', 6, 1159),
(6955, '240.00', 1, 1160),
(6956, '216.00', 2, 1160),
(6957, '192.00', 3, 1160),
(6958, '276.00', 4, 1160),
(6959, '276.00', 5, 1160),
(6960, '150.00', 6, 1160),
(6961, '240.00', 1, 1161),
(6962, '216.00', 2, 1161),
(6963, '192.00', 3, 1161),
(6964, '276.00', 4, 1161),
(6965, '276.00', 5, 1161),
(6966, '150.00', 6, 1161),
(6967, '220.00', 1, 1162),
(6968, '198.00', 2, 1162),
(6969, '176.00', 3, 1162),
(6970, '253.00', 4, 1162),
(6971, '253.00', 5, 1162),
(6972, '140.00', 6, 1162),
(6973, '225.00', 1, 1163),
(6974, '202.00', 2, 1163),
(6975, '180.00', 3, 1163),
(6976, '258.00', 4, 1163),
(6977, '258.00', 5, 1163),
(6978, '140.00', 6, 1163),
(6979, '225.00', 1, 1164),
(6980, '202.00', 2, 1164),
(6981, '180.00', 3, 1164),
(6982, '258.00', 4, 1164),
(6983, '258.00', 5, 1164),
(6984, '140.00', 6, 1164),
(6985, '390.00', 1, 1165),
(6986, '351.00', 2, 1165),
(6987, '312.00', 3, 1165),
(6988, '448.00', 4, 1165),
(6989, '448.00', 5, 1165),
(6990, '195.00', 6, 1165),
(6991, '390.00', 1, 1166),
(6992, '351.00', 2, 1166),
(6993, '312.00', 3, 1166),
(6994, '448.00', 4, 1166),
(6995, '448.00', 5, 1166),
(6996, '195.00', 6, 1166),
(6997, '320.00', 1, 1167),
(6998, '288.00', 2, 1167),
(6999, '256.00', 3, 1167),
(7000, '368.00', 4, 1167),
(7001, '368.00', 5, 1167),
(7002, '190.00', 6, 1167),
(7003, '320.00', 1, 1168),
(7004, '288.00', 2, 1168),
(7005, '256.00', 3, 1168),
(7006, '368.00', 4, 1168),
(7007, '368.00', 5, 1168),
(7008, '190.00', 6, 1168),
(7009, '260.00', 1, 1169),
(7010, '234.00', 2, 1169),
(7011, '208.00', 3, 1169),
(7012, '299.00', 4, 1169),
(7013, '299.00', 5, 1169),
(7014, '160.00', 6, 1169),
(7015, '394.00', 1, 1170),
(7016, '354.00', 2, 1170),
(7017, '315.00', 3, 1170),
(7018, '453.00', 4, 1170),
(7019, '453.00', 5, 1170),
(7020, '220.00', 6, 1170),
(7021, '394.00', 1, 1171),
(7022, '354.00', 2, 1171),
(7023, '315.00', 3, 1171),
(7024, '453.00', 4, 1171),
(7025, '453.00', 5, 1171),
(7026, '220.00', 6, 1171),
(7027, '394.00', 1, 1172),
(7028, '354.00', 2, 1172),
(7029, '315.00', 3, 1172),
(7030, '453.00', 4, 1172),
(7031, '453.00', 5, 1172),
(7032, '220.00', 6, 1172),
(7033, '394.00', 1, 1173),
(7034, '354.00', 2, 1173),
(7035, '315.00', 3, 1173),
(7036, '453.00', 4, 1173),
(7037, '453.00', 5, 1173),
(7038, '220.00', 6, 1173),
(7039, '398.00', 1, 1174),
(7040, '358.00', 2, 1174),
(7041, '318.00', 3, 1174),
(7042, '457.00', 4, 1174),
(7043, '457.00', 5, 1174),
(7044, '230.00', 6, 1174),
(7045, '398.00', 1, 1175),
(7046, '358.00', 2, 1175),
(7047, '318.00', 3, 1175),
(7048, '457.00', 4, 1175),
(7049, '457.00', 5, 1175),
(7050, '230.00', 6, 1175),
(7051, '398.00', 1, 1176),
(7052, '358.00', 2, 1176),
(7053, '318.00', 3, 1176),
(7054, '457.00', 4, 1176),
(7055, '457.00', 5, 1176),
(7056, '230.00', 6, 1176),
(7057, '378.00', 1, 1177),
(7058, '340.00', 2, 1177),
(7059, '302.00', 3, 1177),
(7060, '434.00', 4, 1177),
(7061, '434.00', 5, 1177),
(7062, '189.00', 6, 1177),
(7063, '378.00', 1, 1178),
(7064, '340.00', 2, 1178),
(7065, '302.00', 3, 1178),
(7066, '434.00', 4, 1178),
(7067, '434.00', 5, 1178),
(7068, '189.00', 6, 1178),
(7069, '378.00', 1, 1179),
(7070, '340.00', 2, 1179),
(7071, '302.00', 3, 1179),
(7072, '434.00', 4, 1179),
(7073, '434.00', 5, 1179),
(7074, '189.00', 6, 1179),
(7075, '370.00', 1, 1180),
(7076, '333.00', 2, 1180),
(7077, '296.00', 3, 1180),
(7078, '425.00', 4, 1180),
(7079, '425.00', 5, 1180),
(7080, '210.00', 6, 1180),
(7081, '290.00', 1, 1181),
(7082, '261.00', 2, 1181),
(7083, '232.00', 3, 1181),
(7084, '333.00', 4, 1181),
(7085, '333.00', 5, 1181),
(7086, '175.00', 6, 1181),
(7087, '194.00', 1, 1182),
(7088, '174.00', 2, 1182),
(7089, '155.00', 3, 1182),
(7090, '223.00', 4, 1182),
(7091, '223.00', 5, 1182),
(7092, '120.00', 6, 1182),
(7093, '410.00', 1, 1183),
(7094, '369.00', 2, 1183),
(7095, '328.00', 3, 1183),
(7096, '471.00', 4, 1183),
(7097, '471.00', 5, 1183),
(7098, '205.00', 6, 1183),
(7099, '410.00', 1, 1184),
(7100, '369.00', 2, 1184),
(7101, '328.00', 3, 1184),
(7102, '471.00', 4, 1184),
(7103, '471.00', 5, 1184),
(7104, '225.00', 6, 1184),
(7105, '256.00', 1, 1185),
(7106, '230.00', 2, 1185),
(7107, '204.00', 3, 1185),
(7108, '294.00', 4, 1185),
(7109, '294.00', 5, 1185),
(7110, '150.00', 6, 1185),
(7111, '420.00', 1, 1186),
(7112, '378.00', 2, 1186),
(7113, '336.00', 3, 1186),
(7114, '483.00', 4, 1186),
(7115, '483.00', 5, 1186),
(7116, '240.00', 6, 1186),
(7117, '367.00', 1, 1187),
(7118, '330.00', 2, 1187),
(7119, '293.00', 3, 1187),
(7120, '422.00', 4, 1187),
(7121, '422.00', 5, 1187),
(7122, '220.00', 6, 1187),
(7123, '220.00', 1, 1188),
(7124, '198.00', 2, 1188),
(7125, '176.00', 3, 1188),
(7126, '253.00', 4, 1188),
(7127, '253.00', 5, 1188),
(7128, '140.00', 6, 1188),
(7129, '140.00', 1, 1189),
(7130, '126.00', 2, 1189),
(7131, '112.00', 3, 1189),
(7132, '161.00', 4, 1189),
(7133, '161.00', 5, 1189),
(7134, '110.00', 6, 1189),
(7135, '140.00', 1, 1190),
(7136, '126.00', 2, 1190),
(7137, '112.00', 3, 1190),
(7138, '161.00', 4, 1190),
(7139, '161.00', 5, 1190),
(7140, '110.00', 6, 1190),
(7141, '398.00', 1, 1191),
(7142, '358.00', 2, 1191),
(7143, '318.00', 3, 1191),
(7144, '457.00', 4, 1191),
(7145, '457.00', 5, 1191),
(7146, '220.00', 6, 1191),
(7147, '220.00', 1, 1192),
(7148, '198.00', 2, 1192),
(7149, '176.00', 3, 1192),
(7150, '253.00', 4, 1192),
(7151, '253.00', 5, 1192),
(7152, '140.00', 6, 1192),
(7153, '420.00', 1, 1193),
(7154, '378.00', 2, 1193),
(7155, '336.00', 3, 1193),
(7156, '483.00', 4, 1193),
(7157, '483.00', 5, 1193),
(7158, '240.00', 6, 1193),
(7159, '430.00', 1, 1194),
(7160, '387.00', 2, 1194),
(7161, '344.00', 3, 1194),
(7162, '494.00', 4, 1194),
(7163, '494.00', 5, 1194),
(7164, '245.00', 6, 1194),
(7165, '430.00', 1, 1195),
(7166, '387.00', 2, 1195),
(7167, '344.00', 3, 1195),
(7168, '494.00', 4, 1195),
(7169, '494.00', 5, 1195),
(7170, '245.00', 6, 1195),
(7171, '170.00', 1, 1196),
(7172, '153.00', 2, 1196),
(7173, '136.00', 3, 1196),
(7174, '195.00', 4, 1196),
(7175, '195.00', 5, 1196),
(7176, '115.00', 6, 1196),
(7177, '378.00', 1, 1197),
(7178, '340.00', 2, 1197),
(7179, '302.00', 3, 1197),
(7180, '434.00', 4, 1197),
(7181, '434.00', 5, 1197),
(7182, '210.00', 6, 1197),
(7183, '378.00', 1, 1198),
(7184, '340.00', 2, 1198),
(7185, '302.00', 3, 1198),
(7186, '434.00', 4, 1198),
(7187, '434.00', 5, 1198),
(7188, '210.00', 6, 1198),
(7189, '380.00', 1, 1199),
(7190, '342.00', 2, 1199),
(7191, '304.00', 3, 1199),
(7192, '438.00', 4, 1199),
(7193, '438.00', 5, 1199),
(7194, '212.00', 6, 1199),
(7195, '350.00', 1, 1200),
(7196, '315.00', 2, 1200),
(7197, '280.00', 3, 1200),
(7198, '402.00', 4, 1200),
(7199, '402.00', 5, 1200),
(7200, '195.00', 6, 1200),
(7201, '381.00', 1, 1201),
(7202, '342.00', 2, 1201),
(7203, '304.00', 3, 1201),
(7204, '438.00', 4, 1201),
(7205, '438.00', 5, 1201),
(7206, '212.00', 6, 1201),
(7207, '381.00', 1, 1202),
(7208, '342.00', 2, 1202),
(7209, '304.00', 3, 1202),
(7210, '438.00', 4, 1202),
(7211, '438.00', 5, 1202),
(7212, '212.00', 6, 1202),
(7213, '354.00', 1, 1203),
(7214, '318.00', 2, 1203),
(7215, '283.00', 3, 1203),
(7216, '407.00', 4, 1203),
(7217, '407.00', 5, 1203),
(7218, '197.00', 6, 1203),
(7219, '387.00', 1, 1204),
(7220, '348.00', 2, 1204),
(7221, '309.00', 3, 1204),
(7222, '445.00', 4, 1204),
(7223, '445.00', 5, 1204),
(7224, '215.00', 6, 1204),
(7225, '340.00', 1, 1205),
(7226, '306.00', 2, 1205),
(7227, '272.00', 3, 1205),
(7228, '391.00', 4, 1205),
(7229, '391.00', 5, 1205),
(7230, '195.00', 6, 1205),
(7231, '138.00', 1, 1206),
(7232, '124.00', 2, 1206),
(7233, '110.00', 3, 1206),
(7234, '158.00', 4, 1206),
(7235, '158.00', 5, 1206),
(7236, '85.00', 6, 1206),
(7237, '138.00', 1, 1207),
(7238, '124.00', 2, 1207),
(7239, '110.00', 3, 1207),
(7240, '158.00', 4, 1207),
(7241, '158.00', 5, 1207),
(7242, '85.00', 6, 1207),
(7243, '138.00', 1, 1208),
(7244, '124.00', 2, 1208),
(7245, '110.00', 3, 1208),
(7246, '158.00', 4, 1208),
(7247, '158.00', 5, 1208),
(7248, '85.00', 6, 1208),
(7249, '228.00', 1, 1209),
(7250, '205.00', 2, 1209),
(7251, '182.00', 3, 1209),
(7252, '262.00', 4, 1209),
(7253, '262.00', 5, 1209),
(7254, '140.00', 6, 1209),
(7255, '228.00', 1, 1210),
(7256, '205.00', 2, 1210),
(7257, '182.00', 3, 1210),
(7258, '262.00', 4, 1210),
(7259, '262.00', 5, 1210),
(7260, '140.00', 6, 1210),
(7261, '228.00', 1, 1211),
(7262, '205.00', 2, 1211),
(7263, '182.00', 3, 1211),
(7264, '262.00', 4, 1211),
(7265, '262.00', 5, 1211),
(7266, '140.00', 6, 1211),
(7267, '248.00', 1, 1212),
(7268, '223.00', 2, 1212),
(7269, '198.00', 3, 1212),
(7270, '285.00', 4, 1212),
(7271, '285.00', 5, 1212),
(7272, '150.00', 6, 1212),
(7273, '248.00', 1, 1213),
(7274, '223.00', 2, 1213),
(7275, '198.00', 3, 1213),
(7276, '285.00', 4, 1213),
(7277, '285.00', 5, 1213),
(7278, '150.00', 6, 1213),
(7279, '248.00', 1, 1214),
(7280, '223.00', 2, 1214),
(7281, '198.00', 3, 1214),
(7282, '285.00', 4, 1214),
(7283, '285.00', 5, 1214),
(7284, '150.00', 6, 1214),
(7285, '228.00', 1, 1215),
(7286, '205.00', 2, 1215),
(7287, '182.00', 3, 1215),
(7288, '262.00', 4, 1215),
(7289, '262.00', 5, 1215),
(7290, '140.00', 6, 1215),
(7291, '228.00', 1, 1216),
(7292, '205.00', 2, 1216),
(7293, '182.00', 3, 1216),
(7294, '262.00', 4, 1216),
(7295, '262.00', 5, 1216),
(7296, '140.00', 6, 1216),
(7297, '228.00', 1, 1217),
(7298, '205.00', 2, 1217),
(7299, '182.00', 3, 1217),
(7300, '262.00', 4, 1217),
(7301, '262.00', 5, 1217),
(7302, '140.00', 6, 1217),
(7303, '228.00', 1, 1218),
(7304, '205.00', 2, 1218),
(7305, '182.00', 3, 1218),
(7306, '262.00', 4, 1218),
(7307, '262.00', 5, 1218),
(7308, '140.00', 6, 1218),
(7309, '228.00', 1, 1219),
(7310, '205.00', 2, 1219),
(7311, '182.00', 3, 1219),
(7312, '262.00', 4, 1219),
(7313, '262.00', 5, 1219),
(7314, '140.00', 6, 1219),
(7315, '328.00', 1, 1220),
(7316, '295.00', 2, 1220),
(7317, '262.00', 3, 1220),
(7318, '377.00', 4, 1220),
(7319, '377.00', 5, 1220),
(7320, '200.00', 6, 1220),
(7321, '328.00', 1, 1221),
(7322, '295.00', 2, 1221),
(7323, '262.00', 3, 1221),
(7324, '377.00', 4, 1221),
(7325, '377.00', 5, 1221),
(7326, '200.00', 6, 1221),
(7327, '328.00', 1, 1222),
(7328, '295.00', 2, 1222),
(7329, '262.00', 3, 1222),
(7330, '377.00', 4, 1222),
(7331, '377.00', 5, 1222),
(7332, '200.00', 6, 1222),
(7333, '328.00', 1, 1223),
(7334, '295.00', 2, 1223),
(7335, '262.00', 3, 1223),
(7336, '377.00', 4, 1223),
(7337, '377.00', 5, 1223),
(7338, '200.00', 6, 1223),
(7339, '328.00', 1, 1224),
(7340, '295.00', 2, 1224),
(7341, '262.00', 3, 1224),
(7342, '377.00', 4, 1224),
(7343, '377.00', 5, 1224),
(7344, '200.00', 6, 1224),
(7345, '328.00', 1, 1225),
(7346, '295.00', 2, 1225),
(7347, '262.00', 3, 1225),
(7348, '377.00', 4, 1225),
(7349, '377.00', 5, 1225),
(7350, '200.00', 6, 1225),
(7351, '328.00', 1, 1226),
(7352, '295.00', 2, 1226),
(7353, '262.00', 3, 1226),
(7354, '377.00', 4, 1226),
(7355, '377.00', 5, 1226),
(7356, '200.00', 6, 1226),
(7357, '328.00', 1, 1227),
(7358, '295.00', 2, 1227),
(7359, '262.00', 3, 1227),
(7360, '377.00', 4, 1227),
(7361, '377.00', 5, 1227),
(7362, '200.00', 6, 1227),
(7363, '328.00', 1, 1228),
(7364, '295.00', 2, 1228),
(7365, '262.00', 3, 1228),
(7366, '377.00', 4, 1228),
(7367, '377.00', 5, 1228),
(7368, '200.00', 6, 1228),
(7369, '328.00', 1, 1229),
(7370, '295.00', 2, 1229),
(7371, '262.00', 3, 1229),
(7372, '377.00', 4, 1229),
(7373, '377.00', 5, 1229),
(7374, '200.00', 6, 1229),
(7375, '328.00', 1, 1230),
(7376, '295.00', 2, 1230),
(7377, '262.00', 3, 1230),
(7378, '377.00', 4, 1230),
(7379, '377.00', 5, 1230),
(7380, '200.00', 6, 1230),
(7381, '328.00', 1, 1231),
(7382, '295.00', 2, 1231),
(7383, '262.00', 3, 1231),
(7384, '377.00', 4, 1231),
(7385, '377.00', 5, 1231),
(7386, '200.00', 6, 1231),
(7387, '328.00', 1, 1232),
(7388, '295.00', 2, 1232),
(7389, '262.00', 3, 1232),
(7390, '377.00', 4, 1232),
(7391, '377.00', 5, 1232),
(7392, '200.00', 6, 1232),
(7393, '328.00', 1, 1233),
(7394, '295.00', 2, 1233),
(7395, '262.00', 3, 1233),
(7396, '377.00', 4, 1233),
(7397, '377.00', 5, 1233),
(7398, '200.00', 6, 1233),
(7399, '328.00', 1, 1234),
(7400, '295.00', 2, 1234),
(7401, '262.00', 3, 1234),
(7402, '377.00', 4, 1234),
(7403, '377.00', 5, 1234),
(7404, '200.00', 6, 1234),
(7405, '328.00', 1, 1235),
(7406, '295.00', 2, 1235),
(7407, '262.00', 3, 1235),
(7408, '377.00', 4, 1235),
(7409, '377.00', 5, 1235),
(7410, '200.00', 6, 1235),
(7411, '328.00', 1, 1236),
(7412, '295.00', 2, 1236),
(7413, '262.00', 3, 1236),
(7414, '377.00', 4, 1236),
(7415, '377.00', 5, 1236),
(7416, '200.00', 6, 1236),
(7417, '328.00', 1, 1237),
(7418, '295.00', 2, 1237),
(7419, '262.00', 3, 1237),
(7420, '377.00', 4, 1237),
(7421, '377.00', 5, 1237),
(7422, '200.00', 6, 1237),
(7423, '298.00', 1, 1238),
(7424, '268.00', 2, 1238),
(7425, '238.00', 3, 1238),
(7426, '342.00', 4, 1238),
(7427, '342.00', 5, 1238),
(7428, '180.00', 6, 1238),
(7429, '298.00', 1, 1239),
(7430, '268.00', 2, 1239),
(7431, '238.00', 3, 1239),
(7432, '342.00', 4, 1239),
(7433, '342.00', 5, 1239),
(7434, '180.00', 6, 1239),
(7435, '250.00', 1, 1240),
(7436, '225.00', 2, 1240),
(7437, '200.00', 3, 1240),
(7438, '287.00', 4, 1240),
(7439, '287.00', 5, 1240),
(7440, '125.00', 6, 1240),
(7441, '250.00', 1, 1241),
(7442, '225.00', 2, 1241),
(7443, '200.00', 3, 1241),
(7444, '287.00', 4, 1241),
(7445, '287.00', 5, 1241),
(7446, '125.00', 6, 1241),
(7447, '250.00', 1, 1242),
(7448, '225.00', 2, 1242),
(7449, '200.00', 3, 1242),
(7450, '287.00', 4, 1242),
(7451, '287.00', 5, 1242),
(7452, '140.00', 6, 1242),
(7453, '250.00', 1, 1243),
(7454, '225.00', 2, 1243),
(7455, '200.00', 3, 1243),
(7456, '287.00', 4, 1243),
(7457, '287.00', 5, 1243),
(7458, '140.00', 6, 1243),
(7459, '250.00', 1, 1244),
(7460, '225.00', 2, 1244),
(7461, '200.00', 3, 1244),
(7462, '287.00', 4, 1244),
(7463, '287.00', 5, 1244),
(7464, '140.00', 6, 1244),
(7465, '280.00', 1, 1245),
(7466, '252.00', 2, 1245),
(7467, '224.00', 3, 1245),
(7468, '322.00', 4, 1245),
(7469, '322.00', 5, 1245),
(7470, '170.00', 6, 1245),
(7471, '180.00', 1, 1246),
(7472, '162.00', 2, 1246),
(7473, '144.00', 3, 1246),
(7474, '207.00', 4, 1246),
(7475, '207.00', 5, 1246),
(7476, '120.00', 6, 1246),
(7477, '470.00', 1, 1247),
(7478, '423.00', 2, 1247),
(7479, '376.00', 3, 1247),
(7480, '540.00', 4, 1247),
(7481, '540.00', 5, 1247),
(7482, '295.00', 6, 1247),
(7483, '470.00', 1, 1248),
(7484, '423.00', 2, 1248),
(7485, '376.00', 3, 1248),
(7486, '540.00', 4, 1248),
(7487, '540.00', 5, 1248),
(7488, '295.00', 6, 1248),
(7489, '470.00', 1, 1249),
(7490, '423.00', 2, 1249),
(7491, '376.00', 3, 1249),
(7492, '540.00', 4, 1249),
(7493, '540.00', 5, 1249),
(7494, '295.00', 6, 1249),
(7495, '470.00', 1, 1250),
(7496, '423.00', 2, 1250),
(7497, '376.00', 3, 1250),
(7498, '540.00', 4, 1250),
(7499, '540.00', 5, 1250),
(7500, '295.00', 6, 1250),
(7501, '470.00', 1, 1251),
(7502, '423.00', 2, 1251),
(7503, '376.00', 3, 1251),
(7504, '540.00', 4, 1251),
(7505, '540.00', 5, 1251),
(7506, '295.00', 6, 1251),
(7507, '470.00', 1, 1252),
(7508, '423.00', 2, 1252),
(7509, '376.00', 3, 1252),
(7510, '540.00', 4, 1252),
(7511, '540.00', 5, 1252),
(7512, '295.00', 6, 1252),
(7513, '330.00', 1, 1253),
(7514, '297.00', 2, 1253),
(7515, '264.00', 3, 1253),
(7516, '379.00', 4, 1253),
(7517, '379.00', 5, 1253),
(7518, '180.00', 6, 1253),
(7519, '330.00', 1, 1254),
(7520, '297.00', 2, 1254),
(7521, '264.00', 3, 1254),
(7522, '379.00', 4, 1254),
(7523, '379.00', 5, 1254),
(7524, '180.00', 6, 1254),
(7525, '330.00', 1, 1255),
(7526, '297.00', 2, 1255),
(7527, '264.00', 3, 1255),
(7528, '379.00', 4, 1255),
(7529, '379.00', 5, 1255),
(7530, '180.00', 6, 1255),
(7531, '330.00', 1, 1256),
(7532, '297.00', 2, 1256),
(7533, '264.00', 3, 1256),
(7534, '379.00', 4, 1256),
(7535, '379.00', 5, 1256),
(7536, '180.00', 6, 1256),
(7537, '330.00', 1, 1257),
(7538, '297.00', 2, 1257),
(7539, '264.00', 3, 1257),
(7540, '379.00', 4, 1257),
(7541, '379.00', 5, 1257),
(7542, '180.00', 6, 1257),
(7543, '330.00', 1, 1258),
(7544, '297.00', 2, 1258),
(7545, '264.00', 3, 1258),
(7546, '379.00', 4, 1258),
(7547, '379.00', 5, 1258),
(7548, '180.00', 6, 1258),
(7549, '330.00', 1, 1259),
(7550, '297.00', 2, 1259),
(7551, '264.00', 3, 1259),
(7552, '379.00', 4, 1259),
(7553, '379.00', 5, 1259),
(7554, '180.00', 6, 1259),
(7555, '450.00', 1, 1260),
(7556, '405.00', 2, 1260),
(7557, '360.00', 3, 1260),
(7558, '517.00', 4, 1260),
(7559, '517.00', 5, 1260),
(7560, '235.00', 6, 1260),
(7561, '315.00', 1, 1261),
(7562, '283.00', 2, 1261),
(7563, '252.00', 3, 1261),
(7564, '362.00', 4, 1261),
(7565, '362.00', 5, 1261),
(7566, '157.00', 6, 1261),
(7567, '315.00', 1, 1262),
(7568, '283.00', 2, 1262),
(7569, '252.00', 3, 1262),
(7570, '362.00', 4, 1262),
(7571, '362.00', 5, 1262),
(7572, '157.00', 6, 1262),
(7573, '315.00', 1, 1263),
(7574, '283.00', 2, 1263),
(7575, '252.00', 3, 1263),
(7576, '362.00', 4, 1263),
(7577, '362.00', 5, 1263),
(7578, '170.00', 6, 1263),
(7579, '315.00', 1, 1264),
(7580, '283.00', 2, 1264),
(7581, '252.00', 3, 1264),
(7582, '362.00', 4, 1264),
(7583, '362.00', 5, 1264),
(7584, '170.00', 6, 1264),
(7585, '315.00', 1, 1265),
(7586, '283.00', 2, 1265),
(7587, '252.00', 3, 1265),
(7588, '362.00', 4, 1265),
(7589, '362.00', 5, 1265),
(7590, '170.00', 6, 1265),
(7591, '315.00', 1, 1266),
(7592, '283.00', 2, 1266),
(7593, '252.00', 3, 1266),
(7594, '362.00', 4, 1266),
(7595, '362.00', 5, 1266),
(7596, '170.00', 6, 1266),
(7597, '315.00', 1, 1267),
(7598, '283.00', 2, 1267),
(7599, '252.00', 3, 1267),
(7600, '362.00', 4, 1267),
(7601, '362.00', 5, 1267),
(7602, '170.00', 6, 1267),
(7603, '315.00', 1, 1268),
(7604, '283.00', 2, 1268),
(7605, '252.00', 3, 1268),
(7606, '362.00', 4, 1268),
(7607, '362.00', 5, 1268),
(7608, '170.00', 6, 1268),
(7609, '315.00', 1, 1269),
(7610, '283.00', 2, 1269),
(7611, '252.00', 3, 1269),
(7612, '362.00', 4, 1269),
(7613, '362.00', 5, 1269),
(7614, '170.00', 6, 1269),
(7615, '610.00', 1, 1270),
(7616, '549.00', 2, 1270),
(7617, '488.00', 3, 1270),
(7618, '701.00', 4, 1270),
(7619, '701.00', 5, 1270),
(7620, '335.00', 6, 1270),
(7621, '610.00', 1, 1271),
(7622, '549.00', 2, 1271),
(7623, '488.00', 3, 1271),
(7624, '701.00', 4, 1271),
(7625, '701.00', 5, 1271),
(7626, '340.00', 6, 1271),
(7627, '610.00', 1, 1272),
(7628, '549.00', 2, 1272),
(7629, '488.00', 3, 1272),
(7630, '701.00', 4, 1272),
(7631, '701.00', 5, 1272),
(7632, '340.00', 6, 1272),
(7633, '610.00', 1, 1273),
(7634, '549.00', 2, 1273),
(7635, '488.00', 3, 1273),
(7636, '701.00', 4, 1273),
(7637, '701.00', 5, 1273),
(7638, '340.00', 6, 1273),
(7639, '610.00', 1, 1274),
(7640, '549.00', 2, 1274),
(7641, '488.00', 3, 1274),
(7642, '701.00', 4, 1274),
(7643, '701.00', 5, 1274),
(7644, '340.00', 6, 1274),
(7645, '610.00', 1, 1275),
(7646, '549.00', 2, 1275),
(7647, '488.00', 3, 1275),
(7648, '701.00', 4, 1275),
(7649, '701.00', 5, 1275),
(7650, '340.00', 6, 1275),
(7651, '620.00', 1, 1276),
(7652, '558.00', 2, 1276),
(7653, '496.00', 3, 1276),
(7654, '713.00', 4, 1276),
(7655, '713.00', 5, 1276),
(7656, '356.00', 6, 1276),
(7657, '620.00', 1, 1277),
(7658, '558.00', 2, 1277),
(7659, '496.00', 3, 1277),
(7660, '713.00', 4, 1277),
(7661, '713.00', 5, 1277),
(7662, '356.00', 6, 1277),
(7663, '620.00', 1, 1278),
(7664, '558.00', 2, 1278),
(7665, '496.00', 3, 1278),
(7666, '713.00', 4, 1278),
(7667, '713.00', 5, 1278),
(7668, '356.00', 6, 1278),
(7669, '320.00', 1, 1279),
(7670, '288.00', 2, 1279),
(7671, '256.00', 3, 1279),
(7672, '368.00', 4, 1279),
(7673, '368.00', 5, 1279),
(7674, '190.00', 6, 1279),
(7675, '398.00', 1, 1280),
(7676, '358.00', 2, 1280),
(7677, '318.00', 3, 1280),
(7678, '457.00', 4, 1280),
(7679, '457.00', 5, 1280),
(7680, '220.00', 6, 1280),
(7681, '220.00', 1, 1281),
(7682, '198.00', 2, 1281),
(7683, '176.00', 3, 1281),
(7684, '253.00', 4, 1281),
(7685, '253.00', 5, 1281),
(7686, '140.00', 6, 1281),
(7687, '160.00', 1, 1282),
(7688, '144.00', 2, 1282),
(7689, '128.00', 3, 1282),
(7690, '184.00', 4, 1282),
(7691, '184.00', 5, 1282),
(7692, '110.00', 6, 1282),
(7693, '360.00', 1, 1283),
(7694, '324.00', 2, 1283),
(7695, '288.00', 3, 1283),
(7696, '414.00', 4, 1283),
(7697, '414.00', 5, 1283),
(7698, '210.00', 6, 1283),
(7699, '410.00', 1, 1284),
(7700, '369.00', 2, 1284),
(7701, '328.00', 3, 1284),
(7702, '471.00', 4, 1284),
(7703, '471.00', 5, 1284),
(7704, '230.00', 6, 1284),
(7705, '240.00', 1, 1285),
(7706, '216.00', 2, 1285),
(7707, '192.00', 3, 1285),
(7708, '276.00', 4, 1285),
(7709, '276.00', 5, 1285),
(7710, '150.00', 6, 1285),
(7711, '280.00', 1, 1286),
(7712, '252.00', 2, 1286),
(7713, '224.00', 3, 1286),
(7714, '322.00', 4, 1286),
(7715, '322.00', 5, 1286),
(7716, '170.00', 6, 1286),
(7717, '270.00', 1, 1287),
(7718, '243.00', 2, 1287),
(7719, '216.00', 3, 1287),
(7720, '310.00', 4, 1287),
(7721, '310.00', 5, 1287),
(7722, '165.00', 6, 1287),
(7723, '320.00', 1, 1288),
(7724, '288.00', 2, 1288),
(7725, '256.00', 3, 1288),
(7726, '368.00', 4, 1288),
(7727, '368.00', 5, 1288),
(7728, '190.00', 6, 1288),
(7729, '250.00', 1, 1289),
(7730, '225.00', 2, 1289),
(7731, '200.00', 3, 1289),
(7732, '287.00', 4, 1289),
(7733, '287.00', 5, 1289),
(7734, '155.00', 6, 1289),
(7735, '240.00', 1, 1290),
(7736, '216.00', 2, 1290),
(7737, '192.00', 3, 1290),
(7738, '276.00', 4, 1290),
(7739, '276.00', 5, 1290),
(7740, '150.00', 6, 1290),
(7741, '230.00', 1, 1291),
(7742, '207.00', 2, 1291),
(7743, '184.00', 3, 1291),
(7744, '264.00', 4, 1291),
(7745, '264.00', 5, 1291),
(7746, '145.00', 6, 1291),
(7747, '370.00', 1, 1292),
(7748, '333.00', 2, 1292),
(7749, '296.00', 3, 1292),
(7750, '425.00', 4, 1292),
(7751, '425.00', 5, 1292),
(7752, '215.00', 6, 1292),
(7753, '260.00', 1, 1293),
(7754, '234.00', 2, 1293),
(7755, '208.00', 3, 1293),
(7756, '299.00', 4, 1293),
(7757, '299.00', 5, 1293),
(7758, '160.00', 6, 1293),
(7759, '477.00', 1, 1294),
(7760, '429.00', 2, 1294),
(7761, '381.00', 3, 1294),
(7762, '548.00', 4, 1294),
(7763, '548.00', 5, 1294),
(7764, '270.00', 6, 1294),
(7765, '360.00', 1, 1295),
(7766, '324.00', 2, 1295),
(7767, '288.00', 3, 1295),
(7768, '414.00', 4, 1295),
(7769, '414.00', 5, 1295),
(7770, '210.00', 6, 1295),
(7771, '330.00', 1, 1296),
(7772, '297.00', 2, 1296),
(7773, '264.00', 3, 1296),
(7774, '379.00', 4, 1296),
(7775, '379.00', 5, 1296),
(7776, '195.00', 6, 1296),
(7777, '640.00', 1, 1297),
(7778, '576.00', 2, 1297),
(7779, '512.00', 3, 1297),
(7780, '736.00', 4, 1297),
(7781, '736.00', 5, 1297),
(7782, '350.00', 6, 1297),
(7783, '194.00', 1, 1298),
(7784, '174.00', 2, 1298),
(7785, '155.00', 3, 1298),
(7786, '223.00', 4, 1298),
(7787, '223.00', 5, 1298),
(7788, '120.00', 6, 1298),
(7789, '370.00', 1, 1299),
(7790, '333.00', 2, 1299),
(7791, '296.00', 3, 1299),
(7792, '425.00', 4, 1299),
(7793, '425.00', 5, 1299),
(7794, '115.00', 6, 1299),
(7795, '200.00', 1, 1300),
(7796, '180.00', 2, 1300),
(7797, '160.00', 3, 1300),
(7798, '230.00', 4, 1300),
(7799, '230.00', 5, 1300),
(7800, '130.00', 6, 1300),
(7801, '200.00', 1, 1301),
(7802, '180.00', 2, 1301),
(7803, '160.00', 3, 1301),
(7804, '230.00', 4, 1301),
(7805, '230.00', 5, 1301),
(7806, '130.00', 6, 1301),
(7807, '620.00', 1, 1302),
(7808, '558.00', 2, 1302),
(7809, '496.00', 3, 1302),
(7810, '713.00', 4, 1302),
(7811, '713.00', 5, 1302),
(7812, '356.00', 6, 1302),
(7813, '320.00', 1, 1303),
(7814, '288.00', 2, 1303),
(7815, '256.00', 3, 1303),
(7816, '368.00', 4, 1303),
(7817, '368.00', 5, 1303),
(7818, '215.00', 6, 1303),
(7819, '275.00', 1, 1304),
(7820, '247.00', 2, 1304),
(7821, '220.00', 3, 1304),
(7822, '316.00', 4, 1304),
(7823, '316.00', 5, 1304),
(7824, '170.00', 6, 1304),
(7825, '275.00', 1, 1305),
(7826, '247.00', 2, 1305),
(7827, '220.00', 3, 1305),
(7828, '316.00', 4, 1305),
(7829, '316.00', 5, 1305),
(7830, '170.00', 6, 1305),
(7831, '275.00', 1, 1306),
(7832, '247.00', 2, 1306),
(7833, '220.00', 3, 1306),
(7834, '316.00', 4, 1306),
(7835, '316.00', 5, 1306),
(7836, '170.00', 6, 1306),
(7837, '275.00', 1, 1307),
(7838, '247.00', 2, 1307),
(7839, '220.00', 3, 1307),
(7840, '316.00', 4, 1307),
(7841, '316.00', 5, 1307),
(7842, '170.00', 6, 1307),
(7843, '280.00', 1, 1308),
(7844, '252.00', 2, 1308),
(7845, '224.00', 3, 1308),
(7846, '322.00', 4, 1308),
(7847, '322.00', 5, 1308),
(7848, '180.00', 6, 1308),
(7849, '280.00', 1, 1309),
(7850, '252.00', 2, 1309),
(7851, '224.00', 3, 1309),
(7852, '322.00', 4, 1309),
(7853, '322.00', 5, 1309),
(7854, '180.00', 6, 1309),
(7855, '240.00', 1, 1310),
(7856, '216.00', 2, 1310),
(7857, '192.00', 3, 1310),
(7858, '276.00', 4, 1310),
(7859, '276.00', 5, 1310),
(7860, '145.00', 6, 1310),
(7861, '240.00', 1, 1311),
(7862, '216.00', 2, 1311),
(7863, '192.00', 3, 1311),
(7864, '276.00', 4, 1311),
(7865, '276.00', 5, 1311),
(7866, '145.00', 6, 1311),
(7867, '320.00', 1, 1312),
(7868, '288.00', 2, 1312),
(7869, '256.00', 3, 1312),
(7870, '368.00', 4, 1312),
(7871, '368.00', 5, 1312),
(7872, '195.00', 6, 1312),
(7873, '320.00', 1, 1313),
(7874, '288.00', 2, 1313),
(7875, '256.00', 3, 1313),
(7876, '368.00', 4, 1313),
(7877, '368.00', 5, 1313),
(7878, '195.00', 6, 1313),
(7879, '280.00', 1, 1314),
(7880, '252.00', 2, 1314),
(7881, '224.00', 3, 1314),
(7882, '322.00', 4, 1314),
(7883, '322.00', 5, 1314),
(7884, '170.00', 6, 1314),
(7885, '280.00', 1, 1315),
(7886, '252.00', 2, 1315),
(7887, '224.00', 3, 1315),
(7888, '322.00', 4, 1315),
(7889, '322.00', 5, 1315),
(7890, '170.00', 6, 1315),
(7891, '260.00', 1, 1316),
(7892, '234.00', 2, 1316),
(7893, '208.00', 3, 1316),
(7894, '299.00', 4, 1316),
(7895, '299.00', 5, 1316),
(7896, '160.00', 6, 1316),
(7897, '320.00', 1, 1317),
(7898, '288.00', 2, 1317),
(7899, '256.00', 3, 1317),
(7900, '368.00', 4, 1317),
(7901, '368.00', 5, 1317),
(7902, '195.00', 6, 1317),
(7903, '320.00', 1, 1318),
(7904, '288.00', 2, 1318),
(7905, '256.00', 3, 1318),
(7906, '368.00', 4, 1318),
(7907, '368.00', 5, 1318),
(7908, '195.00', 6, 1318),
(7909, '340.00', 1, 1319),
(7910, '306.00', 2, 1319),
(7911, '272.00', 3, 1319),
(7912, '391.00', 4, 1319),
(7913, '391.00', 5, 1319),
(7914, '195.00', 6, 1319),
(7915, '340.00', 1, 1320),
(7916, '306.00', 2, 1320),
(7917, '272.00', 3, 1320),
(7918, '391.00', 4, 1320),
(7919, '391.00', 5, 1320),
(7920, '195.00', 6, 1320),
(7921, '360.00', 1, 1321),
(7922, '324.00', 2, 1321),
(7923, '288.00', 3, 1321),
(7924, '414.00', 4, 1321),
(7925, '414.00', 5, 1321),
(7926, '220.00', 6, 1321),
(7927, '260.00', 1, 1322),
(7928, '234.00', 2, 1322),
(7929, '208.00', 3, 1322),
(7930, '299.00', 4, 1322),
(7931, '299.00', 5, 1322),
(7932, '130.00', 6, 1322),
(7933, '220.00', 1, 1323),
(7934, '198.00', 2, 1323),
(7935, '176.00', 3, 1323),
(7936, '253.00', 4, 1323),
(7937, '253.00', 5, 1323),
(7938, '135.00', 6, 1323),
(7939, '220.00', 1, 1324),
(7940, '198.00', 2, 1324),
(7941, '176.00', 3, 1324),
(7942, '253.00', 4, 1324),
(7943, '253.00', 5, 1324),
(7944, '135.00', 6, 1324),
(7945, '348.00', 1, 1325),
(7946, '313.00', 2, 1325),
(7947, '278.00', 3, 1325),
(7948, '400.00', 4, 1325),
(7949, '400.00', 5, 1325),
(7950, '220.00', 6, 1325),
(7951, '320.00', 1, 1326),
(7952, '288.00', 2, 1326),
(7953, '256.00', 3, 1326),
(7954, '368.00', 4, 1326),
(7955, '368.00', 5, 1326),
(7956, '195.00', 6, 1326),
(7957, '320.00', 1, 1327),
(7958, '288.00', 2, 1327),
(7959, '256.00', 3, 1327),
(7960, '368.00', 4, 1327),
(7961, '368.00', 5, 1327),
(7962, '195.00', 6, 1327),
(7963, '398.00', 1, 1328),
(7964, '358.00', 2, 1328),
(7965, '318.00', 3, 1328),
(7966, '457.00', 4, 1328),
(7967, '457.00', 5, 1328),
(7968, '270.00', 6, 1328),
(7969, '320.00', 1, 1329),
(7970, '288.00', 2, 1329),
(7971, '256.00', 3, 1329),
(7972, '368.00', 4, 1329),
(7973, '368.00', 5, 1329),
(7974, '195.00', 6, 1329),
(7975, '320.00', 1, 1330),
(7976, '288.00', 2, 1330),
(7977, '256.00', 3, 1330),
(7978, '368.00', 4, 1330),
(7979, '368.00', 5, 1330),
(7980, '195.00', 6, 1330),
(7981, '320.00', 1, 1331),
(7982, '288.00', 2, 1331),
(7983, '256.00', 3, 1331),
(7984, '368.00', 4, 1331),
(7985, '368.00', 5, 1331),
(7986, '195.00', 6, 1331),
(7987, '320.00', 1, 1332),
(7988, '288.00', 2, 1332),
(7989, '256.00', 3, 1332),
(7990, '368.00', 4, 1332),
(7991, '368.00', 5, 1332),
(7992, '195.00', 6, 1332),
(7993, '498.00', 1, 1333),
(7994, '448.00', 2, 1333),
(7995, '398.00', 3, 1333),
(7996, '572.00', 4, 1333),
(7997, '572.00', 5, 1333),
(7998, '330.00', 6, 1333),
(7999, '450.00', 1, 1334),
(8000, '405.00', 2, 1334),
(8001, '360.00', 3, 1334),
(8002, '517.00', 4, 1334),
(8003, '517.00', 5, 1334),
(8004, '225.00', 6, 1334),
(8005, '498.00', 1, 1335),
(8006, '448.00', 2, 1335),
(8007, '398.00', 3, 1335),
(8008, '572.00', 4, 1335),
(8009, '572.00', 5, 1335),
(8010, '330.00', 6, 1335),
(8011, '498.00', 1, 1336),
(8012, '448.00', 2, 1336),
(8013, '398.00', 3, 1336),
(8014, '572.00', 4, 1336),
(8015, '572.00', 5, 1336),
(8016, '330.00', 6, 1336),
(8017, '498.00', 1, 1337),
(8018, '448.00', 2, 1337),
(8019, '398.00', 3, 1337),
(8020, '572.00', 4, 1337),
(8021, '572.00', 5, 1337),
(8022, '330.00', 6, 1337),
(8023, '498.00', 1, 1338),
(8024, '448.00', 2, 1338),
(8025, '398.00', 3, 1338),
(8026, '572.00', 4, 1338),
(8027, '572.00', 5, 1338),
(8028, '330.00', 6, 1338),
(8029, '598.00', 1, 1339),
(8030, '538.00', 2, 1339),
(8031, '478.00', 3, 1339),
(8032, '687.00', 4, 1339),
(8033, '687.00', 5, 1339),
(8034, '360.00', 6, 1339),
(8035, '260.00', 1, 1340),
(8036, '234.00', 2, 1340),
(8037, '208.00', 3, 1340),
(8038, '299.00', 4, 1340),
(8039, '299.00', 5, 1340),
(8040, '160.00', 6, 1340),
(8041, '260.00', 1, 1341),
(8042, '234.00', 2, 1341),
(8043, '208.00', 3, 1341),
(8044, '299.00', 4, 1341),
(8045, '299.00', 5, 1341),
(8046, '160.00', 6, 1341),
(8047, '288.00', 1, 1342),
(8048, '259.00', 2, 1342),
(8049, '230.00', 3, 1342),
(8050, '331.00', 4, 1342),
(8051, '331.00', 5, 1342),
(8052, '180.00', 6, 1342),
(8053, '268.00', 1, 1343),
(8054, '241.00', 2, 1343),
(8055, '214.00', 3, 1343),
(8056, '308.00', 4, 1343),
(8057, '308.00', 5, 1343),
(8058, '160.00', 6, 1343),
(8059, '268.00', 1, 1344),
(8060, '241.00', 2, 1344),
(8061, '214.00', 3, 1344),
(8062, '308.00', 4, 1344),
(8063, '308.00', 5, 1344),
(8064, '160.00', 6, 1344),
(8065, '268.00', 1, 1345),
(8066, '241.00', 2, 1345),
(8067, '214.00', 3, 1345),
(8068, '308.00', 4, 1345),
(8069, '308.00', 5, 1345),
(8070, '160.00', 6, 1345),
(8071, '260.00', 1, 1346),
(8072, '234.00', 2, 1346),
(8073, '208.00', 3, 1346),
(8074, '299.00', 4, 1346),
(8075, '299.00', 5, 1346),
(8076, '160.00', 6, 1346),
(8077, '288.00', 1, 1347),
(8078, '259.00', 2, 1347),
(8079, '230.00', 3, 1347),
(8080, '331.00', 4, 1347),
(8081, '331.00', 5, 1347),
(8082, '180.00', 6, 1347),
(8083, '288.00', 1, 1348),
(8084, '259.00', 2, 1348),
(8085, '230.00', 3, 1348),
(8086, '331.00', 4, 1348),
(8087, '331.00', 5, 1348),
(8088, '180.00', 6, 1348),
(8089, '138.00', 1, 1349),
(8090, '124.00', 2, 1349),
(8091, '110.00', 3, 1349),
(8092, '158.00', 4, 1349),
(8093, '158.00', 5, 1349),
(8094, '85.00', 6, 1349),
(8095, '138.00', 1, 1350),
(8096, '124.00', 2, 1350),
(8097, '110.00', 3, 1350),
(8098, '158.00', 4, 1350),
(8099, '158.00', 5, 1350),
(8100, '85.00', 6, 1350),
(8101, '365.00', 1, 1351),
(8102, '328.00', 2, 1351),
(8103, '292.00', 3, 1351),
(8104, '419.00', 4, 1351),
(8105, '419.00', 5, 1351),
(8106, '212.00', 6, 1351),
(8107, '278.00', 1, 1352),
(8108, '250.00', 2, 1352),
(8109, '222.00', 3, 1352),
(8110, '319.00', 4, 1352),
(8111, '319.00', 5, 1352),
(8112, '170.00', 6, 1352),
(8113, '310.00', 1, 1353),
(8114, '279.00', 2, 1353),
(8115, '248.00', 3, 1353),
(8116, '356.00', 4, 1353),
(8117, '356.00', 5, 1353),
(8118, '185.00', 6, 1353),
(8119, '308.00', 1, 1354),
(8120, '277.00', 2, 1354),
(8121, '246.00', 3, 1354),
(8122, '354.00', 4, 1354),
(8123, '354.00', 5, 1354),
(8124, '185.00', 6, 1354),
(8125, '338.00', 1, 1355),
(8126, '304.00', 2, 1355),
(8127, '270.00', 3, 1355),
(8128, '388.00', 4, 1355),
(8129, '388.00', 5, 1355),
(8130, '200.00', 6, 1355),
(8131, '338.00', 1, 1356),
(8132, '304.00', 2, 1356),
(8133, '270.00', 3, 1356),
(8134, '388.00', 4, 1356),
(8135, '388.00', 5, 1356),
(8136, '200.00', 6, 1356),
(8137, '338.00', 1, 1357),
(8138, '304.00', 2, 1357),
(8139, '270.00', 3, 1357),
(8140, '388.00', 4, 1357),
(8141, '388.00', 5, 1357),
(8142, '200.00', 6, 1357),
(8143, '320.00', 1, 1358),
(8144, '288.00', 2, 1358),
(8145, '256.00', 3, 1358),
(8146, '368.00', 4, 1358),
(8147, '368.00', 5, 1358),
(8148, '190.00', 6, 1358),
(8149, '250.00', 1, 1359),
(8150, '225.00', 2, 1359),
(8151, '200.00', 3, 1359),
(8152, '287.00', 4, 1359),
(8153, '287.00', 5, 1359),
(8154, '155.00', 6, 1359),
(8155, '299.00', 1, 1360),
(8156, '269.00', 2, 1360),
(8157, '239.00', 3, 1360),
(8158, '343.00', 4, 1360),
(8159, '343.00', 5, 1360),
(8160, '180.00', 6, 1360),
(8161, '367.00', 1, 1361),
(8162, '330.00', 2, 1361),
(8163, '293.00', 3, 1361),
(8164, '422.00', 4, 1361),
(8165, '422.00', 5, 1361),
(8166, '115.00', 6, 1361),
(8167, '220.00', 1, 1362),
(8168, '198.00', 2, 1362),
(8169, '176.00', 3, 1362),
(8170, '253.00', 4, 1362),
(8171, '253.00', 5, 1362),
(8172, '140.00', 6, 1362),
(8173, '240.00', 1, 1363),
(8174, '216.00', 2, 1363),
(8175, '192.00', 3, 1363),
(8176, '276.00', 4, 1363),
(8177, '276.00', 5, 1363),
(8178, '150.00', 6, 1363),
(8179, '268.00', 1, 1364),
(8180, '241.00', 2, 1364),
(8181, '214.00', 3, 1364),
(8182, '308.00', 4, 1364),
(8183, '308.00', 5, 1364),
(8184, '165.00', 6, 1364),
(8185, '198.00', 1, 1365),
(8186, '178.00', 2, 1365),
(8187, '158.00', 3, 1365),
(8188, '227.00', 4, 1365),
(8189, '227.00', 5, 1365),
(8190, '120.00', 6, 1365),
(8191, '498.00', 1, 1366),
(8192, '448.00', 2, 1366),
(8193, '398.00', 3, 1366),
(8194, '572.00', 4, 1366),
(8195, '572.00', 5, 1366),
(8196, '280.00', 6, 1366),
(8197, '498.00', 1, 1367),
(8198, '448.00', 2, 1367),
(8199, '398.00', 3, 1367),
(8200, '572.00', 4, 1367),
(8201, '572.00', 5, 1367),
(8202, '280.00', 6, 1367),
(8203, '350.00', 1, 1368),
(8204, '315.00', 2, 1368),
(8205, '280.00', 3, 1368),
(8206, '402.00', 4, 1368),
(8207, '402.00', 5, 1368),
(8208, '205.00', 6, 1368),
(8209, '242.00', 1, 1369),
(8210, '217.00', 2, 1369),
(8211, '193.00', 3, 1369),
(8212, '278.00', 4, 1369),
(8213, '278.00', 5, 1369),
(8214, '150.00', 6, 1369),
(8215, '270.00', 1, 1370),
(8216, '243.00', 2, 1370),
(8217, '216.00', 3, 1370),
(8218, '310.00', 4, 1370),
(8219, '310.00', 5, 1370),
(8220, '160.00', 6, 1370),
(8221, '268.00', 1, 1371),
(8222, '241.00', 2, 1371),
(8223, '214.00', 3, 1371),
(8224, '308.00', 4, 1371),
(8225, '308.00', 5, 1371),
(8226, '160.00', 6, 1371),
(8227, '174.00', 1, 1372),
(8228, '156.00', 2, 1372),
(8229, '139.00', 3, 1372),
(8230, '200.00', 4, 1372),
(8231, '200.00', 5, 1372),
(8232, '95.00', 6, 1372),
(8233, '174.00', 1, 1373),
(8234, '156.00', 2, 1373),
(8235, '139.00', 3, 1373),
(8236, '200.00', 4, 1373),
(8237, '200.00', 5, 1373),
(8238, '95.00', 6, 1373),
(8239, '65.00', 1, 1374),
(8240, '58.00', 2, 1374),
(8241, '52.00', 3, 1374),
(8242, '74.00', 4, 1374),
(8243, '74.00', 5, 1374),
(8244, '35.00', 6, 1374),
(8245, '65.00', 1, 1375),
(8246, '58.00', 2, 1375),
(8247, '52.00', 3, 1375),
(8248, '74.00', 4, 1375),
(8249, '74.00', 5, 1375),
(8250, '35.00', 6, 1375),
(8251, '330.00', 1, 1376),
(8252, '297.00', 2, 1376),
(8253, '264.00', 3, 1376),
(8254, '379.00', 4, 1376),
(8255, '379.00', 5, 1376),
(8256, '190.00', 6, 1376),
(8257, '298.00', 1, 1377),
(8258, '268.00', 2, 1377),
(8259, '238.00', 3, 1377),
(8260, '342.00', 4, 1377),
(8261, '342.00', 5, 1377),
(8262, '170.00', 6, 1377),
(8263, '360.00', 1, 1378),
(8264, '324.00', 2, 1378),
(8265, '288.00', 3, 1378),
(8266, '414.00', 4, 1378),
(8267, '414.00', 5, 1378),
(8268, '200.00', 6, 1378),
(8269, '270.00', 1, 1379),
(8270, '243.00', 2, 1379),
(8271, '216.00', 3, 1379),
(8272, '310.00', 4, 1379),
(8273, '310.00', 5, 1379),
(8274, '150.00', 6, 1379),
(8275, '270.00', 1, 1380),
(8276, '243.00', 2, 1380),
(8277, '216.00', 3, 1380),
(8278, '310.00', 4, 1380),
(8279, '310.00', 5, 1380),
(8280, '150.00', 6, 1380),
(8281, '180.00', 1, 1381),
(8282, '162.00', 2, 1381),
(8283, '144.00', 3, 1381),
(8284, '207.00', 4, 1381),
(8285, '207.00', 5, 1381),
(8286, '100.00', 6, 1381),
(8287, '180.00', 1, 1382),
(8288, '162.00', 2, 1382),
(8289, '144.00', 3, 1382),
(8290, '207.00', 4, 1382),
(8291, '207.00', 5, 1382),
(8292, '100.00', 6, 1382),
(8293, '180.00', 1, 1383),
(8294, '162.00', 2, 1383),
(8295, '144.00', 3, 1383),
(8296, '207.00', 4, 1383),
(8297, '207.00', 5, 1383),
(8298, '100.00', 6, 1383),
(8299, '160.00', 1, 1384),
(8300, '144.00', 2, 1384),
(8301, '128.00', 3, 1384),
(8302, '184.00', 4, 1384),
(8303, '184.00', 5, 1384),
(8304, '90.00', 6, 1384),
(8305, '150.00', 1, 1385),
(8306, '135.00', 2, 1385),
(8307, '120.00', 3, 1385),
(8308, '172.00', 4, 1385),
(8309, '172.00', 5, 1385),
(8310, '85.00', 6, 1385),
(8311, '150.00', 1, 1386),
(8312, '135.00', 2, 1386),
(8313, '120.00', 3, 1386),
(8314, '172.00', 4, 1386),
(8315, '172.00', 5, 1386),
(8316, '85.00', 6, 1386),
(8317, '150.00', 1, 1387),
(8318, '135.00', 2, 1387),
(8319, '120.00', 3, 1387),
(8320, '172.00', 4, 1387),
(8321, '172.00', 5, 1387),
(8322, '85.00', 6, 1387),
(8323, '198.00', 1, 1388),
(8324, '178.00', 2, 1388),
(8325, '158.00', 3, 1388),
(8326, '227.00', 4, 1388),
(8327, '227.00', 5, 1388),
(8328, '110.00', 6, 1388),
(8329, '198.00', 1, 1389),
(8330, '178.00', 2, 1389),
(8331, '158.00', 3, 1389),
(8332, '227.00', 4, 1389),
(8333, '227.00', 5, 1389),
(8334, '110.00', 6, 1389),
(8335, '198.00', 1, 1390),
(8336, '178.00', 2, 1390),
(8337, '158.00', 3, 1390),
(8338, '227.00', 4, 1390),
(8339, '227.00', 5, 1390),
(8340, '110.00', 6, 1390),
(8341, '320.00', 1, 1391),
(8342, '288.00', 2, 1391),
(8343, '256.00', 3, 1391),
(8344, '368.00', 4, 1391),
(8345, '368.00', 5, 1391),
(8346, '180.00', 6, 1391),
(8347, '340.00', 1, 1392),
(8348, '306.00', 2, 1392),
(8349, '272.00', 3, 1392),
(8350, '391.00', 4, 1392),
(8351, '391.00', 5, 1392),
(8352, '190.00', 6, 1392),
(8353, '180.00', 1, 1393),
(8354, '162.00', 2, 1393),
(8355, '144.00', 3, 1393),
(8356, '207.00', 4, 1393),
(8357, '207.00', 5, 1393),
(8358, '100.00', 6, 1393),
(8359, '180.00', 1, 1394),
(8360, '162.00', 2, 1394),
(8361, '144.00', 3, 1394),
(8362, '207.00', 4, 1394),
(8363, '207.00', 5, 1394),
(8364, '100.00', 6, 1394),
(8365, '180.00', 1, 1395),
(8366, '162.00', 2, 1395),
(8367, '144.00', 3, 1395),
(8368, '207.00', 4, 1395),
(8369, '207.00', 5, 1395),
(8370, '100.00', 6, 1395),
(8371, '230.00', 1, 1396),
(8372, '207.00', 2, 1396);
INSERT INTO `tipoventa_prenda` (`idTipoVenta_Prenda`, `valor`, `idTipoVenta`, `idPrenda`) VALUES
(8373, '184.00', 3, 1396),
(8374, '264.00', 4, 1396),
(8375, '264.00', 5, 1396),
(8376, '130.00', 6, 1396),
(8377, '288.00', 1, 1397),
(8378, '259.00', 2, 1397),
(8379, '230.00', 3, 1397),
(8380, '331.00', 4, 1397),
(8381, '331.00', 5, 1397),
(8382, '160.00', 6, 1397),
(8383, '180.00', 1, 1398),
(8384, '162.00', 2, 1398),
(8385, '144.00', 3, 1398),
(8386, '207.00', 4, 1398),
(8387, '207.00', 5, 1398),
(8388, '100.00', 6, 1398),
(8389, '180.00', 1, 1399),
(8390, '162.00', 2, 1399),
(8391, '144.00', 3, 1399),
(8392, '207.00', 4, 1399),
(8393, '207.00', 5, 1399),
(8394, '100.00', 6, 1399),
(8395, '180.00', 1, 1400),
(8396, '162.00', 2, 1400),
(8397, '144.00', 3, 1400),
(8398, '207.00', 4, 1400),
(8399, '207.00', 5, 1400),
(8400, '100.00', 6, 1400),
(8401, '180.00', 1, 1401),
(8402, '162.00', 2, 1401),
(8403, '144.00', 3, 1401),
(8404, '207.00', 4, 1401),
(8405, '207.00', 5, 1401),
(8406, '100.00', 6, 1401),
(8407, '540.00', 1, 1402),
(8408, '486.00', 2, 1402),
(8409, '432.00', 3, 1402),
(8410, '621.00', 4, 1402),
(8411, '621.00', 5, 1402),
(8412, '300.00', 6, 1402),
(8413, '540.00', 1, 1403),
(8414, '486.00', 2, 1403),
(8415, '432.00', 3, 1403),
(8416, '621.00', 4, 1403),
(8417, '621.00', 5, 1403),
(8418, '300.00', 6, 1403),
(8419, '180.00', 1, 1404),
(8420, '162.00', 2, 1404),
(8421, '144.00', 3, 1404),
(8422, '207.00', 4, 1404),
(8423, '207.00', 5, 1404),
(8424, '100.00', 6, 1404),
(8425, '260.00', 1, 1405),
(8426, '234.00', 2, 1405),
(8427, '208.00', 3, 1405),
(8428, '299.00', 4, 1405),
(8429, '299.00', 5, 1405),
(8430, '150.00', 6, 1405),
(8431, '215.00', 1, 1406),
(8432, '193.00', 2, 1406),
(8433, '172.00', 3, 1406),
(8434, '247.00', 4, 1406),
(8435, '247.00', 5, 1406),
(8436, '120.00', 6, 1406),
(8437, '490.00', 1, 1407),
(8438, '441.00', 2, 1407),
(8439, '392.00', 3, 1407),
(8440, '563.00', 4, 1407),
(8441, '563.00', 5, 1407),
(8442, '270.00', 6, 1407),
(8443, '400.00', 1, 1408),
(8444, '360.00', 2, 1408),
(8445, '320.00', 3, 1408),
(8446, '460.00', 4, 1408),
(8447, '460.00', 5, 1408),
(8448, '220.00', 6, 1408),
(8449, '400.00', 1, 1409),
(8450, '360.00', 2, 1409),
(8451, '320.00', 3, 1409),
(8452, '460.00', 4, 1409),
(8453, '460.00', 5, 1409),
(8454, '230.00', 6, 1409),
(8455, '420.00', 1, 1410),
(8456, '378.00', 2, 1410),
(8457, '336.00', 3, 1410),
(8458, '483.00', 4, 1410),
(8459, '483.00', 5, 1410),
(8460, '210.00', 6, 1410),
(8461, '420.00', 1, 1411),
(8462, '378.00', 2, 1411),
(8463, '336.00', 3, 1411),
(8464, '483.00', 4, 1411),
(8465, '483.00', 5, 1411),
(8466, '230.00', 6, 1411),
(8467, '410.00', 1, 1412),
(8468, '369.00', 2, 1412),
(8469, '328.00', 3, 1412),
(8470, '471.00', 4, 1412),
(8471, '471.00', 5, 1412),
(8472, '200.00', 6, 1412),
(8473, '410.00', 1, 1413),
(8474, '369.00', 2, 1413),
(8475, '328.00', 3, 1413),
(8476, '471.00', 4, 1413),
(8477, '471.00', 5, 1413),
(8478, '200.00', 6, 1413),
(8479, '320.00', 1, 1414),
(8480, '288.00', 2, 1414),
(8481, '256.00', 3, 1414),
(8482, '368.00', 4, 1414),
(8483, '368.00', 5, 1414),
(8484, '177.00', 6, 1414),
(8485, '320.00', 1, 1415),
(8486, '288.00', 2, 1415),
(8487, '256.00', 3, 1415),
(8488, '368.00', 4, 1415),
(8489, '368.00', 5, 1415),
(8490, '177.00', 6, 1415),
(8491, '320.00', 1, 1416),
(8492, '288.00', 2, 1416),
(8493, '256.00', 3, 1416),
(8494, '368.00', 4, 1416),
(8495, '368.00', 5, 1416),
(8496, '177.00', 6, 1416),
(8497, '540.00', 1, 1417),
(8498, '486.00', 2, 1417),
(8499, '432.00', 3, 1417),
(8500, '621.00', 4, 1417),
(8501, '621.00', 5, 1417),
(8502, '300.00', 6, 1417),
(8503, '450.00', 1, 1418),
(8504, '405.00', 2, 1418),
(8505, '360.00', 3, 1418),
(8506, '517.00', 4, 1418),
(8507, '517.00', 5, 1418),
(8508, '250.00', 6, 1418),
(8509, '390.00', 1, 1419),
(8510, '351.00', 2, 1419),
(8511, '312.00', 3, 1419),
(8512, '448.00', 4, 1419),
(8513, '448.00', 5, 1419),
(8514, '215.00', 6, 1419),
(8515, '260.00', 1, 1420),
(8516, '234.00', 2, 1420),
(8517, '208.00', 3, 1420),
(8518, '299.00', 4, 1420),
(8519, '299.00', 5, 1420),
(8520, '160.00', 6, 1420),
(8521, '260.00', 1, 1421),
(8522, '234.00', 2, 1421),
(8523, '208.00', 3, 1421),
(8524, '299.00', 4, 1421),
(8525, '299.00', 5, 1421),
(8526, '160.00', 6, 1421),
(8527, '598.00', 1, 1422),
(8528, '538.00', 2, 1422),
(8529, '478.00', 3, 1422),
(8530, '687.00', 4, 1422),
(8531, '687.00', 5, 1422),
(8532, '340.00', 6, 1422),
(8533, '290.00', 1, 1423),
(8534, '261.00', 2, 1423),
(8535, '232.00', 3, 1423),
(8536, '333.00', 4, 1423),
(8537, '333.00', 5, 1423),
(8538, '160.00', 6, 1423),
(8539, '290.00', 1, 1424),
(8540, '261.00', 2, 1424),
(8541, '232.00', 3, 1424),
(8542, '333.00', 4, 1424),
(8543, '333.00', 5, 1424),
(8544, '145.00', 6, 1424),
(8545, '290.00', 1, 1425),
(8546, '261.00', 2, 1425),
(8547, '232.00', 3, 1425),
(8548, '333.00', 4, 1425),
(8549, '333.00', 5, 1425),
(8550, '145.00', 6, 1425),
(8551, '290.00', 1, 1426),
(8552, '261.00', 2, 1426),
(8553, '232.00', 3, 1426),
(8554, '333.00', 4, 1426),
(8555, '333.00', 5, 1426),
(8556, '145.00', 6, 1426),
(8557, '340.00', 1, 1427),
(8558, '306.00', 2, 1427),
(8559, '272.00', 3, 1427),
(8560, '391.00', 4, 1427),
(8561, '391.00', 5, 1427),
(8562, '190.00', 6, 1427),
(8563, '220.00', 1, 1428),
(8564, '198.00', 2, 1428),
(8565, '176.00', 3, 1428),
(8566, '253.00', 4, 1428),
(8567, '253.00', 5, 1428),
(8568, '115.00', 6, 1428),
(8569, '220.00', 1, 1429),
(8570, '198.00', 2, 1429),
(8571, '176.00', 3, 1429),
(8572, '253.00', 4, 1429),
(8573, '253.00', 5, 1429),
(8574, '115.00', 6, 1429),
(8575, '220.00', 1, 1430),
(8576, '198.00', 2, 1430),
(8577, '176.00', 3, 1430),
(8578, '253.00', 4, 1430),
(8579, '253.00', 5, 1430),
(8580, '115.00', 6, 1430),
(8581, '220.00', 1, 1431),
(8582, '198.00', 2, 1431),
(8583, '176.00', 3, 1431),
(8584, '253.00', 4, 1431),
(8585, '253.00', 5, 1431),
(8586, '115.00', 6, 1431),
(8587, '220.00', 1, 1432),
(8588, '198.00', 2, 1432),
(8589, '176.00', 3, 1432),
(8590, '253.00', 4, 1432),
(8591, '253.00', 5, 1432),
(8592, '115.00', 6, 1432),
(8593, '220.00', 1, 1433),
(8594, '198.00', 2, 1433),
(8595, '176.00', 3, 1433),
(8596, '253.00', 4, 1433),
(8597, '253.00', 5, 1433),
(8598, '115.00', 6, 1433),
(8599, '220.00', 1, 1434),
(8600, '198.00', 2, 1434),
(8601, '176.00', 3, 1434),
(8602, '253.00', 4, 1434),
(8603, '253.00', 5, 1434),
(8604, '115.00', 6, 1434),
(8605, '220.00', 1, 1435),
(8606, '198.00', 2, 1435),
(8607, '176.00', 3, 1435),
(8608, '253.00', 4, 1435),
(8609, '253.00', 5, 1435),
(8610, '115.00', 6, 1435);

-- --------------------------------------------------------

--
-- Estructura de tabla para la tabla `venta`
--

CREATE TABLE IF NOT EXISTS `venta` (
  `idVenta` int(11) NOT NULL AUTO_INCREMENT,
  `estado` varchar(1) DEFAULT NULL,
  `idCliente` int(11) NOT NULL,
  `idVendedor` int(11) NOT NULL,
  `precioVenta` double NOT NULL,
  `entregaCliente` double NOT NULL,
  `condicionVentaGeneral` int(1) NOT NULL,
  `fechaVenta` timestamp NOT NULL DEFAULT CURRENT_TIMESTAMP ON UPDATE CURRENT_TIMESTAMP,
  PRIMARY KEY (`idVenta`),
  KEY `fk_Venta_Persona1_idx` (`idCliente`),
  KEY `fk_Venta_Persona2_idx` (`idVendedor`)
) ENGINE=InnoDB  DEFAULT CHARSET=utf8 AUTO_INCREMENT=24 ;

--
-- Volcado de datos para la tabla `venta`
--

INSERT INTO `venta` (`idVenta`, `estado`, `idCliente`, `idVendedor`, `precioVenta`, `entregaCliente`, `condicionVentaGeneral`, `fechaVenta`) VALUES
(1, 'V', 4, 1, 260, 260, 0, '2014-07-17 05:16:50'),
(2, 'V', 29, 5, 300, 300, 0, '2014-08-09 11:38:30'),
(3, 'V', 29, 3, 506, 506, 0, '2014-08-09 11:42:23'),
(4, 'V', 29, 3, 250, 250, 0, '2014-08-09 11:44:04'),
(5, 'V', 29, 3, 560, 560, 0, '2014-08-28 15:31:14'),
(6, 'V', 32, 5, 827, 827, 0, '2014-08-28 15:38:39'),
(7, 'V', 29, 3, 356, 356, 0, '2014-08-28 15:40:06'),
(8, 'V', 29, 3, 250, 250, 0, '2014-08-28 15:42:12'),
(9, 'V', 29, 3, 376, 376, 0, '2014-08-28 15:43:49'),
(10, 'V', 29, 5, 312, 312, 0, '2014-08-28 04:00:07'),
(11, 'V', 29, 5, 398, 398, 0, '2014-08-28 04:02:09'),
(12, 'V', 29, 3, 500, 500, 0, '2014-08-28 04:03:01'),
(13, 'V', 29, 3, 300, 300, 0, '2014-08-28 04:04:16'),
(14, 'V', 29, 3, 498, 498, 0, '2014-08-28 04:05:03'),
(15, 'V', 29, 5, 357, 357, 0, '2014-08-28 04:06:20'),
(16, 'V', 29, 5, 299, 299, 0, '2014-08-28 04:07:35'),
(17, 'V', 29, 5, 65, 65, 0, '2014-08-28 04:08:32'),
(18, 'V', 33, 1, 698, 698, 0, '2014-08-28 04:46:38'),
(19, 'V', 29, 3, 340, 340, 0, '2014-08-28 04:48:05'),
(20, 'V', 29, 3, 298, 298, 0, '2014-08-28 04:49:20'),
(21, 'V', 34, 3, 1193, 500, 0, '2014-09-06 15:57:40'),
(22, 'V', 2, 3, 220, 220, 1, '2014-11-20 11:07:37'),
(23, 'V', 34, 3, 220, 220, 1, '2014-12-04 10:28:36');

-- --------------------------------------------------------

--
-- Estructura de tabla para la tabla `venta_renglon`
--

CREATE TABLE IF NOT EXISTS `venta_renglon` (
  `idVentaRenglon` int(11) NOT NULL AUTO_INCREMENT,
  `idVenta` int(11) NOT NULL,
  `idPrenda` int(11) NOT NULL,
  `cantidadPrenda` int(11) NOT NULL,
  `idTipoVenta` int(11) NOT NULL,
  `precioVendido` double NOT NULL,
  `estado` varchar(1) NOT NULL DEFAULT 'V',
  PRIMARY KEY (`idVentaRenglon`),
  KEY `fk_Venta_Renglon1_idx` (`idVenta`),
  KEY `fk_Venta_Renglon2_idx` (`idPrenda`),
  KEY `fk_Venta_Renglon3_idx` (`idTipoVenta`)
) ENGINE=InnoDB  DEFAULT CHARSET=utf8 AUTO_INCREMENT=26 ;

--
-- Volcado de datos para la tabla `venta_renglon`
--

INSERT INTO `venta_renglon` (`idVentaRenglon`, `idVenta`, `idPrenda`, `cantidadPrenda`, `idTipoVenta`, `precioVendido`, `estado`) VALUES
(1, 2, 185, 1, 1, 300, 'V'),
(2, 3, 292, 1, 5, 506, 'V'),
(3, 4, 253, 1, 1, 250, 'V'),
(4, 5, 479, 1, 1, 560, 'V'),
(5, 6, 716, 1, 5, 402, 'V'),
(6, 6, 723, 1, 5, 425, 'V'),
(7, 7, 238, 1, 5, 356, 'V'),
(8, 8, 770, 1, 1, 250, 'V'),
(9, 9, 744, 1, 1, 376, 'V'),
(10, 10, 648, 1, 1, 312, 'V'),
(11, 11, 736, 1, 1, 398, 'V'),
(12, 12, 279, 1, 1, 500, 'V'),
(13, 13, 542, 1, 1, 300, 'V'),
(14, 14, 391, 1, 1, 498, 'V'),
(15, 15, 195, 1, 5, 357, 'V'),
(16, 16, 205, 1, 5, 299, 'V'),
(17, 17, 560, 1, 1, 65, 'V'),
(18, 18, 522, 1, 5, 241, 'V'),
(19, 18, 735, 1, 5, 457, 'V'),
(20, 19, 545, 1, 1, 340, 'V'),
(21, 20, 381, 1, 1, 298, 'V'),
(22, 21, 421, 1, 4, 572, 'V'),
(23, 21, 1138, 1, 4, 621, 'V'),
(24, 22, 1434, 1, 1, 220, 'V'),
(25, 23, 1435, 1, 1, 220, 'V');

--
-- Restricciones para tablas volcadas
--

--
-- Filtros para la tabla `entrega`
--
ALTER TABLE `entrega`
  ADD CONSTRAINT `fk_Entrega_Persona1` FOREIGN KEY (`idCliente`) REFERENCES `persona` (`idPersona`) ON DELETE NO ACTION ON UPDATE NO ACTION,
  ADD CONSTRAINT `fk_Entrega_Persona2` FOREIGN KEY (`idVendedor`) REFERENCES `persona` (`idPersona`) ON DELETE NO ACTION ON UPDATE NO ACTION;

--
-- Filtros para la tabla `gasto`
--
ALTER TABLE `gasto`
  ADD CONSTRAINT `gasto_ibfk_1` FOREIGN KEY (`idEmpresaGasto`) REFERENCES `empresa` (`idEmpresa`),
  ADD CONSTRAINT `gasto_ibfk_2` FOREIGN KEY (`idProveedorGasto`) REFERENCES `proveedor` (`idProveedor`),
  ADD CONSTRAINT `gasto_ibfk_3` FOREIGN KEY (`idEmpresaGasto`) REFERENCES `empresa` (`idEmpresa`),
  ADD CONSTRAINT `gasto_ibfk_4` FOREIGN KEY (`idProveedorGasto`) REFERENCES `proveedor` (`idProveedor`);

--
-- Filtros para la tabla `prenda`
--
ALTER TABLE `prenda`
  ADD CONSTRAINT `fk_Prenda_Color` FOREIGN KEY (`idColorPrenda`) REFERENCES `color` (`idColor`) ON DELETE NO ACTION ON UPDATE NO ACTION,
  ADD CONSTRAINT `fk_Prenda_Empresa1` FOREIGN KEY (`idEmpresaPrenda`) REFERENCES `empresa` (`idEmpresa`) ON DELETE NO ACTION ON UPDATE NO ACTION,
  ADD CONSTRAINT `fk_Prenda_Estacion1` FOREIGN KEY (`idEstacionPrenda`) REFERENCES `estacion` (`idEstacion`) ON DELETE NO ACTION ON UPDATE NO ACTION,
  ADD CONSTRAINT `fk_Prenda_Estampado1` FOREIGN KEY (`idEstampadoPrenda`) REFERENCES `estampado` (`idEstampado`) ON DELETE NO ACTION ON UPDATE NO ACTION,
  ADD CONSTRAINT `fk_Prenda_Marca1` FOREIGN KEY (`idMarcaPrenda`) REFERENCES `marca` (`idMarca`) ON DELETE NO ACTION ON UPDATE NO ACTION,
  ADD CONSTRAINT `fk_Prenda_Proveedor1` FOREIGN KEY (`idProveedorPrenda`) REFERENCES `proveedor` (`idProveedor`) ON DELETE NO ACTION ON UPDATE NO ACTION,
  ADD CONSTRAINT `fk_Prenda_Talle1` FOREIGN KEY (`idTallePrenda`) REFERENCES `talle` (`idTalle`) ON DELETE NO ACTION ON UPDATE NO ACTION,
  ADD CONSTRAINT `fk_Prenda_Tela1` FOREIGN KEY (`idTelaPrenda`) REFERENCES `tela` (`idTela`) ON DELETE NO ACTION ON UPDATE NO ACTION;

--
-- Filtros para la tabla `tipoventa_prenda`
--
ALTER TABLE `tipoventa_prenda`
  ADD CONSTRAINT `fk_TipoVent_Prenda1` FOREIGN KEY (`idPrenda`) REFERENCES `prenda` (`idPrenda`) ON DELETE NO ACTION ON UPDATE NO ACTION,
  ADD CONSTRAINT `fk_TipoVent_TipoVenta1` FOREIGN KEY (`idTipoVenta`) REFERENCES `tipoventa` (`idTipoVenta`) ON DELETE NO ACTION ON UPDATE NO ACTION;

--
-- Filtros para la tabla `venta`
--
ALTER TABLE `venta`
  ADD CONSTRAINT `fk_Venta_Persona1` FOREIGN KEY (`idCliente`) REFERENCES `persona` (`idPersona`) ON DELETE NO ACTION ON UPDATE NO ACTION,
  ADD CONSTRAINT `fk_Venta_Persona2` FOREIGN KEY (`idVendedor`) REFERENCES `persona` (`idPersona`) ON DELETE NO ACTION ON UPDATE NO ACTION;

--
-- Filtros para la tabla `venta_renglon`
--
ALTER TABLE `venta_renglon`
  ADD CONSTRAINT `fk_Venta_Renglon1` FOREIGN KEY (`idVenta`) REFERENCES `venta` (`idVenta`) ON DELETE NO ACTION ON UPDATE NO ACTION,
  ADD CONSTRAINT `fk_Venta_Renglon2` FOREIGN KEY (`idPrenda`) REFERENCES `prenda` (`idPrenda`) ON DELETE NO ACTION ON UPDATE NO ACTION,
  ADD CONSTRAINT `fk_Venta_Renglon3` FOREIGN KEY (`idTipoVenta`) REFERENCES `tipoventa` (`idTipoVenta`) ON DELETE NO ACTION ON UPDATE NO ACTION;

/*!40101 SET CHARACTER_SET_CLIENT=@OLD_CHARACTER_SET_CLIENT */;
/*!40101 SET CHARACTER_SET_RESULTS=@OLD_CHARACTER_SET_RESULTS */;
/*!40101 SET COLLATION_CONNECTION=@OLD_COLLATION_CONNECTION */;
